//logFile.txt sequence of laser scans
//points_per_iteration angle_min angle_max angle_increment (rad)
682 -2.094395103 2.094395103 0.006141921
//2 time(sec) number_of_points range_p1 range_p2 ... range_pn (m)
2 0 682 0 0 0 0 0 0 0 0 0 0 0 0 0 0 0 0 0 0 0 0 0 0 0 0 0 0 0 0 0 0 0 0 0 0 0 0 0 0 0 0 0 0 0.931 0.926 0.921 0.92 0.919 0.915 0.914 0.914 0.899 0.894 0.878 0.878 0.878 0.878 0.877 0.877 0.876 0.859 0.857 0.857 0.857 0.857 0.862 0 0 0 0 0 0 0 0 0 0 0 0 0 0 0 0 0 0 0 0 0 0 0 0 0 0 0 0 0 0 0 0 0 0 0 0 0 0 0 0 0 2.655 2.655 2.655 0 0 0 0 0 0 0 0 0 0 2.015 2.006 2.006 2.006 2.009 2.012 2.014 2.02 2.021 2.024 2.026 2.031 2.037 2.037 2.041 2.041 2.052 2.056 2.063 2.063 2.066 2.067 2.074 2.084 2.088 2.088 2.091 2.097 2.113 2.133 2.784 2.794 2.804 2.807 2.818 2.823 2.83 2.843 2.844 2.861 2.863 2.87 2.884 2.922 2.922 2.928 2.928 2.931 2.942 2.96 2.965 2.966 0 0 0 0 0 0 0 0 0 0 0 0 0 0 0 0 0 0 0 0 0 0 0 0 0 0 0 0 0 0 0 0 0 0 0 0 0 0 2.7 2.7 2.7 2.724 2.733 2.749 2.773 2.801 2.821 2.834 2.854 2.872 2.889 2.922 2.931 2.955 3.066 0 0 0 0 0 0 0 0 0 0 0 0 0 0 0 0 0 0 0 0 0 0 0 0 0 0 0 0 0 0 0 0 0 0 0 0 0 0 0 0 0 0 0 0 0 0 0 0 0 0 0 0 0 0 0 0 0 0 0 0 0 0 0 0 0 0 0 0 0 0 0 0 0 0 0 0 0 0 0 0 0 0 0 0 0 0 0 0 0 0 0 0 0 0 0 0 0 0 4.884 4.863 4.863 4.859 4.849 3.851 3.851 3.851 3.86 3.877 0 0 0 0 0 4.793 3.832 3.826 3.826 3.826 4.781 4.791 4.793 4.793 4.799 0 0 0 0 0 0 0 0 0 0 0 0 0 0 0 0 0 0 0 0 0 0 0 0 0 0 0 0 0 0 0 0 0 0 0 0 0 0 0 0 0 0 0 0 0 0 0 0 0 0 0 0 1.253 1.243 1.243 1.243 1.245 1.245 1.253 1.27 1.27 1.27 1.26 1.254 1.254 1.246 1.226 1.218 1.188 1.177 1.15 1.136 1.118 1.098 1.086 1.07 1.049 1.035 1.018 1.003 1 0.979 0.97 0.962 0.946 0.946 0.928 0.916 0.907 0.897 0.889 0.878 0.87 0.87 0.854 0.851 0.851 0.851 0.854 0.862 0.868 0.87 0.878 0.882 0.886 0.886 0.889 0.891 0.897 0.897 0.902 0.909 0.914 0.914 0.92 0.93 0.93 0.93 0.93 0.93 0.954 0.958 0.964 0.966 0.975 0.975 0.975 0.969 0.966 0.966 0.966 0.96 0.952 0.928 0.928 0.925 0.922 0.919 0.918 0.899 0.892 0.89 0.887 0.879 0.877 0.873 0.862 0.857 0.85 0.847 0.842 0.839 0.835 0.83 0.827 0.824 0.822 0.808 0.806 0.799 0.797 0.795 0.795 0.788 0.784 0.782 0.775 0.774 0.769 0.767 0.764 0.76 0.755 0.755 0.75 0.748 0.746 0.744 0.743 0.741 0.734 0.732 0.728 0.719 0.719 0.714 0.714 0.71 0.709 0.705 0.705 0.702 0.698 0.698 0.696 0.695 0.693 0.69 0.685 0.682 0.682 0.682 0.682 0.682 0.677 0.677 0.677 0.675 0.67 0.669 0.667 0.667 0.666 0.666 0.667 0.666 0.66 0.66 0.661 0.661 0.661 0.661 0.661 0.662 0.662 0.662 0.666 0.668 0.666 0.666 0.667 0.666 0.666 0.667 0.671 0.674 0.674 0.677 0.677 0.678 0.68 0.68 0.68 0.682 0.682 0.685 0.693 0.693 0.69 0.69 0.689 0.687 0.687 0.687 0.686 0.686 0.687 0.686 0.687 0.687 0.687 0.689 0.689 0.683 0.686 0.683 0.683 0.682 0.686 0.686 0.686 0.678 0.675 0.675 0.67 0.67 0.67 0.667 0.658 0.667 0.661 0.661 0.661 0.661 0.661 0.661 0.66 0.658 0.66 0.659 0.659 0.66 0.661 0.661 0.661 0.661 0.661 0.661 0.661 0.663 0.67 0.67 0.671 0.676 0.676 0.677 0.68 0.683 0.688 0.688 0.689 0.689 0.699 0.703 1.298 1.302 1.304 1.304 1.306 1.314 1.316 1.316 1.318 1.324 1.325 1.333 1.336 1.336 1.336 1.338 1.345 1.359 1.363
2 0.097032 682 0 0 0 0 0 0 0 0 0 0 0 0 0 0 0 0 0 0 0 0 0 0 0 0 0 0 0 0 0 0 0 0 0 0 0 0 0 0 0 0 0 0 0 0.92 0.92 0.918 0.912 0.911 0.905 0.904 0.898 0.89 0.885 0.881 0.879 0.879 0.879 0.874 0.87 0.86 0.859 0.859 0.85 0.85 0.854 0 0 0 0 0 0 0 0 0 0 0 0 0 0 0 0 0 0 0 0 0 0 0 0 0 0 0 0 0 0 0 0 0 0 0 0 0 0 0 0 0 0 0 0 0 0 0 0 0 0 0 0 0 0 2.01 2.004 2.004 2.004 2.007 2.016 2.016 2.016 2.018 2.023 2.025 2.033 2.035 2.037 2.038 2.045 2.056 2.059 2.068 2.068 2.068 2.073 2.075 2.086 2.09 2.098 2.099 2.109 2.115 2.12 2.784 2.794 2.807 2.816 2.82 2.82 2.831 2.836 2.848 2.856 2.862 2.875 2.881 2.923 2.923 2.924 2.924 2.924 2.941 2.96 2.973 2.982 0 0 0 0 0 0 0 0 0 0 0 0 0 0 0 0 0 0 0 0 0 0 0 0 0 0 0 0 0 0 0 0 0 0 0 0 0 0 2.707 2.707 2.707 2.723 2.742 2.76 2.766 2.801 2.815 2.837 2.861 2.868 2.887 2.918 2.93 2.955 3.059 0 0 0 0 0 0 0 0 0 0 0 0 0 0 0 0 0 0 0 0 0 0 0 0 0 0 0 0 0 0 0 0 0 0 0 0 0 0 0 0 0 0 0 0 0 0 0 0 0 0 0 0 0 0 0 0 0 0 0 0 0 0 0 0 0 0 0 0 0 0 0 0 0 0 0 0 0 0 0 0 0 0 0 0 0 0 0 0 0 0 0 0 0 0 0 0 0 0 4.87 4.864 4.864 4.862 4.85 3.852 3.852 3.852 3.863 3.888 0 0 0 0 0 4.796 3.825 3.816 3.816 3.816 4.793 4.793 4.793 4.793 4.793 0 0 0 0 0 0 0 0 0 0 0 0 0 0 0 0 0 0 0 0 0 0 0 0 0 0 0 0 0 0 0 0 0 0 0 0 0 0 0 0 0 0 0 0 0 0 0 0 0 0 0 0 1.254 1.252 1.25 1.25 1.252 1.252 1.254 1.263 1.263 1.263 1.262 1.261 1.253 1.236 1.22 1.203 1.191 1.175 1.157 1.145 1.114 1.101 1.086 1.065 1.047 1.035 1.025 1.008 0.991 0.975 0.967 0.954 0.953 0.946 0.93 0.915 0.907 0.891 0.886 0.876 0.873 0.867 0.859 0.859 0.859 0.86 0.86 0.863 0.865 0.866 0.867 0.877 0.882 0.885 0.888 0.888 0.892 0.902 0.902 0.908 0.918 0.919 0.927 0.928 0.928 0.927 0.932 0.936 0.949 0.956 0.962 0.972 0.979 0.979 0.979 0.968 0.965 0.965 0.965 0.965 0.949 0.94 0.93 0.923 0.915 0.907 0.901 0.899 0.899 0.898 0.893 0.878 0.873 0.869 0.862 0.862 0.853 0.852 0.845 0.843 0.83 0.829 0.826 0.822 0.82 0.816 0.805 0.805 0.797 0.792 0.792 0.792 0.787 0.782 0.779 0.775 0.772 0.772 0.76 0.759 0.759 0.748 0.748 0.748 0.745 0.745 0.736 0.734 0.734 0.728 0.727 0.725 0.725 0.723 0.715 0.704 0.704 0.704 0.704 0.704 0.703 0.7 0.699 0.699 0.695 0.69 0.686 0.681 0.681 0.681 0.686 0.686 0.686 0.672 0.669 0.669 0.667 0.666 0.667 0.668 0.664 0.664 0.662 0.662 0.657 0.658 0.662 0.663 0.661 0.662 0.663 0.663 0.662 0.662 0.663 0.663 0.664 0.664 0.664 0.664 0.664 0.663 0.675 0.678 0.675 0.675 0.675 0.674 0.674 0.676 0.676 0.683 0.683 0.684 0.686 0.689 0.689 0.691 0.69 0.691 0.69 0.69 0.685 0.684 0.684 0.685 0.686 0.686 0.686 0.684 0.684 0.684 0.684 0.684 0.684 0.681 0.681 0.681 0.68 0.677 0.677 0.674 0.67 0.668 0.664 0.661 0.661 0.661 0.661 0.661 0.661 0.656 0.656 0.656 0.658 0.658 0.658 0.658 0.66 0.656 0.66 0.663 0.663 0.662 0.663 0.663 0.663 0.666 0.669 0.672 0.669 0.673 0.675 0.676 0.682 0.687 0.687 0.687 0.688 0.688 0.692 0.698 1.296 1.296 1.309 1.309 1.31 1.31 1.311 1.315 1.315 1.316 1.33 1.336 1.338 1.338 1.338 1.342 1.342 1.357 1.363
2 0.19604 682 0 0 0 0 0 0 0 0 0 0 0 0 0 0 0 0 0 0 0 0 0 0 0 0 0 0 0 0 0 0 0 0 0 0 0 0 0 0 0 0 0 0 0.931 0.928 0.924 0.919 0.912 0.911 0.91 0.909 0.887 0.887 0.886 0.882 0.881 0.879 0.879 0.879 0.874 0.868 0.853 0.853 0.853 0.853 0.864 0 0 0 0 0 0 0 0 0 0 0 0 0 0 0 0 0 0 0 0 0 0 0 0 0 0 0 0 0 0 0 0 0 0 0 0 0 0 0 0 0 0 0 0 0 0 0 0 0 0 0 0 0 0 2.009 2.005 2.005 2.005 2.009 2.014 2.017 2.02 2.021 2.022 2.023 2.039 2.04 2.04 2.04 2.041 2.053 2.06 2.061 2.063 2.072 2.072 2.08 2.084 2.089 2.09 2.096 2.108 2.108 2.125 2.777 2.794 2.798 2.804 2.819 2.821 2.821 2.838 2.841 2.849 2.859 2.875 2.886 2.914 2.915 2.924 2.932 2.936 2.947 2.959 2.963 2.975 0 0 0 0 0 0 0 0 0 0 0 0 0 0 0 0 0 0 0 0 0 0 0 0 0 0 0 0 0 0 0 0 0 0 0 0 0 0 2.7 2.7 2.7 2.73 2.743 2.761 2.785 2.794 2.816 2.839 2.859 2.868 2.892 2.923 2.932 2.948 3.083 0 0 0 0 0 0 0 0 0 0 0 0 0 0 0 0 0 0 0 0 0 0 0 0 0 0 0 0 0 0 0 0 0 0 0 0 0 0 0 0 0 0 0 0 0 0 0 0 0 0 0 0 0 0 0 0 0 0 0 0 0 0 0 0 0 0 0 0 0 0 0 0 0 0 0 0 0 0 0 0 0 0 0 0 0 0 0 0 0 0 0 0 0 0 0 0 0 0 4.865 4.859 4.859 4.855 4.854 3.862 3.862 3.862 3.863 3.893 0 0 0 0 0 4.794 3.827 3.819 3.819 3.819 4.79 4.791 4.791 4.791 4.791 0 0 0 0 0 0 0 0 0 0 0 0 0 0 0 0 0 0 0 0 0 0 0 0 0 0 0 0 0 0 0 0 0 0 0 0 0 0 0 0 0 0 0 0 0 0 0 0 0 0 0 0 1.25 1.25 1.25 1.25 1.251 1.254 1.255 1.263 1.263 1.263 1.268 1.258 1.246 1.244 1.233 1.198 1.198 1.176 1.161 1.139 1.12 1.105 1.08 1.064 1.044 1.026 1.024 1.005 1 0.976 0.969 0.956 0.954 0.938 0.928 0.911 0.902 0.901 0.88 0.877 0.874 0.863 0.856 0.853 0.853 0.853 0.857 0.862 0.864 0.87 0.874 0.877 0.878 0.88 0.889 0.897 0.897 0.898 0.9 0.911 0.914 0.915 0.921 0.925 0.925 0.928 0.931 0.931 0.955 0.962 0.966 0.968 0.976 0.976 0.976 0.975 0.958 0.958 0.958 0.956 3.864 0 0.926 0.924 0.922 0.91 0.899 0.898 0.891 0.889 0.884 0.878 0.876 0.874 0.864 0.86 0.851 0.849 0.84 0.837 0.837 0.836 0.824 0.823 0.821 0.812 0.809 0.806 0.799 0.791 0.791 0.79 0.786 0.788 0.783 0.776 0.772 0.771 0.763 0.763 0.755 0.753 0.749 0.749 0.744 0.74 0.74 0.737 0.733 0.728 0.728 0.722 0.72 0.719 0.719 0.712 0.71 0.709 0.704 0.704 0.699 0.698 0.695 0.693 0.689 0.689 0.688 0.685 0.683 0.685 0.685 0.685 0.68 0.675 0.673 0.671 0.671 0.667 0.664 0.664 0.664 0.662 0.662 0.662 0.662 0.662 0.66 0.66 0.66 0.66 0.66 0.66 0.66 0.659 0.666 0.663 0.666 0.663 0.663 0.663 0.663 0.663 0.671 0.671 0.676 0.68 0.68 0.681 0.681 0.68 0.68 0.681 0.681 0.682 0.687 0.687 0.687 0.687 0.687 0.693 0.686 0.691 0.691 0.691 0.686 0.686 0.686 0.686 0.684 0.684 0.686 0.685 0.686 0.686 0.685 0.685 0.68 0.68 0.68 0.68 0.68 0.677 0.676 0.674 0.668 0.666 0.666 0.666 0.666 0.666 0.664 0.663 0.663 0.663 0.662 0.662 0.66 0.66 0.658 0.66 0.661 0.661 0.661 0.661 0.662 0.664 0.666 0.666 0.671 0.673 0.675 0.675 0.678 0.679 0.68 0.686 0.688 0.688 0.688 0.689 0.696 0.701 1.284 1.297 1.307 1.307 1.311 1.315 1.316 1.316 1.318 1.318 1.331 1.332 1.337 1.336 1.337 1.342 1.349 1.353 1.357
2 0.29603 682 0 0 0 0 0 0 0 0 0 0 0 0 0 0 0 0 0 0 0 0 0 0 0 0 0 0 0 0 0 0 0 0 0 0 0 0 0 0 0 0 0 0 0 0.93 0.923 0.922 0.919 0.909 0.908 0.907 0.898 0.89 0.881 0.881 0.881 0.88 0.877 0.876 0.873 0.856 0.856 0.852 0.852 0.852 0.854 0.866 0 0 0 0 0 0 0 0 0 0 0 0 0 0 0 0 0 0 0 0 0 0 0 0 0 0 0 0 0 0 0 0 0 0 0 0 0 0 0 0 0 0 0 0 0 0 0 0 0 0 0 0 0 2.014 2.007 2.007 2.007 2.012 2.017 2.019 2.02 2.024 2.025 2.03 2.031 2.032 2.037 2.041 2.048 2.055 2.058 2.06 2.06 2.064 2.064 2.072 2.088 2.09 2.09 2.105 2.106 2.112 2.125 2.763 2.791 2.806 2.806 2.823 2.823 2.825 2.836 2.854 2.858 2.86 2.873 2.884 2.922 2.923 2.929 2.93 2.931 2.948 2.957 2.969 2.97 0 0 0 0 0 0 0 0 0 0 0 0 0 0 0 0 0 0 0 0 0 0 0 0 0 0 0 0 0 0 0 0 0 0 0 0 0 0 2.71 2.71 2.71 2.725 2.742 2.763 2.775 2.797 2.816 2.839 2.848 2.87 2.88 2.929 2.929 2.931 2.948 0 0 0 0 0 0 0 0 0 0 0 0 0 0 0 0 0 0 0 0 0 0 0 0 0 0 0 0 0 0 0 0 0 0 0 0 0 0 0 0 0 0 0 0 0 0 0 0 0 0 0 0 0 0 0 0 0 0 0 0 0 0 0 0 0 0 0 0 0 0 0 0 0 0 0 0 0 0 0 0 0 0 0 0 0 0 0 0 0 0 0 0 0 0 0 0 0 4.88 4.872 4.868 4.868 4.865 4.852 3.854 3.854 3.854 3.866 3.89 0 0 0 0 0 4.802 3.836 3.82 3.82 3.82 4.789 4.795 4.795 4.795 4.797 0 0 0 0 0 0 0 0 0 0 0 0 0 0 0 0 0 0 0 0 0 0 0 0 0 0 0 0 0 0 0 0 0 0 0 0 0 0 0 0 0 0 0 0 0 0 0 0 0 0 0 0 1.25 1.25 1.25 1.25 1.252 1.254 1.261 1.261 1.261 1.261 1.261 1.254 1.251 1.244 1.227 1.21 1.185 1.172 1.165 1.139 1.111 1.096 1.085 1.067 1.053 1.035 1.025 1.005 0.998 0.977 0.966 0.959 0.952 0.943 0.927 0.915 0.907 0.896 0.887 0.877 0.866 0.865 0.856 0.854 0.854 0.854 0.855 0.865 0.865 0.868 0.869 0.874 0.884 0.887 0.887 0.893 0.893 0.908 0.909 0.912 0.913 0.918 0.925 0.927 0.927 0.925 0.931 0.934 0.946 0.962 0.965 0.972 0.974 0.974 0.974 0.97 0.965 0.965 0.965 0.965 0.953 0.928 0.924 0.922 0.922 0.911 0.909 0.9 0.892 0.892 0.881 0.881 0.873 0.864 0.863 0.863 0.852 0.849 0.842 0.839 0.836 0.834 0.83 0.828 0.814 0.813 0.807 0.803 0.802 0.788 0.788 0.788 0.785 0.783 0.777 0.772 0.771 0.771 0.766 0.761 0.759 0.754 0.754 0.746 0.744 0.739 0.739 0.737 0.736 0.727 0.725 0.724 0.719 0.719 0.715 0.713 0.712 0.71 0.71 0.71 0.705 0.697 0.696 0.693 0.687 0.686 0.685 0.68 0.68 0.68 0.683 0.683 0.683 0.672 0.668 0.668 0.667 0.666 0.667 0.667 0.666 0.666 0.667 0.669 0.664 0.662 0.659 0.659 0.659 0.662 0.662 0.666 0.666 0.662 0.666 0.666 0.666 0.668 0.67 0.67 0.672 0.672 0.672 0.673 0.673 0.674 0.676 0.676 0.676 0.681 0.682 0.682 0.682 0.684 0.685 0.685 0.687 0.689 0.687 0.688 0.688 0.689 0.688 0.689 0.689 0.685 0.685 0.685 0.683 0.683 0.683 0.682 0.683 0.682 0.684 0.681 0.678 0.678 0.678 0.677 0.677 0.676 0.676 0.668 0.668 0.668 0.66 0.664 0.663 0.663 0.663 0.664 0.663 0.663 0.661 0.661 0.659 0.659 0.659 0.66 0.66 0.66 0.66 0.66 0.66 0.66 0.66 0.662 0.667 0.669 0.67 0.672 0.679 0.68 0.68 0.681 0.682 0.683 0.683 0.692 0.7 0.704 1.286 1.297 1.299 1.299 1.311 1.312 1.312 1.313 1.313 1.323 1.327 1.33 1.338 1.338 1.338 1.339 1.341 1.356 1.357
2 0.39505 682 0 0 0 0 0 0 0 0 0 0 0 0 0 0 0 0 0 0 0 0 0 0 0 0 0 0 0 0 0 0 0 0 0 0 0 0 0 0 0 0 0 0 0 0.921 0.921 0.919 0.91 0.909 0.909 0.9 0.9 0.886 0.886 0.886 0.881 0.881 0.881 0.878 0.874 0.864 0.861 0.861 0.847 0.847 0.869 0 0 0 0 0 0 0 0 0 0 0 0 0 0 0 0 0 0 0 0 0 0 0 0 0 0 0 0 0 0 0 0 0 0 0 0 0 0 0 0 0 2.658 2.658 2.658 0 0 0 0 0 0 0 0 0 0 2.018 2.003 2.003 2.003 2.012 2.013 2.018 2.02 2.022 2.023 2.024 2.029 2.036 2.04 2.041 2.045 2.051 2.055 2.058 2.063 2.07 2.07 2.079 2.087 2.094 2.097 2.1 2.104 2.108 2.122 2.78 2.802 2.803 2.806 2.81 2.823 2.827 2.84 2.844 2.85 2.858 2.869 2.888 2.916 2.922 2.922 2.929 2.933 2.941 2.958 2.972 2.98 0 0 0 0 0 0 0 0 0 0 0 0 0 0 0 0 0 0 0 0 0 0 0 0 0 0 0 0 0 0 0 0 0 0 0 0 0 0 2.706 2.706 2.706 2.725 2.732 2.757 2.782 2.799 2.827 2.832 2.853 2.86 2.882 2.92 2.94 2.968 0 0 0 0 0 0 0 0 0 0 0 0 0 0 0 0 0 0 0 0 0 0 0 0 0 0 0 0 0 0 0 0 0 0 0 0 0 0 0 0 0 0 0 0 0 0 0 0 0 0 0 0 0 0 0 0 0 0 0 0 0 0 0 0 0 0 0 0 0 0 0 0 0 0 0 0 0 0 0 0 0 0 0 0 0 0 0 0 0 0 0 0 0 0 0 0 0 0 4.871 4.863 4.858 4.858 4.856 4.855 3.853 3.853 3.853 3.868 3.886 0 0 0 0 4.823 4.81 3.832 3.832 3.832 3.833 4.786 4.791 4.794 4.794 4.794 0 0 0 0 0 0 0 0 0 0 0 0 0 0 0 0 0 0 0 0 0 0 0 0 0 0 0 0 0 0 0 0 0 0 0 0 0 0 0 0 0 0 0 0 0 0 0 0 0 0 0 0 1.246 1.246 1.246 1.246 1.247 1.252 1.255 1.263 1.263 1.263 1.263 1.263 1.253 1.25 1.226 1.206 1.189 1.173 1.155 1.138 1.125 1.098 1.086 1.066 1.054 1.033 1.022 1.008 0.986 0.978 0.973 0.965 0.949 0.938 0.922 0.912 0.91 0.9 0.891 0.873 0.87 0.864 0.861 0.857 0.856 0.856 0.857 0.863 0.866 0.868 0.873 0.876 0.887 0.89 0.891 0.891 0.892 0.901 0.904 0.91 0.915 0.922 0.923 0.928 0.928 0.933 0.934 0.94 0.954 0.956 0.964 0.975 0.977 0.975 0.975 0.969 0.964 0.964 0.964 0.964 0.947 0.936 0.931 0.923 0.921 0.904 0.9 0.898 0.89 0.889 0.887 0.886 0.874 0.869 0.86 0.859 0.85 0.848 0.844 0.843 0.831 0.828 0.828 0.827 0.824 0.815 0.805 0.805 0.802 0.796 0.79 0.79 0.788 0.785 0.774 0.774 0.774 0.774 0.764 0.764 0.763 0.755 0.752 0.746 0.744 0.743 0.739 0.736 0.733 0.726 0.722 0.722 0.722 0.717 0.713 0.711 0.707 0.705 0.705 0.704 0.704 0.703 0.698 0.693 0.69 0.685 0.685 0.683 0.685 0.685 0.685 0.684 0.684 0.677 0.677 0.675 0.67 0.669 0.669 0.667 0.667 0.667 0.667 0.667 0.659 0.659 0.661 0.662 0.662 0.671 0.671 0.671 0.671 0.663 0.663 0.663 0.666 0.666 0.666 0.666 0.666 0.675 0.676 0.676 0.676 0.678 0.682 0.682 0.682 0.683 0.683 0.684 0.683 0.684 0.683 0.687 0.683 0.687 0.687 0.689 0.689 0.689 0.687 0.687 0.685 0.685 0.685 0.687 0.687 0.687 0.687 0.684 0.684 0.683 0.683 0.683 0.683 0.683 0.683 0.68 0.68 0.673 0.669 0.667 0.666 0.666 0.664 0.664 0.664 0.661 0.662 0.664 0.663 0.662 0.662 0.662 0.662 0.662 0.662 0.662 0.662 0.662 0.662 0.662 0.664 0.668 0.668 0.67 0.67 0.67 0.671 0.673 0.673 0.674 0.682 0.685 0.689 0.69 0.691 0.693 0.702 0.706 1.296 1.302 1.303 1.303 1.311 1.311 1.313 1.314 1.314 1.316 1.324 1.329 1.336 1.336 1.338 1.342 1.347 1.361 1.364
2 0.49504 682 0 0 0 0 0 0 0 0 0 0 0 0 0 0 0 0 0 0 0 0 0 0 0 0 0 0 0 0 0 0 0 0 0 0 0 0 0 0 0 0 0 0 0 0.924 0.914 0.913 0.911 0.911 0.901 0.9 0.898 0.897 0.882 0.882 0.881 0.877 0.877 0.874 0.867 0.864 0.86 0.852 0.852 0.852 0.857 0.863 0 0 0 0 0 0 0 0 0 0 0 0 0 0 0 0 0 0 0 0 0 0 0 0 0 0 0 0 0 0 0 0 0 0 0 0 0 0 0 0 0 0 0 0 0 0 0 0 0 0 0 0 0 2.014 2.009 2.009 2.005 2.009 2.014 2.017 2.023 2.025 2.025 2.026 2.026 2.038 2.04 2.044 2.053 2.057 2.059 2.06 2.068 2.068 2.076 2.078 2.083 2.087 2.098 2.1 2.102 2.114 2.121 2.791 2.792 2.803 2.813 2.825 2.829 2.831 2.845 2.848 2.86 2.861 2.863 2.881 2.922 2.922 2.925 2.925 2.929 2.944 2.955 2.969 2.976 0 0 0 0 0 0 0 0 0 0 0 0 0 0 0 0 0 0 0 0 0 0 0 0 0 0 0 0 0 0 0 0 0 0 0 0 0 0 2.718 2.718 2.718 2.726 2.738 2.76 2.782 2.798 2.819 2.83 2.853 2.866 2.89 2.931 2.941 2.955 3.07 0 0 0 0 0 0 0 0 0 0 0 0 0 0 0 0 0 0 0 0 0 0 0 0 0 0 0 0 0 0 0 0 0 0 0 0 0 0 0 0 0 0 0 0 0 0 0 0 0 0 0 0 0 0 0 0 0 0 0 0 0 0 0 0 0 0 0 0 0 0 0 0 0 0 0 0 0 0 0 0 0 0 0 0 0 0 0 0 0 0 0 0 0 0 0 0 0 0 0 4.87 4.87 4.869 4.849 3.856 3.856 3.856 3.866 3.89 0 0 0 0 0 4.799 3.823 3.82 3.82 3.823 4.789 4.794 4.794 4.794 4.795 0 0 0 0 0 0 0 0 0 0 0 0 0 0 0 0 0 0 0 0 0 0 0 0 0 0 0 0 0 0 0 0 0 0 0 0 0 0 0 0 0 0 0 0 0 0 0 0 0 0 0 0 1.244 1.244 1.244 1.249 1.249 1.252 1.252 1.263 1.267 1.267 1.263 1.261 1.256 1.242 1.224 1.214 1.191 1.172 1.156 1.138 1.116 1.102 1.094 1.073 1.057 1.032 1.024 1.006 0.99 0.984 0.97 0.96 0.956 0.942 0.926 0.914 0.909 0.894 0.889 0.878 0.863 0.861 0.854 0.848 0.848 0.848 0.859 0.862 0.868 0.869 0.869 0.877 0.885 0.888 0.89 0.894 0.897 0.905 0.908 0.913 0.916 0.924 0.927 0.931 0.931 0.934 0.938 0.94 0.948 0.964 0.964 0.965 0.975 0.975 0.975 0.974 0.968 0.968 0.968 0.963 0.956 0.932 0.925 0.922 0.921 0.911 0.903 0.902 0.897 0.892 0.887 0.88 0.879 0.866 0.865 0.857 0.852 0.85 0.847 0.842 0.833 0.833 0.824 0.822 0.817 0.81 0.805 0.805 0.797 0.795 0.792 0.792 0.785 0.785 0.776 0.772 0.771 0.771 0.77 0.759 0.754 0.753 0.753 0.748 0.747 0.743 0.743 0.735 0.733 0.731 0.729 0.726 0.725 0.723 0.722 0.711 0.711 0.707 0.707 0.702 0.698 0.697 0.696 0.693 0.693 0.691 0.687 0.683 0.683 0.686 0.687 0.686 0.686 0.672 0.672 0.668 0.668 0.668 0.668 0.668 0.668 0.667 0.661 0.661 0.661 0.661 0.661 0.662 0.662 0.661 0.661 0.661 0.661 0.661 0.664 0.661 0.664 0.664 0.663 0.663 0.668 0.671 0.675 0.675 0.673 0.677 0.676 0.676 0.681 0.681 0.681 0.682 0.681 0.683 0.684 0.689 0.689 0.689 0.689 0.688 0.687 0.688 0.688 0.688 0.689 0.689 0.685 0.686 0.685 0.682 0.685 0.686 0.686 0.686 0.686 0.686 0.676 0.676 0.677 0.675 0.675 0.675 0.672 0.67 0.67 0.67 0.668 0.666 0.662 0.664 0.662 0.662 0.664 0.664 0.659 0.66 0.659 0.659 0.66 0.66 0.661 0.661 0.661 0.661 0.661 0.661 0.662 0.667 0.671 0.671 0.671 0.673 0.674 0.68 0.68 0.682 0.683 0.685 0.687 0.692 0.693 0.708 1.292 1.295 1.304 1.304 1.309 1.311 1.311 1.313 1.318 1.321 1.33 1.331 1.338 1.332 1.338 1.338 1.345 1.353 1.356
2 0.59504 682 0 0 0 0 0 0 0 0 0 0 0 0 0 0 0 0 0 0 0 0 0 0 0 0 0 0 0 0 0 0 0 0 0 0 0 0 0 0 0 0 0 0 0 0.926 0.926 0.911 0.911 0.91 0.908 0.907 0.9 0.884 0.884 0.882 0.882 0.882 0.878 0.877 0.877 0.859 0.855 0.855 0.854 0.854 0.861 0 0 0 0 0 0 0 0 0 0 0 0 0 0 0 0 0 0 0 0 0 0 0 0 0 0 0 0 0 0 0 0 0 0 0 0 0 0 0 0 0 0 0 0 0 0 0 0 0 0 0 0 0 0 2.012 2.006 2.006 2.006 2.006 2.015 2.016 2.016 2.02 2.025 2.025 2.032 2.035 2.036 2.041 2.042 2.056 2.058 2.06 2.067 2.067 2.077 2.079 2.09 2.091 2.097 2.101 2.105 2.105 2.116 2.786 2.787 2.806 2.806 2.821 2.823 2.828 2.837 2.85 2.854 2.866 2.87 2.875 2.921 2.921 2.922 2.922 2.922 2.932 2.963 2.967 2.971 0 0 0 0 0 0 0 0 0 0 0 0 0 0 0 0 0 0 0 0 0 0 0 0 0 0 0 0 0 0 0 0 0 0 0 0 0 0 2.706 2.706 2.706 2.727 2.741 2.75 2.779 2.793 2.809 2.83 2.844 2.868 2.888 2.924 2.924 2.933 2.952 0 0 0 0 0 0 0 0 0 0 0 0 0 0 0 0 0 0 0 0 0 0 0 0 0 0 0 0 0 0 0 0 0 0 0 0 0 0 0 0 0 0 0 0 0 0 0 0 0 0 0 0 0 0 0 0 0 0 0 0 0 0 0 0 0 0 0 0 0 0 0 0 0 0 0 0 0 0 0 0 0 0 0 0 0 0 0 0 0 0 0 0 0 0 0 0 0 0 4.868 4.868 4.868 4.857 4.851 3.842 3.842 3.842 3.868 3.887 0 0 0 0 0 4.811 3.833 3.831 3.831 3.831 4.79 4.79 4.793 4.793 4.799 0 0 0 0 0 0 0 0 0 0 0 0 0 0 0 0 0 0 0 0 0 0 0 0 0 0 0 0 0 0 0 0 0 0 0 0 0 0 0 0 0 0 0 0 0 0 0 0 0 0 0 0 1.255 1.242 1.242 1.242 1.252 1.252 1.255 1.263 1.263 1.263 1.263 1.255 1.25 1.242 1.225 1.21 1.191 1.175 1.148 1.137 1.12 1.1 1.075 1.064 1.058 1.034 1.017 1.005 0.994 0.979 0.969 0.953 0.944 0.942 0.926 0.919 0.907 0.892 0.884 0.876 0.868 0.864 0.857 0.851 0.851 0.851 0.856 0.857 0.866 0.874 0.876 0.88 0.886 0.886 0.888 0.893 0.896 0.904 0.905 0.911 0.912 0.912 0.922 0.927 0.927 0.931 0.936 0.943 0.951 0.954 0.962 0.965 0.974 0.974 0.974 0.972 0.965 0.965 0.965 0.964 0.955 0.938 0.926 0.922 0.922 0.909 0.903 0.9 0.892 0.892 0.877 0.876 0.875 0.875 0.864 0.856 0.856 0.845 0.845 0.839 0.838 0.829 0.827 0.825 0.822 0.808 0.807 0.807 0.798 0.797 0.796 0.793 0.784 0.78 0.778 0.775 0.775 0.768 0.762 0.761 0.759 0.749 0.747 0.746 0.744 0.744 0.74 0.74 0.735 0.733 0.729 0.725 0.719 0.717 0.711 0.704 0.704 0.704 0.704 0.704 0.703 0.701 0.699 0.698 0.691 0.691 0.689 0.686 0.686 0.686 0.686 0.686 0.68 0.677 0.673 0.673 0.67 0.668 0.668 0.667 0.664 0.663 0.663 0.662 0.661 0.659 0.661 0.661 0.663 0.666 0.666 0.666 0.664 0.66 0.66 0.662 0.662 0.661 0.661 0.661 0.661 0.666 0.669 0.67 0.673 0.676 0.676 0.679 0.682 0.682 0.684 0.682 0.682 0.684 0.684 0.691 0.691 0.691 0.688 0.688 0.687 0.688 0.688 0.69 0.69 0.69 0.688 0.688 0.688 0.687 0.688 0.687 0.688 0.685 0.682 0.682 0.68 0.68 0.68 0.679 0.679 0.674 0.673 0.671 0.666 0.666 0.666 0.666 0.662 0.659 0.659 0.659 0.662 0.66 0.66 0.66 0.66 0.66 0.661 0.661 0.661 0.661 0.663 0.659 0.662 0.663 0.662 0.662 0.668 0.674 0.675 0.677 0.678 0.678 0.678 0.68 0.684 0.687 0.688 0.689 0.697 0.708 1.293 1.296 1.305 1.305 1.307 1.307 1.309 1.311 1.315 1.323 1.33 1.33 1.34 1.34 1.341 1.346 1.346 1.354 1.363
2 0.69503 682 0 0 0 0 0 0 0 0 0 0 0 0 0 0 0 0 0 0 0 0 0 0 0 0 0 0 0 0 0 0 0 0 0 0 0 0 0 0 0 0 0 0 0 0.926 0.92 0.918 0.912 0.912 0.911 0.901 0.893 0.891 0.89 0.88 0.878 0.878 0.878 0.874 0.874 0.857 0.857 0.857 0.857 0.859 0.865 0 0 0 0 0 0 0 0 0 0 0 0 0 0 0 0 0 0 0 0 0 0 0 0 0 0 0 0 0 0 0 0 0 0 0 0 0 0 0 0 0 0 0 0 0 0 0 0 0 0 0 0 0 0 2.01 2.002 2.002 2.002 2.007 2.009 2.014 2.021 2.022 2.022 2.024 2.026 2.034 2.037 2.04 2.041 2.055 2.059 2.06 2.066 2.07 2.072 2.084 2.084 2.09 2.092 2.099 2.103 2.106 2.127 2.789 2.799 2.803 2.804 2.817 2.823 2.83 2.834 2.843 2.863 2.865 2.868 2.889 2.914 2.923 2.926 2.932 2.937 2.938 2.945 2.966 2.972 0 0 0 0 0 0 0 0 0 0 0 0 0 0 0 0 0 0 0 0 0 0 0 0 0 0 0 0 0 0 0 0 0 0 0 0 0 0 2.704 2.704 2.704 2.723 2.738 2.75 2.781 2.796 2.823 2.842 2.851 2.873 2.895 2.924 2.928 2.955 0 0 0 0 0 0 0 0 0 0 0 0 0 0 0 0 0 0 0 0 0 0 0 0 0 0 0 0 0 0 0 0 0 0 0 0 0 0 0 0 0 0 0 0 0 0 0 0 0 0 0 0 0 0 0 0 0 0 0 0 0 0 0 0 0 0 0 0 0 0 0 0 0 0 0 0 0 0 0 0 0 0 0 0 0 0 0 0 0 0 0 0 0 0 0 0 0 0 0 0 4.866 4.866 4.859 4.839 3.848 3.848 3.848 3.867 3.879 0 0 0 0 0 4.795 3.836 3.821 3.821 3.821 4.791 4.794 4.794 4.794 4.797 0 0 0 0 0 0 0 0 0 0 0 0 0 0 0 0 0 0 0 0 0 0 0 0 0 0 0 0 0 0 0 0 0 0 0 0 0 0 0 0 0 0 0 0 0 0 0 0 0 0 0 0 1.251 1.247 1.247 1.247 1.251 1.252 1.256 1.256 1.26 1.26 1.256 1.254 1.247 1.243 1.224 1.201 1.185 1.174 1.152 1.146 1.121 1.096 1.089 1.066 1.053 1.033 1.023 1.008 0.995 0.98 0.972 0.955 0.948 0.938 0.922 0.909 0.908 0.896 0.889 0.873 0.872 0.869 0.856 0.854 0.853 0.854 0.856 0.861 0.866 0.877 0.881 0.881 0.886 0.892 0.892 0.892 0.892 0.899 0.902 0.908 0.912 0.921 0.922 0.926 0.926 0.932 0.936 0.938 0.947 0.952 0.966 0.969 0.976 0.973 0.973 0.973 0.965 0.965 0.965 0.957 0.955 0.935 0.927 0.922 0.915 0.908 0.901 0.896 0.891 0.888 0.882 0.88 0.88 0.87 0.863 0.863 0.852 0.848 0.842 0.836 0.834 0.826 0.826 0.825 0.818 0.817 0.806 0.803 0.796 0.793 0.793 0.79 0.785 0.781 0.779 0.772 0.768 0.768 0.762 0.762 0.761 0.752 0.749 0.746 0.744 0.742 0.74 0.737 0.737 0.731 0.729 0.727 0.725 0.72 0.716 0.708 0.708 0.708 0.71 0.71 0.71 0.7 0.7 0.699 0.696 0.691 0.689 0.686 0.686 0.686 0.687 0.687 0.687 0.673 0.673 0.672 0.668 0.663 0.663 0.663 0.663 0.663 0.661 0.661 0.661 0.661 0.662 0.662 0.662 0.656 0.662 0.658 0.658 0.658 0.663 0.663 0.663 0.663 0.672 0.673 0.672 0.672 0.673 0.674 0.673 0.674 0.675 0.675 0.68 0.68 0.681 0.684 0.681 0.687 0.687 0.693 0.685 0.685 0.685 0.689 0.685 0.689 0.689 0.686 0.686 0.686 0.686 0.686 0.686 0.686 0.685 0.684 0.685 0.682 0.682 0.682 0.682 0.681 0.681 0.678 0.678 0.674 0.671 0.671 0.668 0.668 0.668 0.668 0.668 0.668 0.668 0.667 0.666 0.666 0.663 0.663 0.663 0.663 0.659 0.663 0.663 0.664 0.658 0.658 0.658 0.664 0.664 0.669 0.67 0.67 0.671 0.677 0.675 0.677 0.678 0.682 0.687 0.687 0.689 0.69 0.698 0.709 1.301 1.305 1.307 1.307 1.31 1.313 1.314 1.314 1.323 1.327 1.332 1.335 1.336 1.336 1.336 1.339 1.345 1.358 1.363
2 0.79404 682 0 0 0 0 0 0 0 0 0 0 0 0 0 0 0 0 0 0 0 0 0 0 0 0 0 0 0 0 0 0 0 0 0 0 0 0 0 0 0 0 0 0 0 0.924 0.919 0.914 0.911 0.91 0.91 0.898 0.891 0.885 0.885 0.879 0.875 0.878 0.878 0.875 0.873 0.861 0.859 0.859 0.852 0.852 0.856 0 0 0 0 0 0 0 0 0 0 0 0 0 0 0 0 0 0 0 0 0 0 0 0 0 0 0 0 0 0 0 0 0 0 0 0 0 0 0 0 0 2.641 2.641 2.641 0 0 0 0 0 0 0 0 0 0 2.007 2.005 2.005 2.005 2.007 2.012 2.014 2.016 2.025 2.025 2.026 2.034 2.036 2.039 2.04 2.044 2.053 2.055 2.056 2.06 2.063 2.071 2.086 2.086 2.087 2.088 2.1 2.108 2.112 2.114 2.776 2.783 2.798 2.81 2.815 2.815 2.828 2.839 2.844 2.85 2.858 2.875 2.88 2.924 2.924 2.929 2.929 2.929 2.942 2.945 2.966 2.968 0 0 0 0 0 0 0 0 0 0 0 0 0 0 0 0 0 0 0 0 0 0 0 0 0 0 0 0 0 0 0 0 0 0 0 0 0 0 2.71 2.71 2.71 2.719 2.742 2.755 2.773 2.807 2.819 2.836 2.854 2.864 2.892 2.924 2.937 2.956 3.072 0 0 0 0 0 0 0 0 0 0 0 0 0 0 0 0 0 0 0 0 0 0 0 0 0 0 0 0 0 0 0 0 0 0 0 0 0 0 0 0 0 0 0 0 0 0 0 0 0 0 0 0 0 0 0 0 0 0 0 0 0 0 0 0 0 0 0 0 0 0 0 0 0 0 0 0 0 0 0 0 0 0 0 0 0 0 0 0 0 0 0 0 0 0 0 0 0 4.877 4.861 4.859 4.859 4.854 4.847 3.854 3.854 3.854 3.872 3.877 0 0 0 0 0 4.799 3.841 3.823 3.823 3.823 4.793 4.793 4.793 4.793 4.793 0 0 0 0 0 0 0 0 0 0 0 0 0 0 0 0 0 0 0 0 0 0 0 0 0 0 0 0 0 0 0 0 0 0 0 0 0 0 0 0 0 0 0 0 0 0 0 0 0 0 0 0 1.249 1.246 1.246 1.246 1.246 1.249 1.254 1.261 1.261 1.261 1.261 1.259 1.252 1.238 1.223 1.208 1.184 1.184 1.157 1.14 1.12 1.099 1.087 1.066 1.053 1.032 1.025 1.009 0.995 0.982 0.967 0.957 0.951 0.94 0.93 0.922 0.909 0.899 0.884 0.875 0.872 0.866 0.866 0.85 0.85 0.856 0.862 0.862 0.866 0.874 0.876 0.877 0.879 0.89 0.892 0.898 0.898 0.898 0.904 0.91 0.912 0.924 0.924 0.927 0.927 0.928 0.931 0.942 0.947 0.953 0.964 0.972 0.976 0.976 0.976 0.97 0.965 0.965 0.965 0.963 0.954 0.931 0.926 0.923 0.92 0.91 0.91 0.902 0.897 0.893 0.888 0.887 0.877 0.872 0.857 0.855 0.85 0.847 0.844 0.838 0.835 0.83 0.829 0.825 0.818 0.803 0.803 0.8 0.797 0.796 0.79 0.788 0.788 0.786 0.785 0.775 0.771 0.767 0.767 0.764 0.764 0.752 0.752 0.746 0.745 0.745 0.745 0.739 0.732 0.732 0.732 0.723 0.72 0.719 0.715 0.714 0.714 0.706 0.706 0.706 0.7 0.699 0.69 0.69 0.689 0.688 0.686 0.686 0.685 0.685 0.685 0.685 0.684 0.677 0.672 0.672 0.672 0.672 0.67 0.667 0.666 0.664 0.663 0.664 0.662 0.658 0.658 0.658 0.658 0.659 0.664 0.666 0.664 0.659 0.666 0.666 0.661 0.661 0.661 0.661 0.661 0.673 0.675 0.676 0.677 0.677 0.677 0.677 0.677 0.681 0.681 0.683 0.683 0.688 0.688 0.688 0.685 0.687 0.687 0.689 0.687 0.689 0.689 0.689 0.686 0.686 0.683 0.686 0.686 0.687 0.687 0.687 0.686 0.683 0.682 0.681 0.682 0.682 0.682 0.677 0.677 0.676 0.662 0.662 0.662 0.663 0.668 0.668 0.668 0.668 0.667 0.667 0.667 0.667 0.663 0.663 0.662 0.657 0.659 0.659 0.66 0.66 0.661 0.661 0.666 0.666 0.666 0.667 0.67 0.673 0.673 0.676 0.676 0.679 0.681 0.681 0.685 0.685 0.689 0.697 0.698 0.7 1.288 1.31 1.31 1.31 1.31 1.31 1.312 1.313 1.313 1.322 1.328 1.335 1.337 1.337 1.337 1.34 1.348 1.361 1.361
2 0.89403 682 0 0 0 0 0 0 0 0 0 0 0 0 0 0 0 0 0 0 0 0 0 0 0 0 0 0 0 0 0 0 0 0 0 0 0 0 0 0 0 0 0 0 0 0.925 0.922 0.918 0.915 0.913 0.907 0.903 0.894 0.894 0.882 0.88 0.879 0.879 0.878 0.877 0.869 0.859 0.855 0.855 0.851 0.851 0.859 0 0 0 0 0 0 0 0 0 0 0 0 0 0 0 0 0 0 0 0 0 0 0 0 0 0 0 0 0 0 0 0 0 0 0 0 0 0 0 0 0 2.665 2.665 2.665 0 0 0 0 0 0 0 0 0 0 2.016 2.006 2.006 2.005 2.006 2.008 2.018 2.018 2.021 2.022 2.023 2.032 2.034 2.035 2.039 2.041 2.049 2.052 2.063 2.063 2.07 2.07 2.078 2.08 2.088 2.09 2.092 2.103 2.104 2.118 2.78 2.802 2.804 2.82 2.822 2.824 2.824 2.843 2.854 2.858 2.86 2.878 2.885 2.91 2.916 2.923 2.923 2.931 2.942 2.959 2.967 2.969 0 0 0 0 0 0 0 0 0 0 0 0 0 0 0 0 0 0 0 0 0 0 0 0 0 0 0 0 0 0 0 0 0 0 0 0 0 0 2.71 2.71 2.71 2.721 2.732 2.739 2.775 2.804 2.817 2.824 2.859 2.867 2.895 2.929 2.937 2.953 0 0 0 0 0 0 0 0 0 0 0 0 0 0 0 0 0 0 0 0 0 0 0 0 0 0 0 0 0 0 0 0 0 0 0 0 0 0 0 0 0 0 0 0 0 0 0 0 0 0 0 0 0 0 0 0 0 0 0 0 0 0 0 0 0 0 0 0 0 0 0 0 0 0 0 0 0 0 0 0 0 0 0 0 0 0 0 0 0 0 0 0 0 0 0 0 0 0 0 4.872 4.871 4.872 4.865 4.864 3.849 3.849 3.849 3.857 3.881 0 0 0 0 0 4.803 3.834 3.83 3.83 3.83 4.79 4.797 4.797 4.797 4.798 0 0 0 0 0 0 0 0 0 0 0 0 0 0 0 0 0 0 0 0 0 0 0 0 0 0 0 0 0 0 0 0 0 0 0 0 0 0 0 0 0 0 0 0 0 0 0 0 0 0 0 0 1.242 1.242 1.242 1.247 1.25 1.256 1.256 1.256 1.266 1.266 1.266 1.258 1.256 1.238 1.221 1.205 1.19 1.175 1.156 1.137 1.121 1.101 1.085 1.062 1.054 1.033 1.022 1.003 0.999 0.975 0.972 0.962 0.954 0.945 0.927 0.914 0.911 0.894 0.891 0.876 0.872 0.861 0.86 0.86 0.859 0.86 0.86 0.86 0.87 0.87 0.875 0.876 0.886 0.887 0.887 0.888 0.897 0.902 0.905 0.907 0.914 0.915 0.915 0.918 0.918 0.928 0.93 0.942 0.953 0.957 0.963 0.969 0.979 0.979 0.979 0.974 0.956 0.956 0.956 0.956 0.952 0.926 0.926 0.925 0.921 0.912 0.912 0.901 0.9 0.892 0.881 0.88 0.874 0.873 0.868 0.862 0.849 0.849 0.849 0.845 0.841 0.83 0.829 0.827 0.82 0.815 0.803 0.799 0.792 0.791 0.791 0.79 0.783 0.783 0.781 0.774 0.77 0.77 0.762 0.762 0.76 0.751 0.75 0.749 0.743 0.742 0.742 0.742 0.732 0.731 0.727 0.725 0.721 0.719 0.714 0.71 0.71 0.709 0.702 0.702 0.699 0.698 0.698 0.698 0.687 0.686 0.686 0.686 0.686 0.688 0.689 0.689 0.681 0.674 0.67 0.669 0.67 0.669 0.669 0.671 0.671 0.666 0.666 0.661 0.66 0.657 0.657 0.657 0.657 0.66 0.66 0.66 0.66 0.659 0.659 0.66 0.663 0.664 0.664 0.664 0.67 0.67 0.673 0.675 0.675 0.675 0.676 0.68 0.682 0.683 0.683 0.683 0.683 0.687 0.688 0.688 0.688 0.689 0.689 0.689 0.686 0.691 0.686 0.686 0.686 0.686 0.686 0.686 0.686 0.687 0.687 0.687 0.685 0.685 0.685 0.684 0.683 0.68 0.676 0.676 0.676 0.676 0.671 0.664 0.664 0.664 0.663 0.664 0.666 0.664 0.664 0.664 0.664 0.663 0.663 0.659 0.659 0.659 0.659 0.658 0.659 0.662 0.662 0.662 0.664 0.664 0.663 0.664 0.67 0.672 0.675 0.679 0.679 0.68 0.681 0.681 0.683 0.686 0.686 0.69 0.695 0.699 1.296 1.303 1.307 1.307 1.311 1.311 1.312 1.313 1.315 1.316 1.323 1.328 1.332 1.332 1.337 1.341 1.347 1.359 1.362
2 0.99301 682 0 0 0 0 0 0 0 0 0 0 0 0 0 0 0 0 0 0 0 0 0 0 0 0 0 0 0 0 0 0 0 0 0 0 0 0 0 0 0 0 0 0 0 0.914 0.914 0.913 0.913 0.91 0.904 0.901 0.899 0.89 0.885 0.882 0.882 0.882 0.881 0.877 0.867 0.86 0.859 0.849 0.849 0.849 0.855 0.861 0 0 0 0 0 0 0 0 0 0 0 0 0 0 0 0 0 0 0 0 0 0 0 0 0 0 0 0 0 0 0 0 0 0 0 0 0 0 0 0 0 0 0 0 0 0 0 0 0 0 0 0 0 2.01 2.007 2.007 2.007 2.012 2.012 2.012 2.015 2.019 2.022 2.023 2.032 2.033 2.036 2.041 2.045 2.052 2.056 2.059 2.064 2.064 2.064 2.081 2.092 2.095 2.095 2.095 2.101 2.11 2.12 2.784 2.787 2.808 2.81 2.811 2.82 2.829 2.846 2.851 2.861 2.866 2.874 2.894 2.921 2.922 2.924 2.932 2.932 2.945 2.956 2.961 2.965 0 0 0 0 0 0 0 0 0 0 0 0 0 0 0 0 0 0 0 0 0 0 0 0 0 0 0 0 0 0 0 0 0 0 0 0 0 0 2.713 2.713 2.713 2.722 2.74 2.76 2.777 2.807 2.819 2.838 2.858 2.876 2.879 2.923 2.94 2.942 3.057 0 0 0 0 0 0 0 0 0 0 0 0 0 0 0 0 0 0 0 0 0 0 0 0 0 0 0 0 0 0 0 0 0 0 0 0 0 0 0 0 0 0 0 0 0 0 0 0 0 0 0 0 0 0 0 0 0 0 0 0 0 0 0 0 0 0 0 0 0 0 0 0 0 0 0 0 0 0 0 0 0 0 0 0 0 0 0 0 0 0 0 0 0 0 0 0 0 4.876 4.866 4.854 4.854 4.848 4.848 3.856 3.856 3.856 3.864 3.878 0 0 0 0 0 4.797 3.824 3.824 3.824 3.828 4.792 4.792 4.792 4.792 4.797 0 0 0 0 0 0 0 0 0 0 0 0 0 0 0 0 0 0 0 0 0 0 0 0 0 0 0 0 0 0 0 0 0 0 0 0 0 0 0 0 0 0 0 0 0 0 0 0 0 0 0 0 1.251 1.25 1.249 1.249 1.25 1.25 1.261 1.27 1.27 1.27 1.264 1.259 1.254 1.244 1.226 1.199 1.186 1.177 1.161 1.139 1.127 1.103 1.087 1.064 1.055 1.034 1.023 1.006 0.994 0.975 0.975 0.955 0.945 0.944 0.924 0.915 0.907 0.893 0.888 0.876 0.873 0.87 0.857 0.857 0.853 0.857 0.861 0.863 0.864 0.867 0.875 0.877 0.88 0.888 0.888 0.892 0.897 0.907 0.91 0.911 0.911 0.912 0.92 0.922 0.922 0.935 0.938 0.943 0.946 0.957 0.966 0.968 0.973 0.973 0.973 0.973 0.972 0.972 0.972 0.952 0.951 0.935 0.932 0.924 0.918 0.914 0.913 0.902 0.893 0.893 0.885 0.88 0.875 0.87 0.862 0.857 0.852 0.845 0.842 0.838 0.834 0.834 0.827 0.821 0.821 0.808 0.805 0.801 0.8 0.797 0.793 0.79 0.778 0.777 0.774 0.772 0.772 0.772 0.768 0.759 0.757 0.751 0.748 0.742 0.742 0.74 0.739 0.739 0.739 0.728 0.727 0.723 0.721 0.721 0.717 0.717 0.711 0.709 0.706 0.699 0.699 0.699 0.697 0.695 0.692 0.691 0.685 0.684 0.683 0.683 0.685 0.683 0.683 0.675 0.675 0.674 0.669 0.669 0.669 0.669 0.664 0.661 0.664 0.66 0.66 0.66 0.66 0.66 0.658 0.664 0.664 0.664 0.663 0.663 0.663 0.664 0.656 0.656 0.664 0.664 0.664 0.67 0.671 0.674 0.674 0.676 0.678 0.679 0.68 0.68 0.68 0.68 0.68 0.68 0.685 0.685 0.685 0.691 0.69 0.69 0.69 0.69 0.69 0.689 0.688 0.688 0.688 0.688 0.687 0.686 0.686 0.685 0.684 0.684 0.684 0.683 0.682 0.682 0.682 0.674 0.674 0.674 0.673 0.673 0.666 0.671 0.666 0.666 0.663 0.663 0.662 0.662 0.663 0.661 0.661 0.66 0.661 0.66 0.66 0.661 0.666 0.666 0.666 0.666 0.666 0.667 0.666 0.667 0.667 0.67 0.673 0.673 0.677 0.677 0.68 0.686 0.687 0.687 0.688 0.692 0.695 0.702 1.293 1.294 1.309 1.309 1.31 1.313 1.314 1.314 1.316 1.322 1.332 1.333 1.338 1.338 1.339 1.34 1.34 1.357 1.363
2 1.093 682 0 0 0 0 0 0 0 0 0 0 0 0 0 0 0 0 0 0 0 0 0 0 0 0 0 0 0 0 0 0 0 0 0 0 0 0 0 0 0 0 0 0 0 0.925 0.925 0.916 0.916 0.913 0.905 0.899 0.896 0.891 0.89 0.881 0.877 0.879 0.879 0.877 0.873 0.864 0.851 0.85 0.845 0.845 0.845 0.863 0 0 0 0 0 0 0 0 0 0 0 0 0 0 0 0 0 0 0 0 0 0 0 0 0 0 0 0 0 0 0 0 0 0 0 0 0 0 0 0 2.66 2.66 2.66 0 0 0 0 0 0 0 0 0 0 2.01 2.002 2.002 2.002 2.006 2.01 2.017 2.018 2.019 2.02 2.032 2.033 2.033 2.035 2.047 2.05 2.062 2.063 2.068 2.068 2.07 2.072 2.075 2.087 2.089 2.09 2.094 2.101 2.112 2.128 2.779 2.793 2.797 2.801 2.819 2.824 2.837 2.837 2.848 2.858 2.869 2.884 2.891 2.924 2.924 2.935 2.937 2.956 2.954 2.956 2.959 2.96 0 0 0 0 0 0 0 0 0 0 0 0 0 0 0 0 0 0 0 0 0 0 0 0 0 0 0 0 0 0 0 0 0 0 0 0 0 0 2.708 2.708 2.708 2.713 2.738 2.761 2.772 2.804 2.823 2.835 2.846 2.866 2.892 2.924 2.947 2.947 3.073 0 0 0 0 0 0 0 0 0 0 0 0 0 0 0 0 0 0 0 0 0 0 0 0 0 0 0 0 0 0 0 0 0 0 0 0 0 0 0 0 0 0 0 0 0 0 0 0 0 0 0 0 0 0 0 0 0 0 0 0 0 0 0 0 0 0 0 0 0 0 0 0 0 0 0 0 0 0 0 0 0 0 0 0 0 0 0 0 0 0 0 0 0 0 0 0 0 0 4.872 4.868 4.868 4.859 4.842 3.857 3.857 3.857 3.864 3.876 0 0 0 0 0 4.797 3.825 3.82 3.82 3.82 4.788 4.794 4.794 4.794 4.8 0 0 0 0 0 0 0 0 0 0 0 0 0 0 0 0 0 0 0 0 0 0 0 0 0 0 0 0 0 0 0 0 0 0 0 0 0 0 0 0 0 0 0 0 0 0 0 0 0 0 0 0 1.258 1.244 1.244 1.244 1.251 1.251 1.258 1.258 1.259 1.259 1.259 1.258 1.25 1.24 1.232 1.203 1.189 1.177 1.149 1.14 1.117 1.101 1.087 1.07 1.052 1.027 1.022 1.007 0.99 0.976 0.974 0.959 0.957 0.937 0.923 0.916 0.904 0.898 0.886 0.87 0.869 0.866 0.855 0.853 0.853 0.854 0.855 0.859 0.863 0.866 0.873 0.885 0.885 0.889 0.89 0.892 0.897 0.901 0.904 0.913 0.918 0.918 0.922 0.925 0.925 0.937 0.938 0.941 0.951 0.953 0.956 0.969 0.976 0.976 0.976 0.966 0.965 0.965 0.965 0.963 0.952 0.932 0.931 0.928 0.928 0.916 0.905 0.905 0.9 0.887 0.882 0.877 0.877 0.875 0.862 0.861 0.852 0.848 0.845 0.844 0.833 0.829 0.828 0.825 0.822 0.809 0.807 0.807 0.8 0.796 0.793 0.79 0.783 0.781 0.775 0.775 0.767 0.767 0.764 0.764 0.764 0.751 0.747 0.743 0.743 0.743 0.742 0.741 0.739 0.73 0.729 0.726 0.725 0.725 0.709 0.708 0.708 0.708 0.707 0.707 0.704 0.698 0.697 0.696 0.691 0.691 0.688 0.681 0.681 0.681 0.683 0.683 0.683 0.671 0.668 0.667 0.664 0.664 0.667 0.667 0.667 0.667 0.663 0.663 0.659 0.658 0.658 0.662 0.662 0.662 0.662 0.662 0.662 0.66 0.66 0.66 0.66 0.66 0.669 0.672 0.672 0.672 0.674 0.674 0.677 0.677 0.677 0.678 0.679 0.679 0.684 0.686 0.686 0.687 0.69 0.691 0.691 0.691 0.691 0.69 0.69 0.69 0.69 0.69 0.69 0.69 0.688 0.689 0.688 0.686 0.684 0.684 0.683 0.683 0.683 0.682 0.679 0.679 0.678 0.675 0.675 0.673 0.673 0.666 0.664 0.664 0.664 0.663 0.663 0.669 0.669 0.667 0.668 0.667 0.664 0.661 0.661 0.66 0.659 0.661 0.664 0.664 0.664 0.664 0.664 0.664 0.664 0.666 0.667 0.667 0.667 0.677 0.677 0.678 0.678 0.681 0.685 0.689 0.691 0.692 0.692 0.7 1.286 1.299 1.302 1.302 1.318 1.318 1.318 1.316 1.316 1.316 1.331 1.333 1.34 1.339 1.34 1.347 1.347 1.357 1.361
2 1.1921 682 0 0 0 0 0 0 0 0 0 0 0 0 0 0 0 0 0 0 0 0 0 0 0 0 0 0 0 0 0 0 0 0 0 0 0 0 0 0 0 0 0 0 0 0 0.93 0.915 0.911 0.911 0.907 0.897 0.888 0.882 0.882 0.882 0.88 0.88 0.88 0.878 0.875 0.864 0.854 0.854 0.853 0.853 0.856 0 0 0 0 0 0 0 0 0 0 0 0 0 0 0 0 0 0 0 0 0 0 0 0 0 0 0 0 0 0 0 0 0 0 0 0 0 0 0 0 0 2.653 2.653 2.653 0 0 0 0 0 0 0 0 0 0 2.009 2 2 2 2.006 2.013 2.017 2.019 2.021 2.022 2.027 2.033 2.034 2.034 2.037 2.049 2.056 2.059 2.061 2.063 2.064 2.073 2.079 2.089 2.091 2.092 2.099 2.103 2.106 2.118 2.792 2.801 2.805 2.806 2.813 2.826 2.834 2.84 2.853 2.861 2.865 2.869 2.888 2.914 2.916 2.921 2.922 2.926 2.945 2.954 2.958 2.971 0 0 0 0 0 0 0 0 0 0 0 0 0 0 0 0 0 0 0 0 0 0 0 0 0 0 0 0 0 0 0 0 0 0 0 0 0 0 2.707 2.707 2.707 2.725 2.727 2.767 2.787 2.797 2.823 2.835 2.859 2.869 2.878 2.928 2.938 2.954 3.074 0 0 0 0 0 0 0 0 0 0 0 0 0 0 0 0 0 0 0 0 0 0 0 0 0 0 0 0 0 0 0 0 0 0 0 0 0 0 0 0 0 0 0 0 0 0 0 0 0 0 0 0 0 0 0 0 0 0 0 0 0 0 0 0 0 0 0 0 0 0 0 0 0 0 0 0 0 0 0 0 0 0 0 0 0 0 0 0 0 0 0 0 0 0 0 0 0 0 0 4.865 4.865 4.865 4.859 3.854 3.854 3.854 3.863 3.882 0 0 0 0 0 4.797 3.835 3.818 3.818 3.818 3.893 4.785 4.793 4.793 4.798 0 0 0 0 0 0 0 0 0 0 0 0 0 0 0 0 0 0 0 0 0 0 0 0 0 0 0 0 0 0 0 0 0 0 0 0 0 0 0 0 0 0 0 0 0 0 0 0 0 0 0 0 1.247 1.247 1.247 1.247 1.249 1.251 1.254 1.268 1.268 1.268 1.261 1.261 1.251 1.245 1.231 1.207 1.183 1.174 1.152 1.137 1.117 1.095 1.084 1.072 1.051 1.03 1.016 1.01 0.997 0.977 0.974 0.96 0.959 0.946 0.93 0.915 0.902 0.901 0.884 0.874 0.869 0.867 0.854 0.854 0.854 0.855 0.859 0.868 0.869 0.87 0.875 0.879 0.879 0.884 0.889 0.894 0.898 0.899 0.899 0.91 0.913 0.922 0.922 0.926 0.926 0.93 0.93 0.93 0.959 0.959 0.96 0.978 0.979 0.979 0.979 0.967 0.967 0.967 0.967 0.963 0.945 0.93 0.928 0.921 0.92 0.912 0.909 0.899 0.892 0.89 0.887 0.879 0.878 0.869 0.862 0.859 0.853 0.852 0.839 0.835 0.835 0.833 0.828 0.822 0.821 0.808 0.803 0.801 0.798 0.796 0.791 0.79 0.787 0.781 0.778 0.768 0.766 0.766 0.76 0.759 0.758 0.749 0.748 0.747 0.742 0.741 0.736 0.733 0.731 0.729 0.728 0.726 0.726 0.723 0.712 0.711 0.708 0.707 0.705 0.705 0.702 0.7 0.7 0.698 0.693 0.685 0.685 0.684 0.683 0.684 0.685 0.683 0.683 0.673 0.673 0.673 0.673 0.668 0.668 0.667 0.666 0.663 0.661 0.661 0.66 0.66 0.659 0.659 0.66 0.661 0.666 0.666 0.661 0.661 0.661 0.661 0.661 0.661 0.663 0.664 0.664 0.674 0.675 0.677 0.677 0.679 0.679 0.679 0.679 0.679 0.679 0.682 0.682 0.684 0.684 0.689 0.687 0.687 0.687 0.687 0.687 0.688 0.688 0.688 0.689 0.689 0.685 0.685 0.685 0.685 0.684 0.684 0.685 0.685 0.682 0.682 0.676 0.676 0.676 0.676 0.676 0.674 0.672 0.668 0.668 0.667 0.667 0.664 0.664 0.662 0.662 0.662 0.667 0.662 0.659 0.659 0.659 0.659 0.66 0.66 0.66 0.659 0.659 0.658 0.659 0.659 0.667 0.673 0.674 0.675 0.675 0.677 0.677 0.677 0.68 0.683 0.683 0.683 0.683 0.685 0.689 0.701 1.297 1.298 1.307 1.307 1.309 1.31 1.311 1.315 1.323 1.331 1.332 1.337 1.338 1.337 1.338 1.338 1.35 1.351 1.359
2 1.292 682 0 0 0 0 0 0 0 0 0 0 0 0 0 0 0 0 0 0 0 0 0 0 0 0 0 0 0 0 0 0 0 0 0 0 0 0 0 0 0 0 0 0 0.916 0.915 0.915 0.905 0.905 0.905 0.905 0.904 0.898 0.893 0.881 0.881 0.88 0.877 0.876 0.876 0.87 0.862 0.862 0.848 0.847 0.847 0.848 0.862 0 0 0 0 0 0 0 0 0 0 0 0 0 0 0 0 0 0 0 0 0 0 0 0 0 0 0 0 0 0 0 0 0 0 0 0 0 0 0 0 0 0 0 0 0 0 0 0 0 0 0 0 0 2.014 2.004 2.004 2.004 2.006 2.014 2.014 2.014 2.019 2.022 2.029 2.032 2.035 2.039 2.039 2.043 2.055 2.058 2.058 2.06 2.067 2.069 2.082 2.088 2.092 2.093 2.098 2.101 2.105 2.122 2.773 2.791 2.803 2.804 2.818 2.823 2.828 2.845 2.856 2.863 2.863 2.875 2.892 2.918 2.918 2.929 2.937 2.937 2.939 2.962 2.974 2.979 0 0 0 0 0 0 0 0 0 0 0 0 0 0 0 0 0 0 0 0 0 0 0 0 0 0 0 0 0 0 0 0 0 0 0 0 0 0 2.703 2.703 2.703 2.727 2.732 2.764 2.78 2.811 2.817 2.822 2.852 2.872 2.887 2.921 2.937 2.939 3.072 0 0 0 0 0 0 0 0 0 0 0 0 0 0 0 0 0 0 0 0 0 0 0 0 0 0 0 0 0 0 0 0 0 0 0 0 0 0 0 0 0 0 0 0 0 0 0 0 0 0 0 0 0 0 0 0 0 0 0 0 0 0 0 0 0 0 0 0 0 0 0 0 0 0 0 0 0 0 0 0 0 0 0 0 0 0 0 0 0 0 0 0 0 0 0 0 0 0 0 4.88 0 0 4.864 3.852 3.852 3.852 3.857 3.892 0 0 0 0 0 4.797 3.839 3.828 3.828 3.828 3.863 4.787 4.788 4.791 4.796 0 0 0 0 0 0 0 0 0 0 0 0 0 0 0 0 0 0 0 0 0 0 0 0 0 0 0 0 0 0 0 0 0 0 0 0 0 0 0 0 0 0 0 0 0 0 0 0 0 0 0 0 1.249 1.246 1.246 1.246 1.247 1.247 1.253 1.262 1.262 1.262 1.263 1.261 1.253 1.238 1.223 1.211 1.19 1.179 1.164 1.137 1.12 1.103 1.083 1.068 1.055 1.029 1.026 0.999 0.997 0.974 0.966 0.949 0.949 0.944 0.93 0.913 0.905 0.893 0.881 0.876 0.874 0.864 0.86 0.857 0.857 0.857 0.862 0.863 0.867 0.876 0.88 0.882 0.889 0.889 0.894 0.894 0.897 0.903 0.907 0.909 0.919 0.921 0.922 0.931 0.931 0.93 0.936 0.94 0.952 0.955 0.968 0.973 0.975 0.973 0.973 0.97 0.966 0.966 0.966 0.965 0.951 0.931 0.925 0.923 0.918 0.911 0.911 0.902 0.891 0.89 0.889 0.876 0.876 0.874 0.857 0.855 0.852 0.851 0.848 0.838 0.837 0.836 0.827 0.826 0.821 0.81 0.803 0.798 0.796 0.792 0.788 0.787 0.784 0.78 0.776 0.774 0.772 0.772 0.771 0.761 0.754 0.751 0.749 0.749 0.749 0.742 0.742 0.741 0.741 0.742 0.724 0.724 0.723 0.722 0.714 0.714 0.709 0.707 0.703 0.702 0.701 0.697 0.696 0.693 0.691 0.69 0.689 0.688 0.688 0.689 0.691 0.691 0.691 0.673 0.672 0.671 0.671 0.666 0.666 0.668 0.668 0.668 0.668 0.666 0.66 0.66 0.66 0.66 0.661 0.661 0.663 0.664 0.663 0.663 0.663 0.664 0.664 0.664 0.667 0.667 0.667 0.668 0.671 0.672 0.674 0.675 0.675 0.681 0.681 0.682 0.682 0.683 0.683 0.683 0.686 0.688 0.688 0.688 0.687 0.687 0.687 0.687 0.687 0.686 0.686 0.691 0.688 0.688 0.688 0.688 0.687 0.683 0.687 0.687 0.678 0.678 0.678 0.678 0.678 0.677 0.677 0.675 0.673 0.671 0.671 0.671 0.67 0.668 0.668 0.668 0.664 0.662 0.661 0.661 0.661 0.66 0.659 0.656 0.656 0.659 0.659 0.661 0.661 0.661 0.66 0.66 0.66 0.667 0.669 0.669 0.674 0.676 0.676 0.678 0.678 0.681 0.682 0.683 0.685 0.689 0.689 0.708 1.298 1.301 1.303 1.303 1.309 1.312 1.312 1.314 1.315 1.328 1.329 1.329 1.339 1.333 1.339 1.342 1.35 1.355 1.361
2 1.392 682 0 0 0 0 0 0 0 0 0 0 0 0 0 0 0 0 0 0 0 0 0 0 0 0 0 0 0 0 0 0 0 0 0 0 0 0 0 0 0 0 0 0 0 0.933 0.924 0.919 0.919 0.915 0.915 0.914 0.899 0.89 0.882 0.882 0.878 0.879 0.879 0.879 0.878 0.861 0.859 0.859 0.854 0.854 0.86 0 0 0 0 0 0 0 0 0 0 0 0 0 0 0 0 0 0 0 0 0 0 0 0 0 0 0 0 0 0 0 0 0 0 0 0 0 0 0 0 0 0 0 0 0 0 0 0 0 0 0 0 0 0 2.014 2.006 2.006 2.006 2.009 2.01 2.013 2.018 2.02 2.021 2.022 2.029 2.039 2.039 2.043 2.044 2.051 2.057 2.057 2.059 2.074 2.075 2.082 2.086 2.088 2.088 2.108 2.11 2.111 2.121 2.772 2.79 2.793 2.803 2.822 2.827 2.832 2.837 2.849 2.855 2.86 2.865 2.874 2.92 2.92 2.921 2.921 2.935 2.94 2.965 2.97 2.973 0 0 0 0 0 0 0 0 0 0 0 0 0 0 0 0 0 0 0 0 0 0 0 0 0 0 0 0 0 0 0 0 0 0 0 0 0 0 2.705 2.705 2.705 2.721 2.745 2.762 2.788 2.801 2.823 2.83 2.858 2.861 2.89 2.921 2.935 2.953 0 0 0 0 0 0 0 0 0 0 0 0 0 0 0 0 0 0 0 0 0 0 0 0 0 0 0 0 0 0 0 0 0 0 0 0 0 0 0 0 0 0 0 0 0 0 0 0 0 0 0 0 0 0 0 0 0 0 0 0 0 0 0 0 0 0 0 0 0 0 0 0 0 0 0 0 0 0 0 0 0 0 0 0 0 0 0 0 0 0 0 0 0 0 0 0 0 0 0 0 4.861 4.861 4.861 4.856 3.85 3.85 3.85 3.861 3.871 0 0 0 0 0 4.79 3.838 3.819 3.819 3.819 3.863 4.792 4.792 4.792 4.794 0 0 0 0 0 0 0 0 0 0 0 0 0 0 0 0 0 0 0 0 0 0 0 0 0 0 0 0 0 0 0 0 0 0 0 0 0 0 0 0 0 0 0 0 0 0 0 0 0 0 0 0 1.251 1.251 1.251 1.251 1.251 1.251 1.252 1.261 1.268 1.268 1.268 1.254 1.244 1.234 1.219 1.208 1.186 1.179 1.155 1.146 1.118 1.096 1.085 1.068 1.057 1.035 1.025 1.004 0.998 0.985 0.966 0.957 0.946 0.945 0.924 0.914 0.901 0.892 0.889 0.876 0.874 0.874 0.862 0.862 0.862 0.856 0.862 0.862 0.863 0.875 0.876 0.878 0.878 0.881 0.884 0.884 0.893 0.905 0.911 0.912 0.913 0.914 0.919 0.927 0.927 0.932 0.933 0.933 0.953 0.96 0.962 0.966 0.969 0.974 0.974 0.969 0.963 0.963 0.963 0.963 0.954 0.924 0.924 0.924 0.922 0.913 0.908 0.9 0.898 0.894 0.886 0.885 0.88 0.866 0.866 0.862 0.857 0.849 0.845 0.833 0.831 0.827 0.825 0.823 0.823 0.803 0.801 0.798 0.795 0.795 0.794 0.791 0.785 0.782 0.782 0.777 0.777 0.769 0.769 0.764 0.755 0.755 0.749 0.748 0.741 0.741 0.741 0.734 0.733 0.733 0.728 0.727 0.726 0.715 0.714 0.712 0.709 0.707 0.707 0.704 0.702 0.695 0.695 0.693 0.693 0.69 0.685 0.682 0.682 0.682 0.687 0.687 0.687 0.68 0.677 0.672 0.67 0.667 0.67 0.669 0.667 0.662 0.663 0.663 0.662 0.661 0.661 0.661 0.66 0.66 0.664 0.667 0.664 0.664 0.667 0.668 0.668 0.668 0.668 0.669 0.669 0.669 0.669 0.671 0.671 0.677 0.677 0.677 0.684 0.684 0.684 0.684 0.684 0.684 0.69 0.691 0.691 0.691 0.69 0.687 0.685 0.685 0.685 0.685 0.684 0.688 0.687 0.688 0.689 0.689 0.688 0.688 0.688 0.685 0.685 0.679 0.686 0.682 0.682 0.673 0.673 0.672 0.671 0.668 0.664 0.664 0.663 0.663 0.663 0.663 0.662 0.662 0.661 0.661 0.661 0.661 0.661 0.662 0.664 0.662 0.664 0.667 0.667 0.662 0.662 0.662 0.662 0.666 0.673 0.673 0.673 0.675 0.676 0.679 0.682 0.686 0.689 0.689 0.689 0.695 0.696 0.697 1.29 1.303 1.311 1.311 1.316 1.316 1.32 1.32 1.323 1.323 1.325 1.333 1.336 1.333 1.336 1.338 1.342 1.358 1.359
2 1.492 682 0 0 0 0 0 0 0 0 0 0 0 0 0 0 0 0 0 0 0 0 0 0 0 0 0 0 0 0 0 0 0 0 0 0 0 0 0 0 0 0 0 0.924 0.921 0.915 0.915 0.913 0.911 0.911 0.909 0.907 0.901 0.889 0.886 0.886 0.882 0.882 0.882 0.882 0.88 0.859 0.859 0.853 0.851 0.851 0.853 0.865 0 0 0 0 0 0 0 0 0 0 0 0 0 0 0 0 0 0 0 0 0 0 0 0 0 0 0 0 0 0 0 0 0 0 0 0 0 0 0 0 0 0 0 0 0 0 0 0 0 0 0 0 0 2.02 2.008 2.008 2.008 2.012 2.013 2.016 2.018 2.021 2.024 2.029 2.035 2.038 2.044 2.045 2.05 2.052 2.055 2.058 2.062 2.067 2.068 2.079 2.086 2.091 2.092 2.093 2.103 2.108 2.127 2.782 2.791 2.798 2.805 2.816 2.82 2.83 2.836 2.854 2.858 2.858 2.868 2.893 2.924 2.924 2.932 2.933 2.934 2.94 2.952 2.966 2.973 0 0 0 0 0 0 0 0 0 0 0 0 0 0 0 0 0 0 0 0 0 0 0 0 0 0 0 0 0 0 0 0 0 0 0 0 0 0 2.708 2.708 2.708 2.728 2.743 2.75 2.775 2.801 2.825 2.838 2.848 2.869 2.882 2.915 2.936 2.941 3.064 0 0 0 0 0 0 0 0 0 0 0 0 0 0 0 0 0 0 0 0 0 0 0 0 0 0 0 0 0 0 0 0 0 0 0 0 0 0 0 0 0 0 0 0 0 0 0 0 0 0 0 0 0 0 0 0 0 0 0 0 0 0 0 0 0 0 0 0 0 0 0 0 0 0 0 0 0 0 0 0 0 0 0 0 0 0 0 0 0 0 0 0 0 0 0 0 0 0 4.88 4.868 4.88 4.865 4.857 3.849 3.849 3.849 3.86 3.884 0 0 0 0 4.823 4.799 3.853 3.831 3.831 3.831 3.844 4.788 4.79 4.791 4.796 0 0 0 0 0 0 0 0 0 0 0 0 0 0 0 0 0 0 0 0 0 0 0 0 0 0 0 0 0 0 0 0 0 0 0 0 0 0 0 0 0 0 0 0 0 0 0 0 0 0 0 0 1.249 1.247 1.247 1.247 1.249 1.253 1.261 1.266 1.266 1.266 1.261 1.259 1.25 1.237 1.232 1.214 1.191 1.179 1.156 1.138 1.118 1.096 1.085 1.07 1.056 1.032 1.015 1.006 0.993 0.977 0.968 0.957 0.946 0.945 0.93 0.92 0.911 0.893 0.888 0.879 0.87 0.869 0.86 0.856 0.856 0.856 0.86 0.86 0.866 0.867 0.876 0.879 0.879 0.889 0.891 0.891 0.891 0.899 0.912 0.912 0.916 0.918 0.919 0.924 0.924 0.926 0.934 0.945 0.946 0.955 0.962 0.965 0.979 0.979 0.979 0.97 0.967 0.967 0.967 0.956 0.954 0.936 0.922 0.915 0.914 0.907 0.905 0.898 0.894 0.891 0.889 0.878 0.876 0.872 0.863 0.854 0.85 0.842 0.841 0.838 0.83 0.827 0.825 0.822 0.815 0.808 0.801 0.799 0.798 0.797 0.797 0.788 0.787 0.783 0.777 0.776 0.775 0.77 0.769 0.769 0.758 0.754 0.753 0.753 0.748 0.741 0.739 0.737 0.734 0.731 0.729 0.725 0.722 0.721 0.717 0.709 0.707 0.706 0.706 0.705 0.702 0.702 0.698 0.698 0.698 0.69 0.683 0.683 0.683 0.683 0.685 0.685 0.685 0.678 0.669 0.669 0.669 0.666 0.666 0.668 0.666 0.666 0.667 0.664 0.663 0.663 0.663 0.663 0.663 0.663 0.666 0.666 0.663 0.662 0.662 0.662 0.669 0.669 0.669 0.669 0.669 0.673 0.679 0.679 0.675 0.679 0.675 0.675 0.681 0.682 0.683 0.684 0.684 0.686 0.69 0.691 0.691 0.691 0.688 0.688 0.686 0.688 0.688 0.695 0.686 0.685 0.685 0.685 0.684 0.685 0.686 0.685 0.686 0.686 0.684 0.678 0.678 0.678 0.678 0.678 0.678 0.677 0.67 0.666 0.666 0.666 0.663 0.661 0.661 0.661 0.662 0.662 0.664 0.662 0.662 0.66 0.66 0.66 0.66 0.66 0.661 0.661 0.661 0.66 0.662 0.663 0.663 0.664 0.67 0.671 0.671 0.673 0.673 0.675 0.679 0.68 0.686 0.686 0.687 0.691 0.697 0.702 1.293 1.307 1.309 1.309 1.309 1.31 1.313 1.314 1.315 1.327 1.328 1.331 1.336 1.336 1.337 1.342 1.342 1.354 1.357
2 1.591 682 0 0 0 0 0 0 0 0 0 0 0 0 0 0 0 0 0 0 0 0 0 0 0 0 0 0 0 0 0 0 0 0 0 0 0 0 0 0 0 0 0 0 0.934 0.93 0.919 0.918 0.916 0.909 0.901 0.897 0.896 0.891 0.878 0.878 0.876 0.878 0.876 0.876 0.873 0.863 0.857 0.851 0.851 0.851 0.851 0.861 0 0 0 0 0 0 0 0 0 0 0 0 0 0 0 0 0 0 0 0 0 0 0 0 0 0 0 0 0 0 0 0 0 0 0 0 0 0 0 0 2.652 2.652 2.652 0 0 0 0 0 0 0 0 0 0 2.008 2.003 2.003 2.003 2.006 2.007 2.013 2.019 2.021 2.025 2.027 2.034 2.036 2.036 2.038 2.041 2.055 2.061 2.061 2.066 2.068 2.07 2.077 2.086 2.089 2.095 2.101 2.105 2.108 2.113 2.783 2.791 2.805 2.808 2.809 2.824 2.826 2.832 2.852 2.855 2.858 2.874 2.878 2.912 2.92 2.933 2.935 2.939 2.939 2.954 2.969 2.973 0 0 0 0 0 0 0 0 0 0 0 0 0 0 0 0 0 0 0 0 0 0 0 0 0 0 0 0 0 0 0 0 0 0 0 0 0 0 2.713 2.713 2.713 2.716 2.739 2.761 2.779 2.783 2.82 2.84 2.844 2.876 2.891 2.922 2.93 2.952 3.065 0 0 0 0 0 0 0 0 0 0 0 0 0 0 0 0 0 0 0 0 0 0 0 0 0 0 0 0 0 0 0 0 0 0 0 0 0 0 0 0 0 0 0 0 0 0 0 0 0 0 0 0 0 0 0 0 0 0 0 0 0 0 0 0 0 0 0 0 0 0 0 0 0 0 0 0 0 0 0 0 0 0 0 0 0 0 0 0 0 0 0 0 0 0 0 0 0 0 4.883 4.864 4.864 4.864 4.858 3.849 3.849 3.849 3.862 3.87 0 0 0 0 0 4.802 3.851 3.834 3.834 3.834 3.861 4.792 4.792 4.794 4.798 0 0 0 0 0 0 0 0 0 0 0 0 0 0 0 0 0 0 0 0 0 0 0 0 0 0 0 0 0 0 0 0 0 0 0 0 0 0 0 0 0 0 0 0 0 0 0 0 0 0 0 0 1.246 1.246 1.246 1.249 1.25 1.251 1.252 1.262 1.266 1.266 1.266 1.255 1.254 1.237 1.219 1.203 1.189 1.182 1.161 1.14 1.117 1.102 1.089 1.08 1.058 1.03 1.024 1.01 0.993 0.975 0.966 0.951 0.949 0.943 0.922 0.916 0.909 0.899 0.89 0.87 0.867 0.867 0.857 0.857 0.857 0.857 0.863 0.866 0.87 0.872 0.878 0.881 0.882 0.887 0.888 0.889 0.889 0.904 0.91 0.91 0.915 0.921 0.922 0.927 0.927 0.928 0.932 0.932 0.952 0.956 0.967 0.974 0.977 0.977 0.977 0.973 0.963 0.963 0.963 0.963 0.944 0.937 0.93 0.926 0.922 0.916 0.91 0.898 0.893 0.886 0.884 0.88 0.875 0.87 0.863 0.862 0.854 0.851 0.85 0.842 0.835 0.831 0.827 0.825 0.818 0.814 0.81 0.807 0.799 0.793 0.791 0.79 0.787 0.783 0.778 0.769 0.769 0.769 0.768 0.766 0.76 0.754 0.752 0.752 0.75 0.739 0.739 0.739 0.739 0.735 0.73 0.723 0.717 0.717 0.715 0.715 0.708 0.708 0.708 0.704 0.703 0.701 0.698 0.696 0.696 0.69 0.687 0.685 0.685 0.685 0.685 0.685 0.679 0.673 0.673 0.671 0.671 0.664 0.664 0.664 0.664 0.664 0.661 0.661 0.661 0.661 0.661 0.661 0.659 0.658 0.659 0.661 0.658 0.658 0.661 0.666 0.664 0.664 0.667 0.667 0.667 0.671 0.671 0.672 0.672 0.676 0.676 0.676 0.676 0.682 0.682 0.684 0.682 0.688 0.69 0.692 0.692 0.692 0.692 0.692 0.69 0.69 0.69 0.687 0.687 0.688 0.688 0.688 0.688 0.689 0.687 0.686 0.685 0.684 0.683 0.682 0.678 0.678 0.678 0.678 0.678 0.676 0.667 0.667 0.667 0.667 0.667 0.663 0.662 0.66 0.66 0.66 0.66 0.66 0.66 0.661 0.661 0.658 0.658 0.661 0.661 0.663 0.663 0.663 0.661 0.661 0.661 0.662 0.668 0.669 0.674 0.674 0.677 0.679 0.679 0.679 0.684 0.687 0.689 0.69 0.693 0.704 1.293 1.299 1.306 1.306 1.307 1.309 1.31 1.313 1.318 1.323 1.324 1.328 1.328 1.328 1.33 1.341 1.351 1.359 1.361
2 1.691 682 0 0 0 0 0 0 0 0 0 0 0 0 0 0 0 0 0 0 0 0 0 0 0 0 0 0 0 0 0 0 0 0 0 0 0 0 0 0 0 0 0 0 0.924 0.924 0.919 0.916 0.913 0.912 0.91 0.904 0.894 0.889 0.889 0.888 0.885 0.881 0.881 0.88 0.866 0.86 0.856 0.856 0.852 0.852 0.87 0 0 0 0 0 0 0 0 0 0 0 0 0 0 0 0 0 0 0 0 0 0 0 0 0 0 0 0 0 0 0 0 0 0 0 0 0 0 0 0 0 2.656 2.656 2.656 0 0 0 0 0 0 0 0 0 0 2.014 2.005 2.005 2.005 2.009 2.009 2.014 2.019 2.023 2.025 2.025 2.027 2.033 2.042 2.042 2.043 2.053 2.055 2.061 2.064 2.07 2.072 2.079 2.08 2.09 2.094 2.095 2.101 2.11 2.123 2.779 2.798 2.805 2.806 2.815 2.816 2.823 2.833 2.855 2.855 2.872 2.879 2.885 2.919 2.923 2.926 2.934 2.957 2.942 2.957 2.971 2.975 0 0 0 0 0 0 0 0 0 0 0 0 0 0 0 0 0 0 0 0 0 0 0 0 0 0 0 0 0 0 0 0 0 0 0 0 0 0 2.704 2.704 2.704 2.719 2.736 2.761 2.777 2.799 2.818 2.834 2.855 2.857 2.896 2.92 2.928 2.963 0 0 0 0 0 0 0 0 0 0 0 0 0 0 0 0 0 0 0 0 0 0 0 0 0 0 0 0 0 0 0 0 0 0 0 0 0 0 0 0 0 0 0 0 0 0 0 0 0 0 0 0 0 0 0 0 0 0 0 0 0 0 0 0 0 0 0 0 0 0 0 0 0 0 0 0 0 0 0 0 0 0 0 0 0 0 0 0 0 0 0 0 0 0 0 0 0 0 0 0 0 0 0 4.85 3.866 3.856 3.856 3.856 3.886 0 0 0 0 0 4.799 3.835 3.833 3.833 3.833 4.79 4.798 4.798 4.798 4.804 0 0 0 0 0 0 0 0 0 0 0 0 0 0 0 0 0 0 0 0 0 0 0 0 0 0 0 0 0 0 0 0 0 0 0 0 0 0 0 0 0 0 0 0 0 0 0 0 0 0 0 0 1.253 1.25 1.246 1.246 1.246 1.246 1.254 1.258 1.263 1.263 1.263 1.252 1.247 1.242 1.228 1.205 1.191 1.172 1.154 1.139 1.118 1.102 1.096 1.063 1.048 1.035 1.024 0.998 0.997 0.974 0.962 0.959 0.946 0.943 0.918 0.912 0.911 0.897 0.888 0.874 0.866 0.863 0.853 0.851 0.851 0.853 0.856 0.859 0.861 0.864 0.866 0.873 0.88 0.889 0.889 0.89 0.897 0.905 0.907 0.911 0.916 0.918 0.923 0.926 0.926 0.928 0.936 0.94 0.952 0.963 0.966 0.974 0.975 0.977 0.977 0.977 0.96 0.96 0.96 0.96 0.953 0.932 0.931 0.92 0.92 0.916 0.914 0.892 0.888 0.888 0.886 0.882 0.875 0.875 0.862 0.856 0.855 0.854 0.847 0.845 0.836 0.828 0.828 0.828 0.828 0.817 0.803 0.803 0.8 0.797 0.791 0.787 0.784 0.777 0.777 0.776 0.776 0.77 0.766 0.764 0.761 0.754 0.753 0.748 0.743 0.742 0.741 0.734 0.733 0.73 0.725 0.725 0.721 0.715 0.711 0.711 0.71 0.71 0.709 0.707 0.701 0.701 0.697 0.696 0.689 0.686 0.686 0.685 0.685 0.685 0.689 0.689 0.689 0.677 0.674 0.671 0.671 0.67 0.667 0.667 0.662 0.661 0.657 0.657 0.657 0.659 0.661 0.663 0.663 0.664 0.664 0.664 0.664 0.662 0.662 0.662 0.662 0.662 0.667 0.663 0.663 0.671 0.671 0.672 0.672 0.674 0.674 0.678 0.679 0.679 0.679 0.684 0.68 0.684 0.691 0.691 0.689 0.689 0.689 0.686 0.686 0.688 0.688 0.688 0.689 0.688 0.688 0.688 0.687 0.687 0.688 0.687 0.687 0.684 0.681 0.681 0.681 0.68 0.681 0.68 0.68 0.676 0.675 0.666 0.664 0.664 0.659 0.659 0.659 0.661 0.661 0.663 0.664 0.663 0.666 0.666 0.659 0.659 0.661 0.661 0.661 0.663 0.663 0.659 0.659 0.664 0.664 0.668 0.669 0.671 0.672 0.675 0.675 0.675 0.68 0.681 0.683 0.685 0.688 0.69 0.696 0.706 1.288 1.289 1.299 1.299 1.311 1.311 1.318 1.318 1.322 1.325 1.329 1.332 1.338 1.338 1.339 1.339 1.341 1.357 1.363
2 1.7901 682 0 0 0 0 0 0 0 0 0 0 0 0 0 0 0 0 0 0 0 0 0 0 0 0 0 0 0 0 0 0 0 0 0 0 0 0 0 0 0 0 0 0 0.922 0.915 0.915 0.915 0.912 0.905 0.905 0.899 0.893 0.889 0.884 0.884 0.88 0.884 0.88 0.88 0.875 0.862 0.857 0.857 0.854 0.854 0.86 0 0 0 0 0 0 0 0 0 0 0 0 0 0 0 0 0 0 0 0 0 0 0 0 0 0 0 0 0 0 0 0 0 0 0 0 0 0 0 0 0 0 0 0 0 0 0 0 0 0 0 0 0 0 2.009 2.001 2.001 2.001 2.007 2.01 2.012 2.018 2.019 2.023 2.024 2.031 2.033 2.035 2.038 2.047 2.054 2.06 2.063 2.066 2.066 2.073 2.083 2.084 2.088 2.091 2.101 2.101 2.11 2.129 2.774 2.787 2.804 2.805 2.816 2.826 2.83 2.845 2.85 2.857 2.859 2.872 2.892 2.906 2.918 2.931 2.931 2.932 2.932 2.955 2.963 2.964 0 0 0 0 0 0 0 0 0 0 0 0 0 0 0 0 0 0 0 0 0 0 0 0 0 0 0 0 0 0 0 0 0 0 0 0 0 0 2.719 2.719 2.719 2.723 2.737 2.768 2.778 2.806 2.822 2.839 2.854 2.864 2.882 2.913 2.939 2.94 3.068 0 0 0 0 0 0 0 0 0 0 0 0 0 0 0 0 0 0 0 0 0 0 0 0 0 0 0 0 0 0 0 0 0 0 0 0 0 0 0 0 0 0 0 0 0 0 0 0 0 0 0 0 0 0 0 0 0 0 0 0 0 0 0 0 0 0 0 0 0 0 0 0 0 0 0 0 0 0 0 0 0 0 0 0 0 0 0 0 0 0 0 0 0 0 0 0 0 0 4.867 4.858 4.858 4.854 4.854 3.861 3.861 3.861 3.888 0 0 0 0 0 0 4.801 3.846 3.83 3.83 3.83 4.793 4.795 4.797 4.797 4.801 0 0 0 0 0 0 0 0 0 0 0 0 0 0 0 0 0 0 0 0 0 0 0 0 0 0 0 0 0 0 0 0 0 0 0 0 0 0 0 0 0 0 0 0 0 0 0 0 0 0 0 0 1.251 1.251 1.249 1.249 1.251 1.253 1.253 1.259 1.261 1.261 1.261 1.256 1.245 1.244 1.225 1.208 1.184 1.181 1.149 1.139 1.11 1.1 1.084 1.062 1.053 1.028 1.024 1.01 0.989 0.983 0.968 0.953 0.948 0.936 0.924 0.911 0.909 0.893 0.882 0.873 0.873 0.864 0.856 0.856 0.856 0.856 0.856 0.861 0.865 0.867 0.869 0.88 0.886 0.891 0.891 0.891 0.891 0.903 0.91 0.911 0.915 0.919 0.921 0.924 0.924 0.928 0.932 0.938 0.953 0.956 0.964 0.975 0.977 0.977 0.977 0.967 0.965 0.965 0.965 0.963 0.949 0.933 0.927 0.925 0.92 0.914 0.903 0.902 0.891 0.89 0.884 0.873 0.869 0.869 0.866 0.856 0.854 0.849 0.847 0.839 0.833 0.831 0.826 0.825 0.825 0.813 0.802 0.802 0.798 0.794 0.794 0.788 0.785 0.783 0.781 0.775 0.771 0.771 0.763 0.763 0.754 0.754 0.745 0.745 0.737 0.735 0.734 0.733 0.73 0.729 0.723 0.723 0.723 0.723 0.714 0.71 0.709 0.707 0.709 0.709 0.704 0.699 0.696 0.691 0.687 0.684 0.684 0.683 0.683 0.684 0.69 0.69 0.69 0.672 0.669 0.669 0.669 0.664 0.663 0.663 0.663 0.662 0.661 0.661 0.656 0.661 0.661 0.662 0.662 0.662 0.663 0.664 0.663 0.663 0.664 0.664 0.67 0.67 0.67 0.67 0.67 0.67 0.672 0.674 0.674 0.677 0.677 0.677 0.675 0.678 0.678 0.681 0.678 0.684 0.684 0.695 0.685 0.687 0.687 0.693 0.687 0.693 0.693 0.688 0.687 0.687 0.687 0.687 0.684 0.684 0.685 0.685 0.686 0.686 0.685 0.681 0.681 0.681 0.681 0.679 0.679 0.677 0.668 0.668 0.668 0.668 0.664 0.662 0.662 0.66 0.66 0.663 0.663 0.66 0.663 0.66 0.66 0.66 0.66 0.66 0.661 0.661 0.661 0.662 0.662 0.663 0.663 0.664 0.664 0.667 0.672 0.673 0.673 0.677 0.677 0.685 0.687 0.687 0.687 0.688 0.698 0.701 1.29 1.309 1.309 1.309 1.311 1.312 1.312 1.316 1.318 1.32 1.333 1.336 1.336 1.336 1.337 1.338 1.345 1.359 1.362
2 1.89 682 0 0 0 0 0 0 0 0 0 0 0 0 0 0 0 0 0 0 0 0 0 0 0 0 0 0 0 0 0 0 0 0 0 0 0 0 0 0 0 0 0 0 0.926 0.925 0.925 0.921 0.921 0.915 0.901 0.9 0.893 0.885 0.885 0.885 0.881 0.879 0.879 0.878 0.875 0.868 0.86 0.86 0.857 0.852 0.857 0 0 0 0 0 0 0 0 0 0 0 0 0 0 0 0 0 0 0 0 0 0 0 0 0 0 0 0 0 0 0 0 0 0 0 0 0 0 0 0 0 0 0 0 0 0 0 0 0 0 0 0 0 0 2.008 2.001 2.001 2.001 2.006 2.006 2.015 2.019 2.02 2.021 2.029 2.03 2.034 2.04 2.045 2.047 2.053 2.056 2.058 2.06 2.063 2.066 2.069 2.083 2.089 2.095 2.096 2.104 2.116 2.126 2.782 2.79 2.801 2.81 2.827 2.83 2.831 2.841 2.844 2.863 2.869 2.869 2.885 2.922 2.924 2.932 2.932 2.935 2.938 2.966 2.967 2.992 0 0 0 0 0 0 0 0 0 0 0 0 0 0 0 0 0 0 0 0 0 0 0 0 0 0 0 0 0 0 0 0 0 0 0 0 0 0 2.707 2.707 2.707 2.726 2.741 2.748 2.779 2.804 2.817 2.832 2.856 2.864 2.889 2.92 2.934 2.95 3.077 0 0 0 0 0 0 0 0 0 0 0 0 0 0 0 0 0 0 0 0 0 0 0 0 0 0 0 0 0 0 0 0 0 0 0 0 0 0 0 0 0 0 0 0 0 0 0 0 0 0 0 0 0 0 0 0 0 0 0 0 0 0 0 0 0 0 0 0 0 0 0 0 0 0 0 0 0 0 0 0 0 0 0 0 0 0 0 0 0 0 0 0 0 0 0 0 0 0 0 0 0 4.866 3.877 3.876 3.876 3.877 3.899 0 0 0 0 0 0 0 3.835 3.824 3.824 3.824 4.786 4.795 4.795 4.795 4.795 0 0 0 0 0 0 0 0 0 0 0 0 0 0 0 0 0 0 0 0 0 0 0 0 0 0 0 0 0 0 0 0 0 0 0 0 0 0 0 0 0 0 0 0 0 0 0 0 0 0 0 0 1.251 1.251 1.247 1.247 1.247 1.247 1.247 1.262 1.262 1.262 1.266 1.258 1.25 1.234 1.22 1.207 1.189 1.183 1.152 1.134 1.117 1.09 1.084 1.072 1.053 1.025 1.014 1.009 0.997 0.982 0.973 0.954 0.953 0.94 0.924 0.913 0.907 0.891 0.886 0.873 0.872 0.87 0.857 0.851 0.85 0.85 0.854 0.854 0.855 0.873 0.874 0.876 0.886 0.889 0.891 0.891 0.893 0.904 0.905 0.909 0.913 0.913 0.915 0.922 0.922 0.927 0.937 0.944 0.947 0.964 0.968 0.968 0.975 0.975 0.975 0.968 0.967 0.967 0.968 0.96 0.948 0.932 0.927 0.923 0.922 0.913 0.911 0.898 0.893 0.891 0.882 0.878 0.877 0.875 0.864 0.86 0.855 0.845 0.842 0.84 0.834 0.833 0.822 0.822 0.818 0.816 0.811 0.801 0.8 0.798 0.795 0.79 0.786 0.784 0.772 0.771 0.766 0.771 0.766 0.765 0.764 0.75 0.75 0.75 0.749 0.749 0.745 0.739 0.735 0.726 0.724 0.724 0.72 0.72 0.716 0.712 0.712 0.709 0.706 0.704 0.701 0.699 0.698 0.697 0.687 0.684 0.684 0.683 0.683 0.683 0.688 0.679 0.679 0.673 0.673 0.673 0.669 0.669 0.669 0.667 0.667 0.667 0.664 0.663 0.663 0.663 0.663 0.663 0.663 0.662 0.662 0.661 0.661 0.659 0.659 0.659 0.663 0.658 0.669 0.669 0.669 0.669 0.672 0.673 0.677 0.677 0.677 0.678 0.678 0.678 0.678 0.683 0.678 0.683 0.685 0.69 0.69 0.691 0.691 0.691 0.686 0.691 0.689 0.686 0.689 0.689 0.689 0.687 0.689 0.687 0.689 0.686 0.687 0.685 0.684 0.681 0.678 0.677 0.675 0.675 0.675 0.675 0.673 0.672 0.667 0.667 0.666 0.664 0.663 0.663 0.663 0.662 0.663 0.661 0.659 0.659 0.659 0.659 0.659 0.659 0.66 0.661 0.661 0.662 0.664 0.662 0.662 0.668 0.669 0.668 0.671 0.673 0.673 0.678 0.679 0.681 0.682 0.682 0.682 0.682 0.697 0.706 1.293 1.297 1.304 1.304 1.311 1.311 1.313 1.313 1.32 1.321 1.323 1.337 1.337 1.337 1.338 1.345 1.347 1.354 1.356
2 1.99 682 0 0 0 0 0 0 0 0 0 0 0 0 0 0 0 0 0 0 0 0 0 0 0 0 0 0 0 0 0 0 0 0 0 0 0 0 0 0 0 0 0 0 0.928 0.924 0.916 0.916 0.915 0.914 0.904 0.901 0.9 0.89 0.884 0.884 0.882 0.879 0.879 0.872 0.87 0.868 0.859 0.859 0.853 0.859 0.86 0 0 0 0 0 0 0 0 0 0 0 0 0 0 0 0 0 0 0 0 0 0 0 0 0 0 0 0 0 0 0 0 0 0 0 0 0 0 0 0 0 0 0 0 0 0 0 0 0 0 0 0 0 0 2.012 2.005 2.005 2.005 2.007 2.012 2.017 2.017 2.024 2.026 2.029 2.034 2.034 2.04 2.045 2.045 2.05 2.058 2.059 2.063 2.064 2.064 2.08 2.082 2.092 2.094 2.095 2.108 2.108 2.121 2.772 2.797 2.803 2.811 2.824 2.826 2.835 2.836 2.85 2.858 2.865 2.873 2.881 2.922 2.922 2.922 2.925 2.925 2.945 2.957 2.965 2.977 0 0 0 0 0 0 0 0 0 0 0 0 0 0 0 0 0 0 0 0 0 0 0 0 0 0 0 0 0 0 0 0 0 0 0 0 0 0 2.708 2.708 2.708 2.714 2.745 2.766 2.792 2.805 2.81 2.835 2.852 2.877 2.881 2.914 2.936 2.947 3.088 0 0 0 0 0 0 0 0 0 0 0 0 0 0 0 0 0 0 0 0 0 0 0 0 0 0 0 0 0 0 0 0 0 0 0 0 0 0 0 0 0 0 0 0 0 0 0 0 0 0 0 0 0 0 0 0 0 0 0 0 0 0 0 0 0 0 0 0 0 0 0 0 0 0 0 0 0 0 0 0 0 0 0 0 0 0 0 0 0 0 0 0 0 0 0 0 0 4.874 4.865 4.865 4.854 4.851 3.893 3.893 3.893 3.895 0 0 0 0 0 0 0 3.836 3.822 3.822 3.822 4.784 4.793 4.795 4.793 4.795 4.795 0 0 0 0 0 0 0 0 0 0 0 0 0 0 0 0 0 0 0 0 0 0 0 0 0 0 0 0 0 0 0 0 0 0 0 0 0 0 0 0 0 0 0 0 0 0 0 0 0 0 0 0 1.247 1.247 1.247 1.247 1.247 1.249 1.255 1.259 1.261 1.261 1.261 1.26 1.256 1.238 1.234 1.209 1.192 1.179 1.145 1.143 1.117 1.1 1.082 1.063 1.053 1.03 1.023 1.01 0.993 0.979 0.968 0.954 0.953 0.946 0.926 0.92 0.9 0.897 0.891 0.876 0.874 0.87 0.854 0.853 0.853 0.854 0.855 0.861 0.865 0.876 0.879 0.879 0.879 0.885 0.888 0.888 0.888 0.899 0.902 0.904 0.909 0.909 0.922 0.925 0.925 0.928 0.938 0.94 0.944 0.958 0.97 0.972 0.973 0.973 0.973 0.968 0.966 0.966 0.966 0.956 0.951 0.933 0.922 0.919 0.918 0.911 0.908 0.902 0.9 0.891 0.889 0.888 0.876 0.866 0.86 0.857 0.851 0.85 0.849 0.841 0.83 0.83 0.824 0.818 0.815 0.809 0.808 0.803 0.797 0.796 0.796 0.786 0.785 0.781 0.772 0.772 0.769 0.771 0.769 0.76 0.758 0.757 0.751 0.747 0.746 0.735 0.734 0.734 0.731 0.728 0.726 0.725 0.722 0.716 0.713 0.706 0.706 0.704 0.704 0.704 0.702 0.697 0.697 0.693 0.689 0.688 0.684 0.684 0.683 0.683 0.684 0.681 0.681 0.668 0.668 0.668 0.668 0.663 0.668 0.667 0.663 0.667 0.667 0.667 0.664 0.664 0.663 0.664 0.662 0.66 0.662 0.662 0.661 0.661 0.661 0.661 0.662 0.662 0.666 0.669 0.671 0.675 0.675 0.675 0.675 0.675 0.676 0.677 0.677 0.681 0.681 0.681 0.681 0.681 0.688 0.691 0.691 0.691 0.689 0.689 0.687 0.689 0.687 0.689 0.689 0.689 0.689 0.689 0.688 0.686 0.685 0.684 0.684 0.684 0.683 0.68 0.68 0.68 0.679 0.678 0.678 0.675 0.675 0.673 0.667 0.666 0.666 0.667 0.667 0.667 0.667 0.666 0.666 0.659 0.659 0.66 0.66 0.66 0.66 0.66 0.66 0.66 0.657 0.657 0.66 0.659 0.659 0.669 0.669 0.668 0.669 0.674 0.675 0.675 0.678 0.683 0.685 0.687 0.696 0.698 0.698 0.701 1.287 1.296 1.306 1.306 1.307 1.312 1.312 1.32 1.323 1.323 1.328 1.329 1.338 1.338 1.338 1.346 1.347 1.358 1.362
2 2.089 682 0 0 0 0 0 0 0 0 0 0 0 0 0 0 0 0 0 0 0 0 0 0 0 0 0 0 0 0 0 0 0 0 0 0 0 0 0 0 0 0 0 0 0.923 0.923 0.922 0.922 0.913 0.913 0.912 0.909 0.896 0.89 0.888 0.888 0.884 0.884 0.884 0.881 0.872 0.857 0.853 0.853 0.853 0.853 0.857 0 0 0 0 0 0 0 0 0 0 0 0 0 0 0 0 0 0 0 0 0 0 0 0 0 0 0 0 0 0 0 0 0 0 0 0 0 0 0 0 0 0 0 0 0 0 0 0 0 0 0 0 0 0 2.016 2.005 2.005 2.005 2.007 2.009 2.009 2.016 2.018 2.03 2.031 2.032 2.035 2.038 2.042 2.048 2.053 2.059 2.071 2.071 2.072 2.073 2.078 2.092 2.092 2.096 2.097 2.104 2.105 2.124 2.776 2.794 2.802 2.806 2.813 2.821 2.824 2.842 2.846 2.859 2.869 2.875 2.887 2.913 2.917 2.922 2.926 2.926 2.94 2.96 2.971 2.98 0 0 0 0 0 0 0 0 0 0 0 0 0 0 0 0 0 0 0 0 0 0 0 0 0 0 0 0 0 0 0 0 0 0 0 0 0 0 2.702 2.702 2.702 2.723 2.745 2.759 2.781 2.794 2.823 2.845 2.863 2.868 2.887 2.924 2.93 2.958 3.062 0 0 0 0 0 0 0 0 0 0 0 0 0 0 0 0 0 0 0 0 0 0 0 0 0 0 0 0 0 0 0 0 0 0 0 0 0 0 0 0 0 0 0 0 0 0 0 0 0 0 0 0 0 0 0 0 0 0 0 0 0 0 0 0 0 0 0 0 0 0 0 0 0 0 0 0 0 0 0 0 0 0 0 0 0 0 0 0 0 0 0 0 0 0 0 0 0 4.869 4.869 4.869 4.869 4.856 3.902 3.902 3.902 3.924 4.834 0 0 0 0 0 0 3.848 3.828 3.828 3.828 4.786 4.793 4.793 4.793 4.793 4.794 0 0 0 0 0 0 0 0 0 0 0 0 0 0 0 0 0 0 0 0 0 0 0 0 0 0 0 0 0 0 0 0 0 0 0 0 0 0 0 0 0 0 0 0 0 0 0 0 0 0 0 0 1.253 1.249 1.249 1.249 1.247 1.247 1.253 1.259 1.263 1.263 1.263 1.259 1.256 1.245 1.228 1.209 1.188 1.175 1.155 1.144 1.109 1.1 1.09 1.055 1.054 1.03 1.023 1.01 0.995 0.982 0.965 0.952 0.942 0.941 0.924 0.919 0.91 0.89 0.887 0.874 0.868 0.867 0.856 0.855 0.855 0.855 0.856 0.861 0.864 0.873 0.876 0.877 0.884 0.884 0.893 0.896 0.898 0.901 0.904 0.905 0.912 0.921 0.922 0.931 0.931 0.933 0.933 0.94 0.951 0.953 0.966 0.97 0.972 0.972 0.97 0.969 0.959 0.959 0.959 0.957 0.946 0.94 0.93 0.924 0.921 0.913 0.903 0.9 0.894 0.88 0.877 0.876 0.875 0.873 0.863 0.86 0.851 0.848 0.847 0.841 0.836 0.828 0.827 0.826 0.82 0.812 0.803 0.801 0.797 0.793 0.791 0.786 0.784 0.777 0.772 0.771 0.77 0.77 0.769 0.764 0.761 0.761 0.746 0.744 0.743 0.742 0.736 0.735 0.735 0.727 0.725 0.725 0.724 0.72 0.714 0.713 0.709 0.709 0.709 0.707 0.704 0.7 0.699 0.698 0.687 0.686 0.682 0.682 0.682 0.683 0.683 0.683 0.683 0.676 0.671 0.67 0.669 0.667 0.669 0.668 0.664 0.663 0.664 0.663 0.662 0.662 0.662 0.662 0.663 0.663 0.664 0.664 0.664 0.659 0.664 0.664 0.664 0.664 0.664 0.664 0.669 0.671 0.671 0.673 0.673 0.676 0.677 0.677 0.677 0.682 0.683 0.683 0.683 0.684 0.691 0.691 0.691 0.691 0.691 0.689 0.688 0.688 0.687 0.687 0.687 0.685 0.685 0.685 0.685 0.687 0.687 0.685 0.686 0.685 0.682 0.68 0.682 0.682 0.682 0.678 0.678 0.674 0.673 0.672 0.672 0.668 0.667 0.664 0.664 0.664 0.663 0.663 0.666 0.662 0.662 0.662 0.662 0.662 0.657 0.657 0.663 0.662 0.662 0.662 0.662 0.662 0.661 0.662 0.662 0.668 0.669 0.676 0.676 0.678 0.681 0.684 0.685 0.685 0.688 0.69 0.697 0.703 1.293 1.297 1.305 1.305 1.313 1.313 1.315 1.315 1.32 1.318 1.32 1.331 1.339 1.339 1.341 1.342 1.349 1.357 1.358
2 2.189 682 0 0 0 0 0 0 0 0 0 0 0 0 0 0 0 0 0 0 0 0 0 0 0 0 0 0 0 0 0 0 0 0 0 0 0 0 0 0 0 0 0 0 0 0.925 0.924 0.923 0.911 0.911 0.911 0.904 0.894 0.89 0.882 0.882 0.881 0.881 0.875 0.875 0.872 0.862 0.861 0.861 0.854 0.854 0.868 0 0 0 0 0 0 0 0 0 0 0 0 0 0 0 0 0 0 0 0 0 0 0 0 0 0 0 0 0 0 0 0 0 0 0 0 0 0 0 0 0 0 0 0 0 0 0 0 0 0 0 0 0 0 2.008 2.005 2.005 2.005 2.009 2.009 2.018 2.018 2.019 2.024 2.03 2.031 2.034 2.036 2.041 2.043 2.053 2.054 2.057 2.064 2.068 2.069 2.073 2.082 2.091 2.093 2.094 2.106 2.11 2.122 2.781 2.793 2.801 2.807 2.821 2.821 2.831 2.841 2.855 2.861 2.872 2.883 2.892 2.915 2.923 2.924 2.93 2.933 2.942 2.961 2.961 2.981 0 0 0 0 0 0 0 0 0 0 0 0 0 0 0 0 0 0 0 0 0 0 0 0 0 0 0 0 0 0 0 0 0 0 0 0 0 0 2.711 2.711 2.711 2.721 2.743 2.759 2.777 2.805 2.812 2.838 2.865 2.87 2.889 2.928 2.931 2.96 0 0 0 0 0 0 0 0 0 0 0 0 0 0 0 0 0 0 0 0 0 0 0 0 0 0 0 0 0 0 0 0 0 0 0 0 0 0 0 0 0 0 0 0 0 0 0 0 0 0 0 0 0 0 0 0 0 0 0 0 0 0 0 0 0 0 0 0 0 0 0 0 0 0 0 0 0 0 0 0 0 0 0 0 0 0 0 0 0 0 0 0 0 0 0 0 0 0 0 4.868 4.865 4.862 3.909 3.907 3.907 3.907 3.94 4.819 0 0 0 0 0 3.906 3.873 3.869 3.869 3.869 4.791 4.791 4.791 4.791 4.791 4.806 0 0 0 0 0 0 0 0 0 0 0 0 0 0 0 0 0 0 0 0 0 0 0 0 0 0 0 0 0 0 0 0 0 0 0 0 0 0 0 0 0 0 0 0 0 0 0 0 0 0 0 0 1.245 1.245 1.245 1.245 1.245 1.249 1.249 1.26 1.261 1.261 1.262 1.261 1.254 1.24 1.223 1.209 1.191 1.176 1.156 1.146 1.113 1.095 1.091 1.063 1.057 1.03 1.014 1.013 0.988 0.977 0.966 0.952 0.948 0.947 0.924 0.914 0.905 0.896 0.89 0.874 0.872 0.87 0.854 0.854 0.854 0.854 0.859 0.862 0.867 0.874 0.876 0.877 0.886 0.889 0.89 0.892 0.896 0.903 0.903 0.909 0.912 0.918 0.922 0.926 0.926 0.935 0.936 0.937 0.954 0.959 0.959 0.965 0.975 0.975 0.975 0.974 0.964 0.964 0.964 0.963 0.958 0.936 0.93 0.925 0.92 0.918 0.905 0.903 0.891 0.888 0.881 0.881 0.876 0.874 0.864 0.857 0.848 0.844 0.842 0.84 0.84 0.836 0.833 0.817 0.815 0.81 0.809 0.806 0.801 0.792 0.792 0.788 0.788 0.786 0.78 0.769 0.768 0.768 0.76 0.758 0.758 0.752 0.75 0.747 0.747 0.744 0.74 0.736 0.732 0.731 0.729 0.727 0.725 0.722 0.712 0.711 0.709 0.707 0.707 0.701 0.7 0.699 0.696 0.69 0.685 0.685 0.683 0.683 0.683 0.683 0.683 0.683 0.683 0.673 0.671 0.671 0.671 0.67 0.67 0.671 0.667 0.662 0.66 0.659 0.659 0.659 0.66 0.663 0.667 0.667 0.668 0.668 0.667 0.663 0.663 0.663 0.663 0.663 0.663 0.663 0.673 0.674 0.674 0.676 0.676 0.675 0.674 0.675 0.675 0.675 0.682 0.682 0.682 0.685 0.685 0.685 0.687 0.687 0.687 0.688 0.687 0.688 0.688 0.689 0.687 0.687 0.687 0.687 0.687 0.685 0.683 0.683 0.683 0.682 0.682 0.682 0.68 0.68 0.678 0.675 0.675 0.675 0.675 0.671 0.666 0.666 0.664 0.664 0.664 0.661 0.66 0.66 0.66 0.66 0.66 0.658 0.658 0.656 0.658 0.657 0.658 0.658 0.658 0.657 0.658 0.661 0.662 0.666 0.667 0.668 0.669 0.672 0.672 0.681 0.682 0.683 0.684 0.685 0.69 0.696 0.7 0.707 1.295 1.298 1.306 1.306 1.307 1.311 1.313 1.314 1.32 1.322 1.328 1.333 1.337 1.337 1.346 1.346 1.348 1.357 1.358
2 2.289 682 0 0 0 0 0 0 0 0 0 0 0 0 0 0 0 0 0 0 0 0 0 0 0 0 0 0 0 0 0 0 0 0 0 0 0 0 0 0 0 0 0 0 0.922 0.915 0.915 0.914 0.911 0.908 0.904 0.903 0.89 0.886 0.884 0.882 0.88 0.88 0.88 0.876 0.874 0.86 0.857 0.857 0.853 0.853 0.856 0 0 0 0 0 0 0 0 0 0 0 0 0 0 0 0 0 0 0 0 0 0 0 0 0 0 0 0 0 0 0 0 0 0 0 0 0 0 0 0 0 0 0 0 0 0 0 0 0 0 0 0 0 0 2.015 2.006 2.006 2.006 2.009 2.014 2.015 2.015 2.016 2.023 2.03 2.034 2.042 2.043 2.044 2.047 2.05 2.059 2.061 2.061 2.063 2.068 2.073 2.087 2.089 2.097 2.099 2.1 2.102 2.127 2.779 2.797 2.799 2.808 2.823 2.824 2.824 2.844 2.848 2.859 2.862 2.867 2.884 2.914 2.925 2.929 2.933 2.94 2.945 2.957 2.981 2.984 0 0 0 0 0 0 0 0 0 0 0 0 0 0 0 0 0 0 0 0 0 0 0 0 0 0 0 0 0 0 0 0 0 0 0 0 0 0 2.7 2.7 2.7 2.725 2.734 2.754 2.772 2.803 2.818 2.834 2.848 2.868 2.884 2.925 2.931 2.96 3.078 0 0 0 0 0 0 0 0 0 0 0 0 0 0 0 0 0 0 0 0 0 0 0 0 0 0 0 0 0 0 0 0 0 0 0 0 0 0 0 0 0 0 0 0 0 0 0 0 0 0 0 0 0 0 0 0 0 0 0 0 0 0 0 0 0 0 0 0 0 0 0 0 0 0 0 0 0 0 0 0 0 0 0 0 0 0 0 0 0 0 0 0 0 0 0 0 0 0 4.86 4.86 4.841 3.908 3.908 3.908 3.929 3.944 4.82 4.822 0 0 0 0 3.931 3.914 3.914 3.914 4.778 4.785 4.788 4.791 4.791 4.793 4.795 0 0 0 0 0 0 0 0 0 0 0 0 0 0 0 0 0 0 0 0 0 0 0 0 0 0 0 0 0 0 0 0 0 0 0 0 0 0 0 0 0 0 0 0 0 0 0 0 0 0 0 0 1.249 1.247 1.246 1.246 1.246 1.246 1.251 1.264 1.264 1.264 1.264 1.254 1.253 1.238 1.227 1.206 1.194 1.179 1.153 1.134 1.116 1.102 1.079 1.066 1.054 1.034 1.02 1.001 0.995 0.973 0.972 0.957 0.948 0.947 0.928 0.915 0.907 0.894 0.889 0.873 0.87 0.865 0.861 0.851 0.851 0.855 0.861 0.866 0.866 0.868 0.869 0.872 0.888 0.888 0.89 0.894 0.897 0.898 0.9 0.904 0.914 0.914 0.915 0.931 0.931 0.933 0.933 0.94 0.954 0.957 0.96 0.972 0.976 0.976 0.976 0.966 0.964 0.964 0.964 0.962 0.957 0.937 0.926 0.925 0.916 0.909 0.908 0.897 0.896 0.888 0.888 0.884 0.88 0.87 0.861 0.86 0.852 0.843 0.84 0.839 0.834 0.828 0.824 0.823 0.822 0.816 0.806 0.802 0.801 0.79 0.79 0.788 0.785 0.785 0.774 0.771 0.767 0.767 0.766 0.766 0.761 0.759 0.751 0.747 0.744 0.737 0.737 0.735 0.732 0.729 0.728 0.725 0.722 0.717 0.716 0.711 0.708 0.708 0.702 0.702 0.7 0.7 0.697 0.695 0.69 0.684 0.683 0.682 0.682 0.682 0.688 0.688 0.688 0.673 0.672 0.671 0.67 0.668 0.668 0.663 0.664 0.663 0.663 0.66 0.66 0.66 0.662 0.662 0.664 0.664 0.669 0.669 0.666 0.663 0.663 0.663 0.663 0.662 0.663 0.664 0.664 0.666 0.671 0.675 0.675 0.675 0.676 0.677 0.677 0.677 0.677 0.677 0.676 0.683 0.691 0.691 0.688 0.688 0.688 0.686 0.686 0.686 0.686 0.686 0.686 0.684 0.684 0.685 0.684 0.685 0.685 0.685 0.688 0.688 0.685 0.685 0.684 0.682 0.68 0.68 0.68 0.68 0.674 0.674 0.673 0.668 0.668 0.668 0.664 0.664 0.664 0.663 0.663 0.662 0.66 0.66 0.66 0.658 0.66 0.659 0.66 0.66 0.661 0.661 0.662 0.662 0.663 0.666 0.667 0.675 0.676 0.678 0.678 0.679 0.681 0.685 0.686 0.686 0.686 0.69 0.691 0.701 1.285 1.298 1.307 1.307 1.312 1.312 1.312 1.319 1.32 1.329 1.329 1.33 1.335 1.335 1.34 1.341 1.348 1.355 1.356
2 2.3881 682 0 0 0 0 0 0 0 0 0 0 0 0 0 0 0 0 0 0 0 0 0 0 0 0 0 0 0 0 0 0 0 0 0 0 0 0 0 0 0 0 0 0 0.925 0.923 0.916 0.91 0.91 0.904 0.9 0.9 0.898 0.892 0.886 0.886 0.882 0.878 0.874 0.873 0.868 0.864 0.862 0.862 0.857 0.857 0.865 0 0 0 0 0 0 0 0 0 0 0 0 0 0 0 0 0 0 0 0 0 0 0 0 0 0 0 0 0 0 0 0 0 0 0 0 0 0 0 0 0 0 0 0 0 0 0 0 0 0 0 0 0 0 2.014 2.004 2.004 2.004 2.013 2.013 2.014 2.017 2.021 2.022 2.023 2.034 2.036 2.04 2.04 2.051 2.051 2.054 2.059 2.063 2.067 2.07 2.077 2.086 2.091 2.092 2.096 2.108 2.111 2.12 2.78 2.801 2.805 2.81 2.821 2.823 2.829 2.851 2.852 2.852 2.866 2.872 2.882 2.907 2.919 2.924 2.929 2.929 2.945 2.96 2.973 2.975 0 0 0 0 0 0 0 0 0 0 0 0 0 0 0 0 0 0 0 0 0 0 0 0 0 0 0 0 0 0 0 0 0 0 0 0 0 0 2.712 2.712 2.712 2.716 2.73 2.751 2.782 2.794 2.812 2.834 2.849 2.866 2.886 2.925 2.939 2.954 3.066 0 0 0 0 0 0 0 0 0 0 0 0 0 0 0 0 0 0 0 0 0 0 0 0 0 0 0 0 0 0 0 0 0 0 0 0 0 0 0 0 0 0 0 0 0 0 0 0 0 0 0 0 0 0 0 0 0 0 0 0 0 0 0 0 0 0 0 0 0 0 0 0 0 0 0 0 0 0 0 0 0 0 0 0 0 0 0 0 0 0 0 0 0 0 0 0 0 4.87 4.865 4.864 4.828 3.914 3.914 3.914 3.932 3.962 4.819 4.83 0 0 0 3.994 3.994 3.994 4.01 4.78 4.791 4.791 4.791 4.791 4.791 4.794 4.794 0 0 0 0 0 0 0 0 0 0 0 0 0 0 0 0 0 0 0 0 0 0 0 0 0 0 0 0 0 0 0 0 0 0 0 0 0 0 0 0 0 0 0 0 0 0 0 0 0 0 0 0 1.252 1.247 1.245 1.247 1.251 1.251 1.251 1.261 1.261 1.261 1.26 1.259 1.253 1.237 1.221 1.2 1.193 1.172 1.149 1.145 1.116 1.091 1.086 1.063 1.052 1.026 1.015 1.006 0.998 0.979 0.97 0.957 0.948 0.943 0.932 0.915 0.904 0.89 0.884 0.875 0.869 0.867 0.855 0.854 0.852 0.852 0.855 0.859 0.865 0.876 0.878 0.879 0.884 0.886 0.887 0.887 0.893 0.9 0.903 0.909 0.914 0.92 0.921 0.926 0.926 0.928 0.932 0.932 0.959 0.96 0.966 0.97 0.97 0.97 0.97 0.97 0.958 0.958 0.958 0.958 0.951 0.932 0.928 0.922 0.92 0.91 0.908 0.898 0.889 0.889 0.888 0.887 0.878 0.867 0.861 0.855 0.851 0.845 0.844 0.841 0.838 0.829 0.829 0.828 0.82 0.81 0.81 0.802 0.8 0.796 0.795 0.793 0.79 0.786 0.786 0.77 0.769 0.769 0.767 0.759 0.758 0.754 0.754 0.752 0.745 0.745 0.74 0.74 0.737 0.729 0.725 0.725 0.725 0.716 0.715 0.712 0.709 0.708 0.704 0.703 0.702 0.702 0.697 0.696 0.696 0.69 0.685 0.684 0.684 0.684 0.684 0.684 0.683 0.673 0.671 0.668 0.67 0.668 0.668 0.669 0.669 0.667 0.667 0.663 0.662 0.662 0.662 0.662 0.662 0.664 0.666 0.666 0.664 0.663 0.663 0.663 0.663 0.663 0.663 0.663 0.663 0.672 0.675 0.675 0.677 0.68 0.68 0.68 0.68 0.679 0.679 0.683 0.683 0.683 0.687 0.691 0.691 0.691 0.691 0.684 0.684 0.684 0.687 0.687 0.689 0.687 0.687 0.688 0.686 0.686 0.686 0.686 0.686 0.684 0.681 0.676 0.676 0.676 0.678 0.678 0.678 0.675 0.673 0.667 0.667 0.667 0.663 0.663 0.663 0.661 0.661 0.663 0.66 0.66 0.66 0.66 0.66 0.658 0.658 0.658 0.662 0.662 0.662 0.66 0.662 0.66 0.66 0.668 0.669 0.669 0.671 0.673 0.676 0.678 0.68 0.681 0.684 0.684 0.691 0.691 0.696 0.707 1.29 1.298 1.304 1.304 1.315 1.315 1.316 1.316 1.32 1.329 1.329 1.335 1.336 1.336 1.337 1.339 1.349 1.357 1.359
2 2.488 682 0 0 0 0 0 0 0 0 0 0 0 0 0 0 0 0 0 0 0 0 0 0 0 0 0 0 0 0 0 0 0 0 0 0 0 0 0 0 0 0 0 0 0 0.923 0.921 0.916 0.912 0.912 0.912 0.912 0.897 0.89 0.881 0.878 0.877 0.877 0.877 0.877 0.866 0.864 0.862 0.848 0.848 0.848 0.848 0.863 0 0 0 0 0 0 0 0 0 0 0 0 0 0 0 0 0 0 0 0 0 0 0 0 0 0 0 0 0 0 0 0 0 0 0 0 0 0 0 0 0 0 0 0 0 0 0 0 0 0 0 0 0 2.012 2.006 2.006 2.006 2.009 2.012 2.013 2.017 2.022 2.025 2.027 2.035 2.038 2.039 2.04 2.04 2.053 2.058 2.061 2.064 2.064 2.067 2.081 2.087 2.088 2.093 2.093 2.106 2.109 2.128 2.784 2.796 2.803 2.805 2.812 2.823 2.837 2.846 2.854 2.854 2.861 2.869 2.891 2.918 2.918 2.925 2.939 2.947 2.947 2.965 2.971 2.973 0 0 0 0 0 0 0 0 0 0 0 0 0 0 0 0 0 0 0 0 0 0 0 0 0 0 0 0 0 0 0 0 0 0 0 0 0 0 2.707 2.707 2.707 2.72 2.734 2.766 2.783 2.792 2.82 2.841 2.856 2.861 2.885 2.938 2.943 2.952 3.076 0 0 0 0 0 0 0 0 0 0 0 0 0 0 0 0 0 0 0 0 0 0 0 0 0 0 0 0 0 0 0 0 0 0 0 0 0 0 0 0 0 0 0 0 0 0 0 0 0 0 0 0 0 0 0 0 0 0 0 0 0 0 0 0 0 0 0 0 0 0 0 0 0 0 0 0 0 0 0 0 0 0 0 0 0 0 0 0 0 0 0 0 0 0 0 0 0 0 4.866 4.865 4.818 3.929 3.929 3.929 3.946 4.824 4.825 4.825 4.824 4.091 4.079 4.079 4.079 4.793 4.793 4.793 4.793 4.793 4.793 4.793 4.795 4.797 4.797 0 0 0 0 0 0 0 0 0 0 0 0 0 0 0 0 0 0 0 0 0 0 0 0 0 0 0 0 0 0 0 0 0 0 0 0 0 0 0 0 0 0 0 0 0 0 0 0 0 0 0 0 1.251 1.245 1.245 1.251 1.251 1.253 1.253 1.264 1.264 1.264 1.263 1.263 1.254 1.235 1.223 1.203 1.193 1.176 1.149 1.143 1.11 1.107 1.084 1.068 1.054 1.03 1.015 1.009 0.993 0.976 0.972 0.952 0.946 0.946 0.924 0.915 0.914 0.889 0.884 0.875 0.872 0.867 0.856 0.854 0.854 0.854 0.864 0.865 0.866 0.873 0.877 0.879 0.879 0.886 0.89 0.899 0.899 0.902 0.907 0.907 0.92 0.92 0.921 0.925 0.925 0.931 0.938 0.941 0.953 0.956 0.965 0.975 0.977 0.977 0.977 0.969 0.967 0.967 0.967 0.958 0.956 0.931 0.928 0.925 0.921 0.91 0.903 0.898 0.896 0.893 0.885 0.884 0.875 0.869 0.864 0.855 0.854 0.847 0.844 0.84 0.829 0.827 0.827 0.825 0.823 0.81 0.809 0.806 0.805 0.805 0.793 0.793 0.788 0.785 0.781 0.777 0.777 0.776 0.77 0.76 0.758 0.749 0.749 0.746 0.745 0.745 0.736 0.734 0.732 0.734 0.734 0.727 0.724 0.722 0.715 0.713 0.708 0.702 0.702 0.702 0.701 0.7 0.697 0.692 0.691 0.688 0.686 0.685 0.682 0.682 0.682 0.682 0.681 0.681 0.67 0.67 0.667 0.663 0.663 0.663 0.664 0.664 0.666 0.666 0.664 0.659 0.664 0.664 0.659 0.664 0.667 0.667 0.664 0.664 0.664 0.664 0.666 0.666 0.668 0.669 0.669 0.67 0.674 0.672 0.672 0.674 0.677 0.677 0.682 0.683 0.685 0.686 0.686 0.688 0.688 0.689 0.685 0.687 0.687 0.689 0.687 0.687 0.687 0.687 0.685 0.685 0.685 0.685 0.685 0.685 0.686 0.689 0.689 0.689 0.687 0.686 0.681 0.681 0.681 0.678 0.678 0.678 0.678 0.67 0.667 0.664 0.664 0.666 0.664 0.662 0.663 0.663 0.662 0.661 0.661 0.659 0.659 0.659 0.659 0.659 0.659 0.659 0.66 0.66 0.66 0.662 0.662 0.663 0.671 0.671 0.671 0.672 0.672 0.674 0.68 0.68 0.687 0.688 0.69 0.691 0.695 0.7 1.302 1.303 1.303 1.303 1.305 1.309 1.311 1.312 1.315 1.319 1.324 1.336 1.336 1.333 1.336 1.336 1.339 1.358 1.364
2 2.5871 682 0 0 0 0 0 0 0 0 0 0 0 0 0 0 0 0 0 0 0 0 0 0 0 0 0 0 0 0 0 0 0 0 0 0 0 0 0 0 0 0 0 0 0 0 0.933 0.926 0.922 0.915 0.9 0.899 0.898 0.888 0.884 0.884 0.88 0.88 0.875 0.873 0.873 0.863 0.855 0.855 0.855 0.857 0.867 0 0 0 0 0 0 0 0 0 0 0 0 0 0 0 0 0 0 0 0 0 0 0 0 0 0 0 0 0 0 0 0 0 0 0 0 0 0 0 0 0 0 0 0 0 0 0 0 0 0 0 0 0 0 2.006 2.002 2.002 2.002 2.01 2.014 2.017 2.018 2.02 2.029 2.029 2.033 2.036 2.036 2.041 2.045 2.052 2.053 2.064 2.066 2.067 2.069 2.076 2.088 2.089 2.091 2.095 2.109 2.112 2.115 2.777 2.794 2.8 2.805 2.823 2.825 2.828 2.832 2.844 2.864 2.865 2.866 2.88 2.923 2.923 2.929 2.933 2.933 2.941 2.961 2.968 2.971 0 0 0 0 0 0 0 0 0 0 0 0 0 0 0 0 0 0 0 0 0 0 0 0 0 0 0 0 0 0 0 0 0 0 0 0 0 0 2.712 2.712 2.712 2.723 2.741 2.756 2.77 2.796 2.818 2.835 2.857 2.877 2.894 2.921 2.928 2.957 3.071 0 0 0 0 0 0 0 0 0 0 0 0 0 0 0 0 0 0 0 0 0 0 0 0 0 0 0 0 0 0 0 0 0 0 0 0 0 0 0 0 0 0 0 0 0 0 0 0 0 0 0 0 0 0 0 0 0 0 0 0 0 0 0 0 0 0 0 0 0 0 0 0 0 0 0 0 0 0 0 0 0 0 0 0 0 0 0 0 0 0 0 0 0 0 0 0 0 0 4.875 4.875 0 4.834 3.97 3.949 3.949 3.97 4.184 4.184 4.184 4.184 4.184 4.788 4.798 4.798 4.797 4.792 4.792 4.791 4.791 4.791 4.791 4.795 4.798 0 0 0 0 0 0 0 0 0 0 0 0 0 0 0 0 0 0 0 0 0 0 0 0 0 0 0 0 0 0 0 0 0 0 0 0 0 0 0 0 0 0 0 0 0 0 0 0 0 0 0 0 1.252 1.249 1.249 1.249 1.252 1.254 1.256 1.26 1.263 1.263 1.263 1.262 1.255 1.242 1.226 1.21 1.189 1.179 1.155 1.139 1.11 1.098 1.083 1.067 1.058 1.026 1.02 1.006 0.996 0.983 0.972 0.956 0.947 0.946 0.926 0.921 0.901 0.893 0.892 0.872 0.866 0.86 0.855 0.852 0.852 0.855 0.859 0.859 0.862 0.864 0.876 0.878 0.885 0.886 0.888 0.889 0.894 0.9 0.907 0.908 0.912 0.918 0.92 0.924 0.924 0.924 0.932 0.936 0.953 0.96 0.964 0.967 0.976 0.976 0.976 0.969 0.964 0.964 0.964 0.964 0.948 0.934 0.928 0.925 0.913 0.911 0.902 0.901 0.894 0.892 0.892 0.884 0.879 0.875 0.863 0.861 0.851 0.85 0.839 0.838 0.836 0.833 0.822 0.82 0.818 0.813 0.806 0.803 0.802 0.802 0.798 0.792 0.784 0.784 0.776 0.775 0.771 0.771 0.766 0.761 0.757 0.757 0.75 0.75 0.746 0.743 0.74 0.737 0.737 0.731 0.725 0.724 0.72 0.714 0.714 0.71 0.71 0.709 0.707 0.705 0.7 0.699 0.696 0.696 0.69 0.685 0.685 0.685 0.683 0.685 0.688 0.685 0.683 0.677 0.674 0.67 0.67 0.669 0.667 0.667 0.667 0.659 0.659 0.659 0.658 0.658 0.658 0.658 0.659 0.659 0.663 0.663 0.663 0.662 0.662 0.662 0.662 0.662 0.662 0.668 0.668 0.67 0.672 0.672 0.673 0.677 0.677 0.678 0.68 0.682 0.682 0.682 0.684 0.689 0.69 0.689 0.687 0.689 0.689 0.689 0.689 0.69 0.69 0.69 0.688 0.688 0.688 0.688 0.686 0.684 0.686 0.684 0.685 0.684 0.684 0.683 0.683 0.68 0.679 0.674 0.674 0.669 0.667 0.667 0.666 0.666 0.666 0.661 0.661 0.663 0.663 0.662 0.663 0.662 0.662 0.662 0.661 0.661 0.66 0.659 0.659 0.663 0.664 0.664 0.664 0.66 0.66 0.66 0.666 0.668 0.676 0.677 0.677 0.679 0.68 0.682 0.684 0.684 0.687 0.688 0.698 0.702 1.293 1.303 1.306 1.306 1.311 1.315 1.318 1.318 1.32 1.32 1.32 1.335 1.335 1.335 1.338 1.339 1.347 1.358 1.361
2 2.6871 682 0 0 0 0 0 0 0 0 0 0 0 0 0 0 0 0 0 0 0 0 0 0 0 0 0 0 0 0 0 0 0 0 0 0 0 0 0 0 0 0 0 0 0 0.935 0.919 0.913 0.911 0.911 0.907 0.901 0.898 0.887 0.882 0.88 0.878 0.88 0.88 0.878 0.872 0.864 0.861 0.861 0.848 0.848 0.866 0 0 0 0 0 0 0 0 0 0 0 0 0 0 0 0 0 0 0 0 0 0 0 0 0 0 0 0 0 0 0 0 0 0 0 0 0 0 0 0 0 0 0 0 0 0 0 0 0 0 0 0 0 0 2.013 2.007 2.007 2.007 2.007 2.008 2.014 2.016 2.023 2.024 2.024 2.029 2.036 2.036 2.037 2.048 2.052 2.055 2.058 2.071 2.072 2.075 2.079 2.089 2.09 2.09 2.093 2.104 2.111 2.127 2.788 2.801 2.804 2.816 2.821 2.825 2.83 2.841 2.843 2.858 2.858 2.869 2.883 2.919 2.919 2.922 2.926 2.933 2.94 2.954 2.959 2.973 0 0 0 0 0 0 0 0 0 0 0 0 0 0 0 0 0 0 0 0 0 0 0 0 0 0 0 0 0 0 0 0 0 0 0 0 0 0 2.701 2.701 2.701 2.715 2.738 2.759 2.79 2.809 2.81 2.841 2.853 2.861 2.888 2.917 2.93 2.962 3.079 0 0 0 0 0 0 0 0 0 0 0 0 0 0 0 0 0 0 0 0 0 0 0 0 0 0 0 0 0 0 0 0 0 0 0 0 0 0 0 0 0 0 0 0 0 0 0 0 0 0 0 0 0 0 0 0 0 0 0 0 0 0 0 0 0 0 0 0 0 0 0 0 0 0 0 0 0 0 0 0 0 0 0 0 0 0 0 0 0 0 0 0 0 0 0 0 0 0 4.872 4.872 0 4.849 3.992 3.992 3.992 4.018 4.261 4.262 4.277 4.277 4.795 4.796 4.801 4.796 4.796 4.796 4.794 4.794 4.794 4.794 4.796 4.799 4.803 0 0 0 0 0 0 0 0 0 0 0 0 0 0 0 0 0 0 0 0 0 0 0 0 0 0 0 0 0 0 0 0 0 0 0 0 0 0 0 0 0 0 0 0 0 0 0 0 0 0 0 0 1.255 1.249 1.249 1.249 1.249 1.249 1.251 1.26 1.264 1.264 1.264 1.26 1.254 1.242 1.22 1.21 1.191 1.175 1.157 1.137 1.119 1.101 1.085 1.062 1.058 1.025 1.018 1.014 0.993 0.982 0.969 0.951 0.948 0.938 0.925 0.916 0.901 0.894 0.888 0.877 0.87 0.861 0.859 0.849 0.849 0.849 0.861 0.861 0.862 0.876 0.876 0.879 0.882 0.884 0.891 0.892 0.897 0.898 0.902 0.911 0.911 0.921 0.925 0.928 0.928 0.931 0.932 0.934 0.947 0.955 0.959 0.966 0.976 0.976 0.976 0.963 0.959 0.959 0.959 0.957 0.953 0.933 0.931 0.926 0.922 0.914 0.907 0.902 0.893 0.893 0.888 0.884 0.873 0.864 0.862 0.86 0.854 0.845 0.845 0.844 0.836 0.827 0.827 0.827 0.813 0.811 0.805 0.801 0.8 0.8 0.788 0.788 0.787 0.78 0.78 0.768 0.767 0.767 0.766 0.762 0.754 0.75 0.748 0.746 0.741 0.741 0.739 0.737 0.733 0.73 0.73 0.72 0.72 0.72 0.719 0.709 0.709 0.708 0.707 0.701 0.7 0.699 0.696 0.693 0.688 0.686 0.683 0.683 0.682 0.682 0.683 0.682 0.682 0.675 0.67 0.668 0.668 0.666 0.666 0.666 0.664 0.664 0.664 0.661 0.66 0.659 0.659 0.661 0.661 0.661 0.664 0.664 0.664 0.66 0.664 0.664 0.667 0.667 0.667 0.669 0.664 0.664 0.67 0.672 0.676 0.677 0.677 0.677 0.677 0.68 0.68 0.681 0.681 0.685 0.686 0.686 0.686 0.686 0.686 0.685 0.685 0.685 0.685 0.685 0.692 0.692 0.687 0.687 0.687 0.687 0.687 0.684 0.686 0.684 0.684 0.683 0.679 0.679 0.683 0.679 0.679 0.671 0.669 0.667 0.666 0.663 0.662 0.662 0.662 0.663 0.662 0.661 0.664 0.663 0.66 0.66 0.658 0.655 0.655 0.655 0.66 0.66 0.66 0.66 0.66 0.661 0.661 0.663 0.669 0.67 0.676 0.67 0.676 0.677 0.677 0.68 0.684 0.685 0.686 0.69 0.698 0.701 1.293 1.297 1.303 1.303 1.304 1.311 1.311 1.311 1.313 1.316 1.325 1.325 1.336 1.336 1.34 1.341 1.349 1.359 1.364
2 2.787 682 0 0 0 0 0 0 0 0 0 0 0 0 0 0 0 0 0 0 0 0 0 0 0 0 0 0 0 0 0 0 0 0 0 0 0 0 0 0 0 0 0 0 0.932 0.919 0.918 0.912 0.912 0.912 0.909 0.909 0.899 0.892 0.882 0.878 0.877 0.877 0.877 0.877 0.872 0.865 0.856 0.856 0.851 0.851 0.861 0 0 0 0 0 0 0 0 0 0 0 0 0 0 0 0 0 0 0 0 0 0 0 0 0 0 0 0 0 0 0 0 0 0 0 0 0 0 0 0 0 0 0 0 0 0 0 0 0 0 0 0 0 0 2.012 2.006 2.005 2.005 2.006 2.013 2.014 2.018 2.02 2.023 2.025 2.03 2.033 2.036 2.037 2.042 2.047 2.059 2.059 2.063 2.063 2.067 2.082 2.088 2.09 2.093 2.096 2.11 2.114 2.126 2.774 2.792 2.801 2.804 2.82 2.822 2.828 2.834 2.859 2.866 2.869 2.872 2.889 2.919 2.929 2.933 2.936 2.944 2.944 2.961 2.976 2.986 0 0 0 0 0 0 0 0 0 0 0 0 0 0 0 0 0 0 0 0 0 0 0 0 0 0 0 0 0 0 0 0 0 0 0 0 0 0 2.714 2.714 2.714 2.732 2.736 2.767 2.783 2.794 2.823 2.841 2.851 2.858 2.897 2.932 2.936 2.948 3.059 0 0 0 0 0 0 0 0 0 0 0 0 0 0 0 0 0 0 0 0 0 0 0 0 0 0 0 0 0 0 0 0 0 0 0 0 0 0 0 0 0 0 0 0 0 0 0 0 0 0 0 0 0 0 0 0 0 0 0 0 0 0 0 0 0 0 0 0 0 0 0 0 0 0 0 0 0 0 0 0 0 0 0 0 0 0 0 0 0 0 0 0 0 0 0 0 0 0 4.883 4.883 0 4.846 4.03 4.03 4.03 4.061 4.295 4.307 4.313 4.323 4.792 4.802 4.802 4.797 4.797 4.797 4.795 4.795 4.795 4.795 4.789 4.797 4.802 0 0 0 0 0 0 0 0 0 0 0 0 0 0 0 0 0 0 0 0 0 0 0 0 0 0 0 0 0 0 0 0 0 0 0 0 0 0 0 0 0 0 0 0 0 0 0 0 0 0 0 0 1.249 1.244 1.244 1.246 1.247 1.247 1.253 1.266 1.266 1.266 1.26 1.259 1.256 1.243 1.221 1.211 1.188 1.175 1.156 1.146 1.116 1.101 1.08 1.059 1.052 1.03 1.018 1.006 0.986 0.978 0.976 0.96 0.954 0.942 0.926 0.92 0.908 0.9 0.885 0.875 0.867 0.86 0.86 0.854 0.854 0.855 0.861 0.862 0.872 0.872 0.872 0.877 0.882 0.888 0.889 0.891 0.897 0.902 0.904 0.908 0.913 0.915 0.923 0.925 0.923 0.932 0.935 0.937 0.949 0.96 0.966 0.969 0.977 0.977 0.977 0.966 0.965 0.965 0.965 0.96 0.953 0.928 0.928 0.921 0.919 0.916 0.908 0.905 0.901 0.891 0.89 0.882 0.873 0.87 0.864 0.861 0.85 0.85 0.847 0.841 0.834 0.83 0.827 0.821 0.816 0.816 0.805 0.803 0.803 0.801 0.792 0.788 0.787 0.785 0.78 0.779 0.768 0.769 0.763 0.762 0.76 0.76 0.752 0.745 0.741 0.74 0.74 0.734 0.733 0.733 0.726 0.724 0.72 0.719 0.714 0.709 0.708 0.705 0.704 0.701 0.7 0.698 0.697 0.696 0.695 0.688 0.687 0.686 0.686 0.686 0.686 0.686 0.681 0.674 0.671 0.67 0.669 0.667 0.669 0.669 0.667 0.663 0.663 0.66 0.66 0.659 0.653 0.653 0.653 0.659 0.663 0.663 0.663 0.663 0.666 0.666 0.669 0.669 0.663 0.663 0.673 0.676 0.677 0.677 0.678 0.678 0.68 0.68 0.682 0.682 0.682 0.684 0.684 0.685 0.685 0.685 0.686 0.689 0.687 0.689 0.687 0.687 0.687 0.687 0.686 0.686 0.686 0.685 0.685 0.685 0.685 0.685 0.685 0.684 0.683 0.681 0.681 0.677 0.679 0.677 0.677 0.677 0.674 0.664 0.66 0.663 0.663 0.66 0.663 0.663 0.662 0.661 0.662 0.661 0.661 0.661 0.663 0.659 0.663 0.662 0.663 0.663 0.663 0.662 0.664 0.664 0.663 0.666 0.666 0.671 0.671 0.673 0.676 0.681 0.683 0.684 0.685 0.685 0.69 0.692 0.695 0.699 1.29 1.292 1.298 1.298 1.307 1.311 1.312 1.313 1.319 1.325 1.328 1.332 1.335 1.335 1.335 1.341 1.347 1.357 1.359
2 2.8861 682 0 0 0 0 0 0 0 0 0 0 0 0 0 0 0 0 0 0 0 0 0 0 0 0 0 0 0 0 0 0 0 0 0 0 0 0 0 0 0 0 0 0 0.925 0.922 0.921 0.916 0.907 0.907 0.91 0.901 0.898 0.89 0.882 0.882 0.882 0.882 0.879 0.878 0.877 0.861 0.859 0.859 0.853 0.853 0.865 0 0 0 0 0 0 0 0 0 0 0 0 0 0 0 0 0 0 0 0 0 0 0 0 0 0 0 0 0 0 0 0 0 0 0 0 0 0 0 0 0 0 0 0 0 0 0 0 0 0 0 0 0 0 2.015 2.008 2.008 2.008 2.008 2.009 2.01 2.017 2.019 2.021 2.026 2.034 2.036 2.036 2.041 2.05 2.051 2.054 2.068 2.068 2.07 2.071 2.087 2.089 2.09 2.092 2.097 2.106 2.109 2.12 2.775 2.795 2.805 2.811 2.814 2.822 2.823 2.835 2.849 2.851 2.866 2.87 2.881 2.91 2.919 2.921 2.93 2.933 2.955 2.958 2.967 2.968 0 0 0 0 0 0 0 0 0 0 0 0 0 0 0 0 0 0 0 0 0 0 0 0 0 0 0 0 0 0 0 0 0 0 0 0 0 0 2.705 2.705 2.705 2.726 2.739 2.761 2.782 2.803 2.819 2.84 2.852 2.877 2.886 2.923 2.934 2.955 3.071 0 0 0 0 0 0 0 0 0 0 0 0 0 0 0 0 0 0 0 0 0 0 0 0 0 0 0 0 0 0 0 0 0 0 0 0 0 0 0 0 0 0 0 0 0 0 0 0 0 0 0 0 0 0 0 0 0 0 0 0 0 0 0 0 0 0 0 0 0 0 0 0 0 0 0 0 0 0 0 0 0 0 0 0 0 0 0 0 0 0 0 0 0 0 0 0 0 4.864 4.864 4.864 4.864 4.864 0 0 0 0 0 0 0 0 0 0 4.802 4.797 4.797 4.797 4.794 4.793 4.793 4.793 4.793 4.793 4.8 0 0 0 0 0 0 0 0 0 0 0 0 0 0 0 0 0 0 0 0 0 0 0 0 0 0 0 0 0 0 0 0 0 0 0 0 0 0 0 0 0 0 0 0 0 0 0 0 0 0 0 0 1.249 1.249 1.249 1.249 1.249 1.25 1.25 1.267 1.269 1.269 1.269 1.262 1.261 1.236 1.22 1.206 1.179 1.172 1.155 1.135 1.116 1.104 1.089 1.066 1.049 1.033 1.02 0.999 0.986 0.973 0.96 0.955 0.948 0.945 0.925 0.913 0.909 0.893 0.878 0.869 0.865 0.863 0.853 0.853 0.852 0.852 0.856 0.865 0.865 0.867 0.87 0.88 0.881 0.887 0.888 0.888 0.898 0.904 0.905 0.914 0.918 0.919 0.922 0.923 0.923 0.93 0.94 0.94 0.952 0.96 0.969 0.974 0.977 0.974 0.974 0.969 0.96 0.96 0.96 0.953 0.947 0.938 0.926 0.925 0.92 0.909 0.901 0.897 0.89 0.887 0.885 0.877 0.869 0.869 0.859 0.859 0.855 0.848 0.84 0.836 0.83 0.83 0.823 0.823 0.82 0.811 0.81 0.802 0.797 0.796 0.788 0.787 0.786 0.781 0.779 0.778 0.772 0.767 0.764 0.763 0.752 0.752 0.749 0.748 0.747 0.746 0.742 0.736 0.736 0.736 0.724 0.723 0.723 0.717 0.712 0.707 0.706 0.705 0.704 0.704 0.702 0.702 0.702 0.701 0.69 0.688 0.686 0.684 0.684 0.684 0.688 0.688 0.688 0.669 0.669 0.668 0.668 0.668 0.668 0.668 0.663 0.663 0.663 0.663 0.661 0.66 0.661 0.661 0.661 0.662 0.669 0.669 0.662 0.66 0.66 0.66 0.66 0.66 0.664 0.664 0.664 0.664 0.673 0.673 0.673 0.674 0.681 0.681 0.681 0.681 0.681 0.683 0.683 0.684 0.685 0.691 0.691 0.691 0.686 0.684 0.684 0.686 0.686 0.688 0.688 0.688 0.685 0.688 0.686 0.686 0.687 0.687 0.686 0.685 0.682 0.682 0.68 0.679 0.675 0.674 0.673 0.671 0.67 0.669 0.667 0.667 0.667 0.667 0.667 0.667 0.667 0.666 0.666 0.662 0.662 0.662 0.662 0.662 0.662 0.661 0.661 0.661 0.659 0.657 0.659 0.661 0.663 0.666 0.668 0.668 0.67 0.67 0.674 0.677 0.679 0.681 0.683 0.684 0.687 0.695 0.696 0.702 1.292 1.301 1.302 1.302 1.304 1.309 1.31 1.319 1.321 1.321 1.33 1.333 1.335 1.333 1.335 1.344 1.348 1.349 1.361
2 2.9861 682 0 0 0 0 0 0 0 0 0 0 0 0 0 0 0 0 0 0 0 0 0 0 0 0 0 0 0 0 0 0 0 0 0 0 0 0 0 0 0 0 0 0 0 0.924 0.916 0.916 0.915 0.915 0.913 0.903 0.893 0.891 0.891 0.885 0.884 0.885 0.88 0.877 0.872 0.862 0.861 0.861 0.855 0.855 0.863 0 0 0 0 0 0 0 0 0 0 0 0 0 0 0 0 0 0 0 0 0 0 0 0 0 0 0 0 0 0 0 0 0 0 0 0 0 0 0 0 0 0 0 0 0 0 0 0 0 0 0 0 0 0 2.014 2.005 2.005 2.005 2.008 2.012 2.012 2.018 2.019 2.02 2.023 2.029 2.033 2.038 2.043 2.044 2.05 2.053 2.058 2.061 2.067 2.071 2.082 2.087 2.087 2.096 2.1 2.1 2.117 2.128 2.782 2.791 2.808 2.81 2.814 2.828 2.829 2.833 2.85 2.853 2.859 2.886 2.888 2.924 2.924 2.924 2.93 2.93 2.94 2.953 2.964 2.967 0 0 0 0 0 0 0 0 0 0 0 0 0 0 0 0 0 0 0 0 0 0 0 0 0 0 0 0 0 0 0 0 0 0 0 0 0 0 2.709 2.709 2.709 2.72 2.74 2.762 2.775 2.815 2.817 2.84 2.857 2.868 2.878 2.92 2.93 2.954 0 0 0 0 0 0 0 0 0 0 0 0 0 0 0 0 0 0 0 0 0 0 0 0 0 0 0 0 0 0 0 0 0 0 0 0 0 0 0 0 0 0 0 0 0 0 0 0 0 0 0 0 0 0 0 0 0 0 0 0 0 0 0 0 0 0 0 0 0 0 0 0 0 0 0 0 0 0 0 0 0 0 0 0 0 0 0 0 0 0 0 0 0 0 0 0 0 0 0 4.873 4.867 4.125 4.112 4.112 4.112 4.354 4.354 4.354 4.354 4.354 0 0 0 4.807 4.801 4.801 4.801 4.795 4.794 4.791 4.791 4.788 4.788 4.797 0 0 0 0 0 0 0 0 0 0 0 0 0 0 0 0 0 0 0 0 0 0 0 0 0 0 0 0 0 0 0 0 0 0 0 0 0 0 0 0 0 0 0 0 0 0 0 0 0 0 0 0 1.247 1.246 1.246 1.246 1.246 1.25 1.255 1.26 1.26 1.26 1.26 1.258 1.255 1.241 1.228 1.21 1.191 1.18 1.163 1.134 1.126 1.096 1.079 1.059 1.058 1.025 1.02 1.005 0.994 0.977 0.963 0.956 0.947 0.94 0.924 0.92 0.908 0.888 0.887 0.876 0.87 0.868 0.856 0.856 0.854 0.856 0.859 0.862 0.862 0.87 0.875 0.876 0.879 0.89 0.894 0.894 0.896 0.901 0.91 0.91 0.913 0.918 0.918 0.925 0.925 0.933 0.935 0.942 0.951 0.964 0.964 0.965 0.976 0.976 0.976 0.975 0.965 0.965 0.965 0.965 0.945 0.934 0.932 0.93 0.923 0.908 0.905 0.899 0.896 0.89 0.887 0.885 0.874 0.867 0.866 0.862 0.855 0.852 0.844 0.837 0.834 0.831 0.825 0.824 0.822 0.814 0.802 0.802 0.8 0.797 0.791 0.788 0.786 0.785 0.78 0.778 0.774 0.772 0.769 0.761 0.757 0.757 0.749 0.749 0.747 0.745 0.745 0.733 0.732 0.727 0.725 0.725 0.722 0.722 0.715 0.711 0.706 0.706 0.705 0.704 0.701 0.699 0.696 0.692 0.69 0.687 0.685 0.683 0.679 0.683 0.685 0.679 0.679 0.674 0.671 0.668 0.668 0.664 0.664 0.664 0.664 0.664 0.658 0.658 0.658 0.658 0.657 0.664 0.664 0.66 0.666 0.666 0.666 0.661 0.661 0.661 0.661 0.661 0.67 0.67 0.67 0.673 0.675 0.677 0.677 0.677 0.677 0.679 0.682 0.683 0.683 0.686 0.686 0.689 0.69 0.689 0.689 0.689 0.689 0.689 0.687 0.69 0.69 0.691 0.69 0.69 0.689 0.689 0.686 0.686 0.686 0.686 0.686 0.686 0.686 0.682 0.682 0.678 0.68 0.678 0.678 0.674 0.672 0.672 0.671 0.662 0.662 0.662 0.662 0.662 0.661 0.661 0.666 0.661 0.659 0.662 0.66 0.66 0.662 0.662 0.663 0.663 0.662 0.661 0.661 0.661 0.666 0.669 0.671 0.672 0.672 0.672 0.672 0.676 0.683 0.683 0.685 0.685 0.685 0.691 0.693 0.708 1.29 1.293 1.306 1.306 1.31 1.31 1.313 1.315 1.321 1.33 1.332 1.336 1.336 1.336 1.336 1.34 1.342 1.353 1.356
2 3.086 682 0 0 0 0 0 0 0 0 0 0 0 0 0 0 0 0 0 0 0 0 0 0 0 0 0 0 0 0 0 0 0 0 0 0 0 0 0 0 0 0 0 0 0.921 0.915 0.915 0.912 0.912 0.908 0.901 0.898 0.896 0.884 0.884 0.887 0.884 0.884 0.879 0.878 0.867 0.859 0.856 0.856 0.853 0.853 0.864 0 0 0 0 0 0 0 0 0 0 0 0 0 0 0 0 0 0 0 0 0 0 0 0 0 0 0 0 0 0 0 0 0 0 0 0 0 0 0 0 0 0 0 0 0 0 0 0 0 0 0 0 0 0 2.01 2.001 2.001 2.001 2.013 2.013 2.016 2.02 2.02 2.022 2.024 2.031 2.036 2.037 2.043 2.045 2.055 2.058 2.06 2.07 2.07 2.072 2.087 2.089 2.09 2.092 2.104 2.106 2.106 2.123 2.785 2.802 2.803 2.804 2.822 2.824 2.826 2.842 2.849 2.865 2.867 2.871 2.892 2.914 2.914 2.921 2.926 2.926 2.943 2.953 2.959 2.968 0 0 0 0 0 0 0 0 0 0 0 0 0 0 0 0 0 0 0 0 0 0 0 0 0 0 0 0 0 0 0 0 0 0 0 0 0 0 2.713 2.713 2.713 2.723 2.735 2.759 2.773 2.799 2.806 2.831 2.866 2.867 2.885 2.919 2.929 2.952 3.085 0 0 0 0 0 0 0 0 0 0 0 0 0 0 0 0 0 0 0 0 0 0 0 0 0 0 0 0 0 0 0 0 0 0 0 0 0 0 0 0 0 0 0 0 0 0 0 0 0 0 0 0 0 0 0 0 0 0 0 0 0 0 0 0 0 0 0 0 0 0 0 0 0 0 0 0 0 0 0 0 0 0 0 0 0 0 0 0 0 0 0 0 0 0 0 0 0 0 4.204 4.183 4.18 4.172 4.172 4.18 4.346 4.362 4.362 4.362 4.362 0 0 0 4.8 4.8 4.798 4.795 4.792 4.792 4.794 4.794 4.794 4.797 4.8 0 0 0 0 0 0 0 0 0 0 0 0 0 0 0 0 0 0 0 0 0 0 0 0 0 0 0 0 0 0 0 0 0 0 0 0 0 0 0 0 0 0 0 0 0 0 0 0 0 0 0 0 1.254 1.251 1.251 1.251 1.254 1.254 1.254 1.261 1.261 1.261 1.261 1.255 1.254 1.245 1.226 1.217 1.177 1.176 1.154 1.141 1.12 1.098 1.089 1.063 1.053 1.032 1.016 1.008 0.989 0.978 0.965 0.958 0.955 0.941 0.922 0.921 0.902 0.892 0.892 0.874 0.869 0.864 0.859 0.855 0.855 0.855 0.86 0.861 0.862 0.867 0.875 0.878 0.88 0.888 0.888 0.891 0.891 0.897 0.903 0.912 0.919 0.924 0.928 0.932 0.932 0.933 0.934 0.935 0.947 0.955 0.966 0.967 0.982 0.982 0.982 0.975 0.963 0.963 0.963 0.962 0.962 0.935 0.926 0.922 0.915 0.909 0.905 0.899 0.894 0.884 0.881 0.877 0.876 0.875 0.855 0.853 0.853 0.853 0.843 0.835 0.833 0.831 0.831 0.825 0.822 0.812 0.811 0.803 0.797 0.797 0.796 0.788 0.786 0.782 0.777 0.777 0.776 0.771 0.769 0.765 0.764 0.751 0.748 0.747 0.745 0.745 0.739 0.732 0.73 0.726 0.723 0.723 0.721 0.72 0.712 0.708 0.708 0.705 0.708 0.702 0.701 0.698 0.695 0.69 0.689 0.686 0.686 0.685 0.683 0.683 0.683 0.683 0.683 0.682 0.67 0.669 0.669 0.669 0.669 0.669 0.669 0.669 0.664 0.664 0.659 0.659 0.664 0.664 0.664 0.666 0.666 0.664 0.664 0.664 0.664 0.662 0.668 0.662 0.668 0.668 0.671 0.672 0.672 0.674 0.674 0.677 0.674 0.68 0.68 0.684 0.685 0.685 0.685 0.687 0.688 0.691 0.691 0.691 0.691 0.685 0.685 0.687 0.687 0.687 0.687 0.687 0.687 0.687 0.684 0.687 0.684 0.684 0.687 0.687 0.684 0.684 0.684 0.684 0.679 0.674 0.674 0.672 0.671 0.667 0.667 0.669 0.669 0.669 0.669 0.669 0.668 0.663 0.663 0.662 0.662 0.661 0.66 0.659 0.659 0.66 0.659 0.66 0.66 0.66 0.661 0.663 0.663 0.667 0.67 0.671 0.671 0.671 0.671 0.675 0.681 0.685 0.685 0.685 0.685 0.685 0.696 0.702 1.289 1.29 1.293 1.293 1.306 1.31 1.312 1.32 1.32 1.325 1.328 1.329 1.335 1.335 1.336 1.34 1.344 1.356 1.357
2 3.1851 682 0 0 0 0 0 0 0 0 0 0 0 0 0 0 0 0 0 0 0 0 0 0 0 0 0 0 0 0 0 0 0 0 0 0 0 0 0 0 0 0 0 0 0.927 0.921 0.921 0.921 0.92 0.91 0.909 0.904 0.894 0.891 0.882 0.882 0.879 0.879 0.876 0.876 0.875 0.867 0.856 0.845 0.845 0.845 0.85 0.864 0 0 0 0 0 0 0 0 0 0 0 0 0 0 0 0 0 0 0 0 0 0 0 0 0 0 0 0 0 0 0 0 0 0 0 0 0 0 0 0 2.635 2.635 2.635 0 0 0 0 0 0 0 0 0 0 2.005 2.001 2.001 2.001 2.015 2.015 2.017 2.018 2.023 2.029 2.029 2.03 2.037 2.042 2.048 2.05 2.052 2.056 2.06 2.066 2.068 2.07 2.08 2.082 2.093 2.097 2.099 2.101 2.111 2.124 2.782 2.794 2.803 2.818 2.823 2.827 2.832 2.839 2.841 2.863 2.867 2.877 2.878 2.919 2.92 2.922 2.924 2.935 2.936 2.967 2.973 2.98 0 0 0 0 0 0 0 0 0 0 0 0 0 0 0 0 0 0 0 0 0 0 0 0 0 0 0 0 0 0 0 0 0 0 0 0 0 0 2.722 2.72 2.72 2.722 2.741 2.761 2.78 2.804 2.805 2.842 2.861 2.869 2.889 2.922 2.933 2.947 0 0 0 0 0 0 0 0 0 0 0 0 0 0 0 0 0 0 0 0 0 0 0 0 0 0 0 0 0 0 0 0 0 0 0 0 0 0 0 0 0 0 0 0 0 0 0 0 0 0 0 0 0 0 0 0 0 0 0 0 0 0 0 0 0 0 0 0 0 0 0 0 0 0 0 0 0 0 0 0 0 0 0 0 0 0 0 0 0 0 0 0 0 0 0 4.271 4.253 4.241 4.227 4.223 4.221 4.221 4.227 4.389 4.389 4.389 4.372 4.372 4.372 0 0 0 0 4.801 4.798 4.798 4.798 4.793 4.793 4.793 4.793 4.793 4.794 4.796 0 0 0 0 0 0 0 0 0 0 0 0 0 0 0 0 0 0 0 0 0 0 0 0 0 0 0 0 0 0 0 0 0 0 0 0 0 0 0 0 0 0 0 0 0 0 0 0 0 0 0 0 1.247 1.247 1.247 1.247 1.25 1.252 1.252 1.258 1.26 1.26 1.26 1.254 1.253 1.237 1.225 1.205 1.183 1.171 1.154 1.141 1.119 1.101 1.085 1.071 1.051 1.03 1.015 1.006 0.991 0.975 0.975 0.959 0.956 0.942 0.928 0.921 0.905 0.889 0.881 0.877 0.873 0.87 0.853 0.853 0.853 0.861 0.861 0.862 0.866 0.879 0.88 0.882 0.888 0.888 0.889 0.889 0.898 0.904 0.91 0.915 0.919 0.922 0.923 0.926 0.926 0.93 0.936 0.941 0.957 0.959 0.962 0.969 0.973 0.97 0.97 0.97 0.962 0.962 0.962 0.96 0.948 0.934 0.925 0.921 0.919 0.911 0.909 0.898 0.893 0.888 0.884 0.882 0.879 0.87 0.862 0.862 0.853 0.853 0.845 0.842 0.829 0.829 0.829 0.828 0.824 0.807 0.801 0.798 0.797 0.796 0.794 0.788 0.781 0.78 0.776 0.77 0.767 0.767 0.767 0.762 0.76 0.757 0.752 0.751 0.748 0.744 0.741 0.735 0.732 0.732 0.727 0.727 0.722 0.717 0.716 0.707 0.706 0.702 0.702 0.702 0.7 0.699 0.688 0.684 0.684 0.684 0.684 0.684 0.683 0.683 0.684 0.682 0.682 0.675 0.673 0.67 0.664 0.663 0.663 0.664 0.662 0.661 0.663 0.661 0.66 0.659 0.659 0.659 0.657 0.657 0.666 0.666 0.664 0.664 0.663 0.663 0.663 0.663 0.664 0.664 0.664 0.664 0.674 0.676 0.676 0.677 0.681 0.682 0.682 0.682 0.682 0.682 0.682 0.682 0.682 0.687 0.688 0.688 0.688 0.688 0.684 0.684 0.685 0.685 0.685 0.685 0.685 0.687 0.686 0.687 0.687 0.686 0.686 0.684 0.684 0.684 0.68 0.68 0.68 0.676 0.676 0.678 0.675 0.671 0.668 0.667 0.662 0.662 0.662 0.663 0.666 0.666 0.666 0.666 0.662 0.66 0.659 0.659 0.659 0.659 0.658 0.659 0.658 0.656 0.655 0.658 0.658 0.663 0.668 0.671 0.672 0.676 0.676 0.677 0.681 0.681 0.682 0.684 0.686 0.692 0.693 0.704 1.29 1.302 1.304 1.304 1.312 1.313 1.313 1.315 1.315 1.316 1.328 1.333 1.335 1.335 1.34 1.342 1.342 1.355 1.362
2 3.2851 682 0 0 0 0 0 0 0 0 0 0 0 0 0 0 0 0 0 0 0 0 0 0 0 0 0 0 0 0 0 0 0 0 0 0 0 0 0 0 0 0 0 0 0.933 0.93 0.928 0.923 0.921 0.919 0.9 0.9 0.899 0.886 0.879 0.879 0.877 0.879 0.879 0.875 0.869 0.86 0.859 0.859 0.854 0.854 0.865 0 0 0 0 0 0 0 0 0 0 0 0 0 0 0 0 0 0 0 0 0 0 0 0 0 0 0 0 0 0 0 0 0 0 0 0 0 0 0 0 0 2.647 2.647 2.647 0 0 0 0 0 0 0 0 0 0 2.003 2.003 2.003 2.005 2.005 2.007 2.012 2.019 2.021 2.023 2.025 2.035 2.035 2.041 2.042 2.051 2.053 2.058 2.062 2.066 2.069 2.07 2.079 2.087 2.089 2.091 2.097 2.102 2.114 2.116 2.777 2.789 2.803 2.81 2.821 2.823 2.824 2.841 2.843 2.858 2.864 2.875 2.888 2.92 2.93 2.93 2.934 2.953 2.953 2.96 2.961 2.966 0 0 0 0 0 0 0 0 0 0 0 0 0 0 0 0 0 0 0 0 0 0 0 0 0 0 0 0 0 0 0 0 0 0 0 0 0 0 2.715 2.715 2.715 2.724 2.735 2.757 2.783 2.811 2.813 2.842 2.858 2.868 2.895 2.926 2.932 2.949 0 0 0 0 0 0 0 0 0 0 0 0 0 0 0 0 0 0 0 0 0 0 0 0 0 0 0 0 0 0 0 0 0 0 0 0 0 0 0 0 0 0 0 0 0 0 0 0 0 0 0 0 0 0 0 0 0 0 0 0 0 0 0 0 0 0 0 0 0 0 0 0 0 0 0 0 0 0 0 0 0 0 0 0 0 0 0 0 0 0 0 0 4.287 4.287 4.287 0 0 0 0 4.854 4.848 4.848 4.842 4.82 4.394 4.392 4.392 4.392 0 0 0 0 0 4.804 4.798 4.798 4.797 4.793 4.791 4.791 4.789 4.789 4.791 4.796 0 0 0 0 0 0 0 0 0 0 0 0 0 0 0 0 0 0 0 0 0 0 0 0 0 0 0 0 0 0 0 0 0 0 0 0 0 0 0 0 0 0 0 0 0 0 0 0 0 0 0 0 1.243 1.243 1.243 1.244 1.245 1.246 1.254 1.26 1.262 1.262 1.26 1.259 1.246 1.244 1.224 1.206 1.189 1.175 1.152 1.141 1.119 1.095 1.087 1.062 1.057 1.029 1.022 1.012 0.995 0.982 0.966 0.957 0.953 0.942 0.931 0.916 0.912 0.894 0.884 0.881 0.872 0.869 0.856 0.85 0.85 0.856 0.864 0.866 0.867 0.876 0.879 0.879 0.879 0.881 0.885 0.89 0.898 0.901 0.901 0.911 0.914 0.915 0.92 0.922 0.922 0.928 0.936 0.936 0.957 0.957 0.959 0.969 0.973 0.973 0.973 0.968 0.965 0.965 0.965 0.958 0.951 0.932 0.931 0.922 0.919 0.915 0.908 0.9 0.898 0.892 0.889 0.882 0.879 0.862 0.86 0.859 0.853 0.845 0.844 0.839 0.837 0.83 0.827 0.823 0.816 0.812 0.803 0.8 0.8 0.794 0.791 0.787 0.783 0.782 0.781 0.774 0.772 0.772 0.765 0.759 0.759 0.758 0.747 0.747 0.744 0.743 0.74 0.737 0.73 0.73 0.724 0.721 0.72 0.719 0.715 0.713 0.713 0.708 0.708 0.7 0.698 0.696 0.696 0.69 0.692 0.689 0.687 0.684 0.684 0.684 0.684 0.684 0.681 0.676 0.675 0.673 0.67 0.669 0.669 0.669 0.663 0.661 0.66 0.66 0.66 0.66 0.66 0.66 0.66 0.661 0.663 0.663 0.663 0.663 0.663 0.661 0.663 0.661 0.661 0.666 0.666 0.671 0.673 0.673 0.674 0.674 0.676 0.677 0.679 0.679 0.679 0.68 0.682 0.684 0.689 0.69 0.69 0.69 0.69 0.69 0.685 0.689 0.689 0.689 0.688 0.688 0.686 0.686 0.686 0.685 0.685 0.685 0.685 0.685 0.683 0.681 0.681 0.68 0.68 0.677 0.677 0.676 0.669 0.667 0.664 0.667 0.667 0.667 0.668 0.668 0.666 0.664 0.666 0.664 0.66 0.66 0.659 0.659 0.658 0.658 0.659 0.661 0.662 0.662 0.662 0.662 0.661 0.661 0.667 0.67 0.674 0.674 0.674 0.675 0.678 0.684 0.688 0.688 0.688 0.691 0.703 0.703 1.285 1.297 1.31 1.31 1.31 1.31 1.311 1.312 1.316 1.321 1.332 1.332 1.339 1.332 1.339 1.341 1.354 1.357 1.358
2 3.3841 682 0 0 0 0 0 0 0 0 0 0 0 0 0 0 0 0 0 0 0 0 0 0 0 0 0 0 0 0 0 0 0 0 0 0 0 0 0 0 0 0 0 0 0 0.934 0.918 0.905 0.905 0.905 0.905 0.903 0.894 0.893 0.879 0.879 0.878 0.878 0.878 0.877 0.869 0.862 0.854 0.854 0.85 0.85 0.861 0 0 0 0 0 0 0 0 0 0 0 0 0 0 0 0 0 0 0 0 0 0 0 0 0 0 0 0 0 0 0 0 0 0 0 0 0 0 0 0 0 0 0 0 0 0 0 0 0 0 0 0 0 0 2.015 2.002 2.002 2.002 2.005 2.007 2.016 2.017 2.018 2.018 2.024 2.032 2.037 2.039 2.041 2.047 2.055 2.057 2.058 2.058 2.059 2.076 2.078 2.086 2.09 2.097 2.098 2.106 2.106 2.125 2.785 2.804 2.804 2.814 2.815 2.82 2.823 2.834 2.839 2.857 2.857 2.875 2.885 2.909 2.914 2.927 2.931 2.947 2.947 2.957 2.973 2.974 0 0 0 0 0 0 0 0 0 0 0 0 0 0 0 0 0 0 0 0 0 0 0 0 0 0 0 0 0 0 0 0 0 0 0 0 0 0 2.708 2.708 2.708 2.717 2.745 2.764 2.785 2.793 2.82 2.825 2.858 2.862 2.886 2.911 2.947 2.949 0 0 0 0 0 0 0 0 0 0 0 0 0 0 0 0 0 0 0 0 0 0 0 0 0 0 0 0 0 0 0 0 0 0 0 0 0 0 0 0 0 0 0 0 0 0 0 0 0 0 0 0 0 0 0 0 0 0 0 0 0 0 0 0 0 0 0 0 0 0 0 0 0 0 0 0 0 0 0 0 0 0 0 0 0 0 0 0 0 4.283 4.263 4.263 4.263 4.287 4.309 0 0 0 0 4.874 4.843 4.413 4.4 4.4 4.4 4.419 4.828 4.828 0 0 0 0 0 4.799 4.796 4.796 4.795 4.79 4.79 4.796 4.795 4.795 4.796 4.8 0 0 0 0 0 0 0 0 0 0 0 0 0 0 0 0 0 0 0 0 0 0 0 0 0 0 0 0 0 0 0 0 0 0 0 0 0 0 0 0 0 0 0 0 0 0 0 0 0 0 0 0 1.249 1.246 1.245 1.245 1.249 1.25 1.252 1.255 1.262 1.262 1.258 1.255 1.244 1.241 1.225 1.215 1.184 1.167 1.163 1.138 1.119 1.1 1.082 1.065 1.057 1.026 1.018 1.016 0.993 0.978 0.97 0.959 0.944 0.943 0.932 0.926 0.912 0.898 0.891 0.875 0.87 0.867 0.855 0.849 0.849 0.855 0.856 0.862 0.863 0.869 0.876 0.885 0.887 0.893 0.893 0.893 0.893 0.9 0.905 0.91 0.91 0.92 0.925 0.927 0.927 0.934 0.936 0.936 0.952 0.962 0.966 0.972 0.975 0.975 0.975 0.973 0.963 0.963 0.963 0.963 0.959 0.933 0.932 0.925 0.92 0.905 0.904 0.901 0.901 0.891 0.882 0.881 0.877 0.872 0.869 0.866 0.849 0.845 0.844 0.841 0.835 0.833 0.829 0.818 0.814 0.812 0.812 0.806 0.8 0.799 0.794 0.793 0.791 0.781 0.775 0.774 0.77 0.77 0.764 0.762 0.757 0.757 0.75 0.748 0.745 0.743 0.74 0.735 0.733 0.73 0.728 0.724 0.717 0.714 0.713 0.71 0.709 0.709 0.706 0.702 0.701 0.699 0.693 0.692 0.69 0.69 0.688 0.685 0.684 0.685 0.685 0.685 0.674 0.672 0.672 0.669 0.669 0.669 0.669 0.668 0.668 0.666 0.664 0.664 0.662 0.662 0.662 0.662 0.666 0.668 0.669 0.669 0.669 0.668 0.663 0.663 0.663 0.663 0.667 0.667 0.668 0.668 0.669 0.675 0.677 0.678 0.678 0.68 0.684 0.686 0.684 0.686 0.686 0.686 0.686 0.687 0.686 0.689 0.689 0.689 0.689 0.689 0.689 0.686 0.686 0.686 0.686 0.686 0.687 0.685 0.686 0.684 0.684 0.684 0.683 0.679 0.679 0.679 0.679 0.678 0.678 0.677 0.673 0.673 0.671 0.671 0.669 0.669 0.668 0.659 0.66 0.66 0.66 0.66 0.66 0.66 0.659 0.659 0.659 0.659 0.659 0.66 0.659 0.659 0.661 0.661 0.661 0.664 0.668 0.668 0.668 0.669 0.674 0.677 0.68 0.683 0.684 0.687 0.687 0.69 0.692 0.699 1.293 1.297 1.306 1.306 1.309 1.318 1.318 1.318 1.318 1.32 1.33 1.33 1.332 1.332 1.335 1.337 1.341 1.357 1.357
2 3.4841 682 0 0 0 0 0 0 0 0 0 0 0 0 0 0 0 0 0 0 0 0 0 0 0 0 0 0 0 0 0 0 0 0 0 0 0 0 0 0 0 0 0 0 0.924 0.92 0.919 0.912 0.911 0.909 0.905 0.905 0.898 0.89 0.882 0.881 0.881 0.881 0.88 0.878 0.869 0.862 0.86 0.86 0.852 0.852 0.855 0 0 0 0 0 0 0 0 0 0 0 0 0 0 0 0 0 0 0 0 0 0 0 0 0 0 0 0 0 0 0 0 0 0 0 0 0 0 0 0 0 2.653 2.653 2.653 0 0 0 0 0 0 0 0 0 0 2.017 2.003 2.003 2.003 2.01 2.012 2.015 2.015 2.017 2.023 2.025 2.035 2.037 2.039 2.041 2.044 2.051 2.059 2.061 2.061 2.063 2.067 2.075 2.084 2.094 2.094 2.098 2.103 2.113 2.124 2.785 2.794 2.803 2.804 2.82 2.823 2.826 2.832 2.846 2.853 2.858 2.875 2.875 2.924 2.924 2.925 2.931 2.945 2.945 2.967 2.968 2.971 0 0 0 0 0 0 0 0 0 0 0 0 0 0 0 0 0 0 0 0 0 0 0 0 0 0 0 0 0 0 0 0 0 0 0 0 0 0 2.712 2.712 2.712 2.719 2.744 2.762 2.796 2.801 2.823 2.827 2.856 2.865 2.889 2.919 2.937 2.947 0 0 0 0 0 0 0 0 0 0 0 0 0 0 0 0 0 0 0 0 0 0 0 0 0 0 0 0 0 0 0 0 0 0 0 0 0 0 0 0 0 0 0 0 0 0 0 0 0 0 0 0 0 0 0 0 0 0 0 0 0 0 0 0 0 0 0 0 0 0 0 0 0 0 0 0 0 0 0 0 0 0 0 0 0 0 0 4.282 4.274 4.274 4.274 4.287 0 0 0 0 0 0 4.437 4.437 4.425 4.437 4.849 4.849 4.841 4.841 4.828 4.828 4.828 0 0 0 0 4.803 4.801 4.798 4.798 4.793 4.793 4.794 4.794 4.794 4.794 4.801 0 0 0 0 0 0 0 0 0 0 0 0 0 0 0 0 0 0 0 0 0 0 0 0 0 0 0 0 0 0 0 0 0 0 0 0 0 0 0 0 0 0 0 0 0 0 0 0 0 0 0 0 1.244 1.244 1.244 1.246 1.246 1.247 1.247 1.261 1.264 1.264 1.264 1.26 1.253 1.241 1.226 1.211 1.193 1.181 1.154 1.135 1.114 1.102 1.079 1.063 1.043 1.028 1.024 1.01 0.995 0.977 0.966 0.962 0.945 0.941 0.928 0.926 0.916 0.897 0.892 0.87 0.869 0.868 0.855 0.854 0.854 0.854 0.86 0.86 0.865 0.87 0.87 0.872 0.885 0.885 0.891 0.892 0.894 0.903 0.904 0.907 0.908 0.913 0.923 0.924 0.924 0.93 0.936 0.938 0.954 0.955 0.965 0.973 0.974 0.974 0.974 0.97 0.968 0.968 0.968 0.962 0.956 0.935 0.926 0.925 0.923 0.91 0.91 0.897 0.896 0.891 0.885 0.882 0.875 0.868 0.86 0.856 0.851 0.849 0.842 0.835 0.831 0.829 0.827 0.824 0.821 0.815 0.807 0.8 0.799 0.798 0.791 0.788 0.786 0.782 0.781 0.78 0.779 0.767 0.766 0.764 0.762 0.759 0.753 0.747 0.746 0.744 0.743 0.741 0.732 0.731 0.729 0.723 0.719 0.717 0.717 0.712 0.71 0.705 0.706 0.705 0.705 0.701 0.695 0.695 0.693 0.69 0.682 0.682 0.682 0.682 0.687 0.687 0.681 0.674 0.674 0.667 0.667 0.667 0.667 0.667 0.667 0.667 0.667 0.666 0.663 0.662 0.662 0.662 0.661 0.661 0.66 0.659 0.658 0.658 0.66 0.661 0.662 0.662 0.661 0.661 0.661 0.661 0.671 0.673 0.675 0.676 0.677 0.677 0.677 0.679 0.679 0.681 0.681 0.687 0.687 0.687 0.683 0.686 0.686 0.691 0.686 0.688 0.688 0.688 0.687 0.687 0.686 0.686 0.686 0.686 0.686 0.686 0.686 0.686 0.685 0.684 0.683 0.68 0.68 0.68 0.68 0.672 0.67 0.669 0.666 0.666 0.666 0.662 0.664 0.664 0.663 0.663 0.663 0.663 0.662 0.66 0.66 0.66 0.66 0.661 0.661 0.661 0.662 0.662 0.662 0.663 0.667 0.671 0.673 0.678 0.678 0.678 0.678 0.679 0.679 0.68 0.682 0.685 0.688 0.69 0.697 0.703 1.292 1.301 1.304 1.304 1.31 1.311 1.315 1.315 1.316 1.316 1.316 1.335 1.336 1.336 1.338 1.344 1.35 1.355 1.362
2 3.5841 682 0 0 0 0 0 0 0 0 0 0 0 0 0 0 0 0 0 0 0 0 0 0 0 0 0 0 0 0 0 0 0 0 0 0 0 0 0 0 0 0 0 0.919 0.904 0.904 0.904 0.918 0.918 0.918 0.918 0.908 0.891 0.89 0.884 0.884 0.881 0.88 0.879 0.876 0.869 0.866 0.856 0.856 0.85 0.85 0.861 0 0 0 0 0 0 0 0 0 0 0 0 0 0 0 0 0 0 0 0 0 0 0 0 0 0 0 0 0 0 0 0 0 0 0 0 0 0 0 0 0 2.666 2.666 2.666 0 0 0 0 0 0 0 0 0 0 2.009 2.007 2.007 2.006 2.007 2.017 2.017 2.018 2.022 2.022 2.033 2.034 2.034 2.041 2.042 2.045 2.054 2.055 2.059 2.06 2.064 2.064 2.074 2.084 2.086 2.09 2.099 2.104 2.108 2.125 2.785 2.79 2.801 2.801 2.823 2.823 2.824 2.841 2.859 2.86 2.869 2.872 2.893 2.92 2.92 2.923 2.925 2.934 2.948 2.959 2.964 2.979 0 0 0 0 0 0 0 0 0 0 0 0 0 0 0 0 0 0 0 0 0 0 0 0 0 0 0 0 0 0 0 0 0 0 0 0 0 0 2.712 2.712 2.712 2.725 2.74 2.76 2.785 2.804 2.817 2.84 2.849 2.858 2.891 2.93 2.941 2.954 3.085 0 0 0 0 0 0 0 0 0 0 0 0 0 0 0 0 0 0 0 0 0 0 0 0 0 0 0 0 0 0 0 0 0 0 0 0 0 0 0 0 0 0 0 0 0 0 0 0 0 0 0 0 0 0 0 0 0 0 0 0 0 0 0 0 0 0 0 0 0 0 0 0 0 0 0 0 0 0 0 0 0 0 0 0 0 4.29 4.264 4.264 4.264 4.3 0 0 0 0 0 0 0 4.865 4.864 4.857 4.857 4.857 4.852 4.838 4.835 4.831 4.831 4.835 0 0 0 0 4.804 4.804 4.801 4.8 4.799 4.797 4.792 4.792 4.79 4.795 4.795 0 0 0 0 0 0 0 0 0 0 0 0 0 0 0 0 0 0 0 0 0 0 0 0 0 0 0 0 0 0 0 0 0 0 0 0 0 0 0 0 0 0 0 0 0 0 0 0 0 0 0 0 1.253 1.249 1.249 1.249 1.249 1.251 1.251 1.256 1.259 1.259 1.261 1.259 1.254 1.232 1.224 1.208 1.189 1.182 1.15 1.139 1.112 1.1 1.091 1.066 1.053 1.038 1.025 1.008 0.991 0.976 0.968 0.958 0.949 0.942 0.925 0.913 0.91 0.897 0.889 0.877 0.867 0.865 0.853 0.852 0.852 0.852 0.86 0.864 0.865 0.87 0.872 0.875 0.88 0.885 0.889 0.889 0.899 0.9 0.905 0.909 0.911 0.921 0.924 0.926 0.926 0.93 0.932 0.935 0.953 0.956 0.963 0.97 0.973 0.97 0.97 0.967 0.965 0.965 0.965 0.963 0.953 0.937 0.926 0.922 0.921 0.914 0.904 0.897 0.896 0.896 0.889 0.88 0.873 0.87 0.857 0.857 0.852 0.847 0.847 0.834 0.833 0.83 0.827 0.826 0.823 0.806 0.802 0.799 0.798 0.796 0.794 0.788 0.788 0.784 0.784 0.778 0.774 0.774 0.767 0.764 0.754 0.752 0.752 0.749 0.748 0.744 0.739 0.735 0.731 0.727 0.725 0.723 0.723 0.722 0.714 0.713 0.712 0.711 0.711 0.702 0.699 0.699 0.698 0.698 0.692 0.687 0.682 0.684 0.683 0.683 0.684 0.684 0.683 0.673 0.671 0.667 0.667 0.666 0.666 0.667 0.666 0.666 0.662 0.66 0.66 0.66 0.66 0.662 0.662 0.662 0.662 0.662 0.661 0.661 0.661 0.661 0.664 0.664 0.664 0.664 0.662 0.662 0.666 0.674 0.674 0.677 0.676 0.676 0.68 0.68 0.68 0.683 0.683 0.686 0.689 0.688 0.69 0.69 0.692 0.692 0.692 0.692 0.692 0.689 0.686 0.689 0.686 0.686 0.686 0.687 0.686 0.686 0.686 0.683 0.683 0.682 0.682 0.682 0.682 0.678 0.678 0.675 0.671 0.669 0.666 0.668 0.668 0.668 0.67 0.67 0.67 0.667 0.66 0.659 0.66 0.66 0.66 0.661 0.661 0.659 0.661 0.659 0.659 0.659 0.66 0.66 0.666 0.669 0.671 0.672 0.673 0.673 0.673 0.677 0.683 0.684 0.686 0.686 0.686 0.686 0.691 0.705 1.29 1.298 1.31 1.31 1.312 1.313 1.313 1.314 1.315 1.322 1.331 1.331 1.333 1.333 1.337 1.339 1.344 1.356 1.359
2 3.6831 682 0 0 0 0 0 0 0 0 0 0 0 0 0 0 0 0 0 0 0 0 0 0 0 0 0 0 0 0 0 0 0 0 0 0 0 0 0 0 0 0 0 0 0.921 0.921 0.92 0.918 0.915 0.91 0.91 0.908 0.89 0.889 0.885 0.88 0.88 0.879 0.879 0.877 0.874 0.856 0.855 0.855 0.856 0.86 0.862 0 0 0 0 0 0 0 0 0 0 0 0 0 0 0 0 0 0 0 0 0 0 0 0 0 0 0 0 0 0 0 0 0 0 0 0 0 0 0 0 0 2.645 2.645 2.645 0 0 0 0 0 0 0 0 0 0 2.006 2.006 2.006 2.007 2.007 2.01 2.016 2.016 2.021 2.023 2.024 2.034 2.036 2.037 2.039 2.041 2.049 2.055 2.061 2.061 2.069 2.073 2.078 2.083 2.087 2.089 2.1 2.102 2.109 2.122 2.78 2.791 2.8 2.808 2.812 2.83 2.83 2.843 2.851 2.858 2.862 2.876 2.895 2.92 2.92 2.923 2.924 2.939 2.943 2.959 2.961 2.973 0 0 0 0 0 0 0 0 0 0 0 0 0 0 0 0 0 0 0 0 0 0 0 0 0 0 0 0 0 0 0 0 0 0 0 0 0 0 2.718 2.718 2.718 2.73 2.73 2.754 2.787 2.8 2.822 2.84 2.847 2.858 2.894 2.916 2.929 2.947 0 0 0 0 0 0 0 0 0 0 0 0 0 0 0 0 0 0 0 0 0 0 0 0 0 0 0 0 0 0 0 0 0 0 0 0 0 0 0 0 0 0 0 0 0 0 0 0 0 0 0 0 0 0 0 0 0 0 0 0 0 0 0 0 0 0 0 0 0 0 0 0 0 0 0 0 0 0 0 0 0 0 0 0 0 0 4.268 4.268 4.268 0 0 0 0 0 0 0 0 0 4.866 4.866 4.865 4.848 4.848 4.848 4.844 4.836 4.836 4.836 4.836 0 0 0 0 4.798 4.797 4.797 4.794 4.794 4.794 4.794 4.794 4.794 4.795 4.8 0 0 0 0 0 0 0 0 0 0 0 0 0 0 0 0 0 0 0 0 0 0 0 0 0 0 0 0 0 0 0 0 0 0 0 0 0 0 0 0 0 0 0 0 0 0 0 0 0 0 0 0 1.247 1.247 1.246 1.247 1.251 1.253 1.254 1.258 1.262 1.262 1.262 1.255 1.247 1.241 1.228 1.211 1.193 1.176 1.156 1.139 1.114 1.103 1.092 1.068 1.057 1.025 1.023 1.006 0.993 0.98 0.97 0.949 0.947 0.946 0.922 0.921 0.912 0.894 0.889 0.872 0.867 0.865 0.856 0.855 0.855 0.856 0.857 0.862 0.866 0.867 0.874 0.879 0.888 0.888 0.89 0.894 0.896 0.902 0.905 0.914 0.915 0.918 0.924 0.928 0.928 0.933 0.936 0.941 0.953 0.957 0.959 0.97 0.973 0.973 0.973 0.973 0.966 0.966 0.966 0.953 0.949 0.934 0.93 0.923 0.921 0.916 0.904 0.898 0.896 0.889 0.885 0.879 0.873 0.873 0.868 0.859 0.856 0.847 0.845 0.839 0.835 0.831 0.831 0.825 0.823 0.809 0.808 0.807 0.798 0.796 0.794 0.785 0.785 0.778 0.772 0.772 0.772 0.772 0.764 0.762 0.759 0.752 0.75 0.748 0.748 0.748 0.743 0.742 0.741 0.729 0.726 0.725 0.725 0.724 0.72 0.71 0.704 0.704 0.704 0.703 0.703 0.698 0.696 0.695 0.685 0.684 0.683 0.683 0.682 0.683 0.683 0.683 0.682 0.673 0.671 0.67 0.669 0.669 0.669 0.669 0.666 0.666 0.66 0.66 0.659 0.659 0.659 0.661 0.661 0.662 0.662 0.667 0.662 0.659 0.659 0.664 0.664 0.664 0.669 0.669 0.669 0.669 0.669 0.676 0.676 0.676 0.68 0.68 0.682 0.682 0.682 0.682 0.682 0.683 0.686 0.686 0.689 0.689 0.689 0.689 0.686 0.686 0.686 0.684 0.684 0.684 0.684 0.684 0.685 0.688 0.688 0.688 0.688 0.687 0.682 0.679 0.679 0.679 0.679 0.676 0.676 0.672 0.67 0.666 0.666 0.662 0.662 0.661 0.661 0.661 0.66 0.661 0.664 0.66 0.657 0.657 0.657 0.657 0.657 0.657 0.662 0.661 0.661 0.661 0.661 0.661 0.664 0.669 0.671 0.671 0.672 0.672 0.676 0.678 0.679 0.681 0.683 0.687 0.689 0.692 0.693 0.708 1.296 1.299 1.302 1.302 1.318 1.318 1.318 1.316 1.316 1.316 1.329 1.333 1.335 1.335 1.336 1.342 1.345 1.355 1.355
2 3.7831 682 0 0 0 0 0 0 0 0 0 0 0 0 0 0 0 0 0 0 0 0 0 0 0 0 0 0 0 0 0 0 0 0 0 0 0 0 0 0 0 0 0 0.921 0.921 0.919 0.919 0.919 0.913 0.909 0.908 0.903 0.899 0.894 0.88 0.88 0.878 0.88 0.878 0.875 0.875 0.863 0.854 0.854 0.853 0.854 0.857 0 0 0 0 0 0 0 0 0 0 0 0 0 0 0 0 0 0 0 0 0 0 0 0 0 0 0 0 0 0 0 0 0 0 0 0 0 0 0 0 0 0 0 0 0 0 0 0 0 0 0 0 0 0 2.012 2.008 2.008 2.008 2.01 2.012 2.015 2.019 2.024 2.032 2.033 2.037 2.037 2.038 2.038 2.042 2.056 2.057 2.064 2.066 2.071 2.072 2.075 2.084 2.087 2.095 2.098 2.103 2.114 2.124 2.781 2.789 2.8 2.81 2.824 2.825 2.828 2.841 2.851 2.858 2.873 2.879 2.897 2.932 2.932 2.932 2.934 2.934 2.939 2.953 2.965 2.973 0 0 0 0 0 0 0 0 0 0 0 0 0 0 0 0 0 0 0 0 0 0 0 0 0 0 0 0 0 0 0 0 0 0 0 0 0 0 2.704 2.704 2.704 2.726 2.734 2.763 2.783 2.803 2.823 2.831 2.858 2.873 2.888 2.916 2.935 2.962 3.071 0 0 0 0 0 0 0 0 0 0 0 0 0 0 0 0 0 0 0 0 0 0 0 0 0 0 0 0 0 0 0 0 0 0 0 0 0 0 0 0 0 0 0 0 0 0 0 0 0 0 0 0 0 0 0 0 0 0 0 0 0 0 0 0 0 0 0 0 0 0 0 0 0 0 0 0 0 0 0 0 0 0 0 4.347 4.347 4.274 4.274 0 0 0 0 0 0 0 0 0 0 4.874 4.872 4.871 4.86 4.85 4.848 4.838 4.838 4.838 4.838 4.841 0 0 0 0 4.805 4.8 4.8 4.794 4.792 4.792 4.795 4.795 4.795 4.795 4.797 0 0 0 0 0 0 0 0 0 0 0 0 0 0 0 0 0 0 0 0 0 0 0 0 0 0 0 0 0 0 0 0 0 0 0 0 0 0 0 0 0 0 0 0 0 0 0 0 0 0 0 0 1.25 1.25 1.247 1.247 1.25 1.251 1.252 1.263 1.263 1.263 1.263 1.261 1.252 1.238 1.223 1.208 1.186 1.168 1.158 1.136 1.116 1.096 1.085 1.062 1.055 1.035 1.017 1.004 0.991 0.98 0.972 0.958 0.947 0.942 0.927 0.914 0.91 0.897 0.886 0.872 0.87 0.866 0.859 0.859 0.859 0.859 0.859 0.863 0.866 0.868 0.874 0.881 0.882 0.884 0.886 0.89 0.89 0.901 0.911 0.915 0.916 0.918 0.926 0.93 0.93 0.927 0.93 0.93 0.955 0.957 0.963 0.965 0.975 0.975 0.975 0.969 0.96 0.96 0.96 0.96 0.951 0.934 0.927 0.924 0.921 0.914 0.902 0.893 0.888 0.887 0.886 0.886 0.876 0.869 0.857 0.853 0.852 0.85 0.843 0.84 0.833 0.833 0.821 0.821 0.818 0.81 0.81 0.802 0.792 0.792 0.787 0.787 0.786 0.784 0.782 0.776 0.772 0.768 0.764 0.761 0.76 0.758 0.75 0.749 0.747 0.744 0.743 0.737 0.729 0.729 0.729 0.728 0.724 0.721 0.717 0.71 0.708 0.707 0.703 0.702 0.701 0.699 0.697 0.696 0.692 0.69 0.684 0.683 0.683 0.683 0.683 0.682 0.682 0.674 0.674 0.671 0.669 0.669 0.669 0.667 0.666 0.666 0.664 0.661 0.661 0.661 0.658 0.661 0.661 0.66 0.662 0.668 0.662 0.662 0.663 0.666 0.666 0.667 0.67 0.671 0.671 0.672 0.674 0.674 0.674 0.674 0.678 0.681 0.681 0.681 0.681 0.681 0.68 0.681 0.684 0.686 0.688 0.688 0.688 0.688 0.688 0.689 0.689 0.689 0.689 0.688 0.688 0.688 0.686 0.684 0.684 0.683 0.684 0.683 0.682 0.681 0.679 0.679 0.679 0.679 0.679 0.676 0.672 0.669 0.669 0.668 0.668 0.667 0.662 0.662 0.659 0.659 0.659 0.659 0.658 0.658 0.658 0.658 0.658 0.658 0.659 0.659 0.661 0.661 0.661 0.661 0.661 0.661 0.663 0.67 0.671 0.677 0.676 0.677 0.683 0.683 0.684 0.685 0.685 0.689 0.693 0.712 1.293 1.296 1.298 1.298 1.312 1.312 1.314 1.315 1.316 1.321 1.323 1.33 1.333 1.333 1.335 1.34 1.35 1.356 1.358
2 3.8821 682 0 0 0 0 0 0 0 0 0 0 0 0 0 0 0 0 0 0 0 0 0 0 0 0 0 0 0 0 0 0 0 0 0 0 0 0 0 0 0 0 0 0 0.923 0.92 0.92 0.919 0.919 0.916 0.91 0.904 0.897 0.896 0.879 0.879 0.879 0.88 0.88 0.88 0.873 0.861 0.859 0.859 0.859 0.859 0.866 0 0 0 0 0 0 0 0 0 0 0 0 0 0 0 0 0 0 0 0 0 0 0 0 0 0 0 0 0 0 0 0 0 0 0 0 0 0 0 0 0 2.653 2.653 2.653 0 0 0 0 0 0 0 0 0 0 2.014 2.007 2.007 2.006 2.007 2.012 2.016 2.016 2.019 2.021 2.032 2.033 2.036 2.037 2.044 2.044 2.052 2.053 2.061 2.061 2.07 2.073 2.078 2.086 2.087 2.096 2.097 2.102 2.113 2.124 2.781 2.795 2.801 2.805 2.819 2.825 2.83 2.844 2.85 2.858 2.865 2.871 2.891 2.908 2.919 2.92 2.927 2.93 2.952 2.963 2.964 2.979 0 0 0 0 0 0 0 0 0 0 0 0 0 0 0 0 0 0 0 0 0 0 0 0 0 0 0 0 0 0 0 0 0 0 0 0 0 0 2.711 2.711 2.711 2.718 2.744 2.764 2.779 2.802 2.823 2.84 2.854 2.869 2.89 2.924 2.936 2.948 3.062 0 0 0 0 0 0 0 0 0 0 0 0 0 0 0 0 0 0 0 0 0 0 0 0 0 0 0 0 0 0 0 0 0 0 0 0 0 0 0 0 0 0 0 0 0 0 0 0 0 0 0 0 0 0 0 0 0 0 0 0 0 0 0 0 0 0 0 0 0 0 0 0 0 0 0 0 0 0 0 0 0 0 0 4.263 4.263 4.263 0 0 0 0 0 0 0 0 0 0 0 0 4.873 4.858 4.858 4.855 4.852 4.843 4.839 4.833 4.833 4.833 0 0 0 0 4.803 4.8 4.796 4.796 4.796 4.795 4.793 4.793 4.793 4.793 4.799 0 0 0 0 0 0 0 0 0 0 0 0 0 0 0 0 0 0 0 0 0 0 0 0 0 0 0 0 0 0 0 0 0 0 0 0 0 0 0 0 0 0 0 0 0 0 0 0 0 0 0 0 1.253 1.252 1.251 1.251 1.252 1.252 1.256 1.256 1.261 1.261 1.263 1.261 1.253 1.235 1.217 1.208 1.183 1.174 1.159 1.137 1.119 1.107 1.085 1.068 1.044 1.03 1.016 1.006 0.995 0.98 0.969 0.952 0.951 0.948 0.927 0.919 0.904 0.889 0.887 0.877 0.869 0.867 0.86 0.851 0.851 0.86 0.863 0.868 0.868 0.869 0.869 0.882 0.884 0.886 0.887 0.887 0.891 0.899 0.9 0.911 0.912 0.913 0.919 0.923 0.923 0.935 0.935 0.941 0.943 0.955 0.966 0.972 0.977 0.977 0.977 0.974 0.963 0.963 0.963 0.962 0.951 0.934 0.93 0.922 0.919 0.91 0.905 0.9 0.898 0.894 0.887 0.88 0.878 0.87 0.857 0.855 0.852 0.845 0.844 0.84 0.833 0.831 0.829 0.823 0.821 0.808 0.807 0.8 0.797 0.797 0.794 0.792 0.791 0.782 0.777 0.771 0.771 0.77 0.766 0.764 0.763 0.75 0.75 0.75 0.745 0.737 0.737 0.737 0.734 0.729 0.729 0.722 0.72 0.72 0.717 0.709 0.707 0.704 0.704 0.704 0.701 0.7 0.698 0.691 0.688 0.688 0.683 0.68 0.68 0.68 0.688 0.688 0.688 0.675 0.669 0.668 0.668 0.667 0.667 0.663 0.663 0.663 0.668 0.664 0.664 0.662 0.662 0.662 0.657 0.661 0.661 0.661 0.658 0.658 0.658 0.658 0.666 0.666 0.666 0.668 0.668 0.668 0.673 0.674 0.674 0.675 0.676 0.676 0.682 0.682 0.682 0.682 0.683 0.685 0.687 0.692 0.692 0.692 0.691 0.688 0.686 0.688 0.686 0.686 0.69 0.69 0.687 0.687 0.686 0.686 0.686 0.686 0.688 0.688 0.683 0.683 0.681 0.681 0.681 0.676 0.676 0.676 0.673 0.673 0.67 0.661 0.661 0.667 0.66 0.667 0.667 0.667 0.666 0.666 0.658 0.658 0.658 0.658 0.658 0.659 0.66 0.664 0.662 0.662 0.67 0.67 0.67 0.672 0.672 0.673 0.674 0.674 0.674 0.674 0.68 0.687 0.687 0.687 0.687 0.688 0.693 0.699 1.294 1.299 1.307 1.307 1.31 1.31 1.312 1.319 1.319 1.319 1.327 1.332 1.336 1.335 1.336 1.337 1.35 1.364 1.365
2 3.9821 682 0 0 0 0 0 0 0 0 0 0 0 0 0 0 0 0 0 0 0 0 0 0 0 0 0 0 0 0 0 0 0 0 0 0 0 0 0 0 0 0 0 0 0.919 0.919 0.919 0.919 0.916 0.911 0.902 0.9 0.897 0.888 0.888 0.889 0.878 0.879 0.879 0.872 0.872 0.859 0.854 0.854 0.853 0.853 0.863 0 0 0 0 0 0 0 0 0 0 0 0 0 0 0 0 0 0 0 0 0 0 0 0 0 0 0 0 0 0 0 0 0 0 0 0 0 0 0 0 0 0 0 0 0 0 0 0 0 0 0 0 0 0 2.012 2.005 2.005 2.005 2.01 2.013 2.015 2.02 2.021 2.025 2.027 2.032 2.036 2.038 2.039 2.041 2.047 2.059 2.062 2.064 2.071 2.073 2.079 2.08 2.08 2.084 2.094 2.105 2.106 2.122 2.785 2.793 2.799 2.807 2.81 2.825 2.834 2.839 2.844 2.858 2.859 2.867 2.89 2.908 2.917 2.929 2.93 2.93 2.93 2.959 2.971 2.976 0 0 0 0 0 0 0 0 0 0 0 0 0 0 0 0 0 0 0 0 0 0 0 0 0 0 0 0 0 0 0 0 0 0 0 0 0 0 2.707 2.707 2.707 2.716 2.733 2.758 2.778 2.801 2.826 2.841 2.858 2.869 2.879 2.922 2.922 2.928 2.949 0 0 0 0 0 0 0 0 0 0 0 0 0 0 0 0 0 0 0 0 0 0 0 0 0 0 0 0 0 0 0 0 0 0 0 0 0 0 0 0 0 0 0 0 0 0 0 0 0 0 0 0 0 0 0 0 0 0 0 0 0 0 0 0 0 0 0 0 0 0 0 0 0 0 0 0 0 0 0 0 0 0 0 0 0 0 0 0 0 0 0 0 0 0 0 0 0 4.877 4.865 4.862 4.857 4.857 4.85 4.849 4.84 4.829 4.829 4.829 0 0 0 0 4.802 4.8 4.799 4.796 4.796 4.796 4.794 4.79 4.794 4.795 4.795 0 0 0 0 0 0 0 0 0 0 0 0 0 0 0 0 0 0 0 0 0 0 0 0 0 0 0 0 0 0 0 0 0 0 0 0 0 0 0 0 0 0 0 0 0 0 0 0 0 0 0 0 1.247 1.243 1.243 1.243 1.247 1.25 1.262 1.264 1.264 1.262 1.259 1.256 1.251 1.241 1.232 1.214 1.184 1.171 1.161 1.138 1.122 1.094 1.087 1.065 1.048 1.034 1.02 1.01 0.996 0.983 0.974 0.954 0.952 0.944 0.927 0.91 0.91 0.892 0.89 0.869 0.869 0.866 0.857 0.853 0.853 0.853 0.86 0.862 0.863 0.869 0.87 0.876 0.885 0.889 0.889 0.898 0.9 0.901 0.902 0.913 0.914 0.919 0.919 0.921 0.921 0.932 0.934 0.946 0.955 0.956 0.968 0.973 0.979 0.98 0.98 0.979 0.967 0.967 0.967 0.96 0.949 0.931 0.925 0.925 0.922 0.914 0.907 0.894 0.889 0.889 0.885 0.884 0.872 0.87 0.862 0.859 0.854 0.841 0.839 0.839 0.838 0.828 0.825 0.822 0.821 0.809 0.805 0.8 0.8 0.795 0.791 0.79 0.788 0.778 0.776 0.776 0.775 0.775 0.767 0.758 0.753 0.75 0.749 0.749 0.746 0.742 0.74 0.739 0.739 0.728 0.726 0.72 0.72 0.72 0.719 0.71 0.709 0.708 0.707 0.7 0.7 0.7 0.697 0.692 0.692 0.686 0.686 0.686 0.679 0.679 0.684 0.679 0.677 0.671 0.671 0.668 0.667 0.663 0.666 0.664 0.664 0.664 0.664 0.663 0.66 0.659 0.659 0.659 0.661 0.662 0.666 0.666 0.666 0.662 0.663 0.663 0.663 0.663 0.663 0.663 0.663 0.666 0.672 0.675 0.675 0.677 0.677 0.677 0.677 0.677 0.677 0.677 0.68 0.68 0.683 0.685 0.685 0.685 0.684 0.684 0.684 0.687 0.687 0.688 0.688 0.686 0.686 0.687 0.686 0.686 0.687 0.685 0.685 0.685 0.683 0.68 0.682 0.682 0.68 0.678 0.678 0.676 0.675 0.67 0.664 0.667 0.667 0.667 0.667 0.667 0.664 0.664 0.664 0.663 0.662 0.662 0.66 0.659 0.659 0.66 0.66 0.66 0.66 0.661 0.661 0.666 0.666 0.667 0.67 0.671 0.676 0.676 0.676 0.678 0.678 0.682 0.685 0.686 0.687 0.692 0.693 0.702 1.295 1.298 1.304 1.304 1.309 1.311 1.312 1.312 1.321 1.322 1.333 1.335 1.336 1.336 1.339 1.339 1.342 1.359 1.362
2 4.0821 682 0 0 0 0 0 0 0 0 0 0 0 0 0 0 0 0 0 0 0 0 0 0 0 0 0 0 0 0 0 0 0 0 0 0 0 0 0 0 0 0 0 0.921 0.919 0.919 0.919 0.918 0.918 0.915 0.912 0.905 0.892 0.889 0.884 0.884 0.878 0.88 0.88 0.878 0.876 0.861 0.859 0.859 0.857 0.856 0.859 0 0 0 0 0 0 0 0 0 0 0 0 0 0 0 0 0 0 0 0 0 0 0 0 0 0 0 0 0 0 0 0 0 0 0 0 0 0 0 0 0 0 0 0 0 0 0 0 0 0 0 0 0 0 2.017 2.012 2.007 2.007 2.01 2.01 2.015 2.016 2.02 2.021 2.021 2.033 2.035 2.037 2.038 2.043 2.05 2.057 2.066 2.066 2.068 2.07 2.077 2.083 2.083 2.091 2.098 2.104 2.117 2.127 2.776 2.791 2.804 2.805 2.816 2.817 2.824 2.848 2.852 2.86 2.867 2.88 2.892 2.919 2.919 2.919 2.929 2.93 2.957 2.967 2.967 2.974 0 0 0 0 0 0 0 0 0 0 0 0 0 0 0 0 0 0 0 0 0 0 0 0 0 0 0 0 0 0 0 0 0 0 0 0 0 0 2.714 2.714 2.714 2.723 2.732 2.765 2.785 2.797 2.808 2.839 2.86 2.872 2.893 2.93 2.931 2.949 3.057 0 0 0 0 0 0 0 0 0 0 0 0 0 0 0 0 0 0 0 0 0 0 0 0 0 0 0 0 0 0 0 0 0 0 0 0 0 0 0 0 0 0 0 0 0 0 0 0 0 0 0 0 0 0 0 0 0 0 0 0 0 0 0 0 0 3.941 3.941 3.941 0 0 0 0 0 0 0 0 0 0 0 0 0 0 0 0 0 0 0 0 0 0 0 0 0 0 0 0 0 4.886 4.876 4.856 4.851 4.851 4.848 4.846 4.846 4.832 4.832 4.832 0 0 0 4.817 4.8 4.799 4.797 4.795 4.793 4.793 4.792 4.792 4.792 4.796 4.798 0 0 0 0 0 0 0 0 0 0 0 0 0 0 0 0 0 0 0 0 0 0 0 0 0 0 0 0 0 0 0 0 0 0 0 0 0 0 0 0 0 0 0 0 0 0 0 0 0 0 0 0 1.246 1.246 1.246 1.246 1.247 1.247 1.252 1.263 1.263 1.263 1.263 1.262 1.247 1.246 1.221 1.203 1.189 1.174 1.149 1.131 1.126 1.092 1.083 1.058 1.051 1.032 1.022 1.003 0.991 0.979 0.972 0.964 0.953 0.942 0.926 0.919 0.903 0.894 0.884 0.875 0.874 0.873 0.86 0.857 0.857 0.857 0.86 0.861 0.861 0.863 0.87 0.876 0.89 0.89 0.892 0.896 0.899 0.902 0.903 0.909 0.915 0.918 0.925 0.926 0.926 0.931 0.932 0.932 0.954 0.963 0.963 0.974 0.978 0.978 0.978 0.968 0.963 0.963 0.963 0.963 0.957 0.927 0.926 0.921 0.921 0.918 0.908 0.894 0.89 0.886 0.884 0.884 0.884 0.873 0.863 0.861 0.851 0.849 0.847 0.829 0.829 0.824 0.824 0.824 0.824 0.813 0.803 0.803 0.801 0.798 0.796 0.796 0.786 0.781 0.774 0.774 0.77 0.77 0.768 0.765 0.758 0.753 0.753 0.746 0.745 0.743 0.742 0.737 0.735 0.73 0.727 0.726 0.726 0.719 0.717 0.709 0.707 0.704 0.705 0.702 0.701 0.698 0.697 0.696 0.693 0.688 0.682 0.677 0.677 0.682 0.682 0.682 0.682 0.675 0.673 0.67 0.67 0.67 0.67 0.67 0.667 0.666 0.666 0.664 0.663 0.663 0.662 0.662 0.663 0.662 0.663 0.664 0.663 0.662 0.662 0.662 0.662 0.662 0.662 0.668 0.668 0.669 0.669 0.669 0.672 0.678 0.679 0.679 0.682 0.682 0.684 0.684 0.684 0.691 0.691 0.691 0.685 0.687 0.687 0.687 0.686 0.687 0.686 0.686 0.688 0.688 0.688 0.688 0.688 0.686 0.69 0.683 0.688 0.683 0.685 0.683 0.681 0.681 0.68 0.679 0.679 0.676 0.676 0.673 0.668 0.661 0.661 0.661 0.661 0.66 0.664 0.664 0.664 0.661 0.661 0.66 0.66 0.66 0.66 0.661 0.663 0.664 0.664 0.664 0.662 0.662 0.662 0.667 0.669 0.669 0.673 0.677 0.677 0.68 0.68 0.681 0.688 0.688 0.693 0.693 0.695 0.7 1.294 1.295 1.302 1.302 1.31 1.31 1.311 1.311 1.314 1.319 1.322 1.328 1.337 1.337 1.338 1.339 1.346 1.356 1.359
2 4.1811 682 0 0 0 0 0 0 0 0 0 0 0 0 0 0 0 0 0 0 0 0 0 0 0 0 0 0 0 0 0 0 0 0 0 0 0 0 0 0 0 0 0 0 0.928 0.916 0.916 0.916 0.915 0.914 0.902 0.901 0.897 0.89 0.887 0.882 0.882 0.881 0.88 0.88 0.876 0.86 0.856 0.856 0.85 0.85 0.862 0 0 0 0 0 0 0 0 0 0 0 0 0 0 0 0 0 0 0 0 0 0 0 0 0 0 0 0 0 0 0 0 0 0 0 0 0 0 0 0 0 0 0 0 0 0 0 0 0 0 0 0 0 0 2.007 2.007 2.007 2.007 2.009 2.013 2.016 2.022 2.023 2.024 2.026 2.037 2.04 2.04 2.043 2.049 2.054 2.055 2.061 2.061 2.062 2.072 2.077 2.086 2.09 2.102 2.105 2.108 2.112 2.126 2.781 2.792 2.801 2.801 2.819 2.821 2.829 2.844 2.85 2.856 2.865 2.87 2.892 2.913 2.916 2.924 2.925 2.928 2.939 2.957 2.96 2.971 0 0 0 0 0 0 0 0 0 0 0 0 0 0 0 0 0 0 0 0 0 0 0 0 0 0 0 0 0 0 0 0 0 0 0 0 0 0 2.7 2.7 2.7 2.723 2.736 2.752 2.786 2.798 2.813 2.841 2.855 2.858 2.889 2.92 2.94 2.951 3.085 0 0 0 0 0 0 0 0 0 0 0 0 0 0 0 0 0 0 0 0 0 0 0 0 0 0 0 0 0 0 0 0 0 0 0 0 0 0 0 0 0 0 0 0 0 0 0 0 0 0 0 0 0 0 0 0 0 0 0 0 0 0 0 3.876 3.876 3.876 0 0 0 0 0 0 0 0 0 0 4.081 4.081 4.081 0 0 0 0 0 0 0 0 0 0 0 0 0 0 0 0 0 0 0 0 4.855 4.855 4.855 4.851 4.85 4.845 4.84 4.84 4.84 0 0 0 4.828 4.798 4.798 4.798 4.798 4.794 4.793 4.794 4.794 4.794 4.795 4.801 0 0 0 0 0 0 0 0 0 0 0 0 0 0 0 0 0 0 0 0 0 0 0 0 0 0 0 0 0 0 0 0 0 0 0 0 0 0 0 0 0 0 0 0 0 0 0 0 0 0 0 0 1.249 1.246 1.246 1.246 1.246 1.25 1.252 1.261 1.263 1.263 1.263 1.262 1.25 1.242 1.225 1.205 1.189 1.176 1.156 1.137 1.111 1.095 1.086 1.068 1.055 1.026 1.022 1.006 0.996 0.982 0.966 0.952 0.949 0.941 0.926 0.919 0.908 0.9 0.89 0.875 0.87 0.869 0.856 0.854 0.854 0.854 0.859 0.862 0.863 0.873 0.875 0.881 0.886 0.886 0.891 0.894 0.894 0.901 0.903 0.911 0.919 0.919 0.922 0.927 0.927 0.927 0.932 0.94 0.953 0.957 0.958 0.976 0.976 0.976 0.976 0.975 0.962 0.962 0.962 0.959 0.956 0.928 0.926 0.922 0.922 0.912 0.908 0.898 0.889 0.887 0.881 0.879 0.877 0.87 0.857 0.856 0.854 0.851 0.849 0.843 0.828 0.826 0.826 0.824 0.821 0.806 0.805 0.801 0.799 0.797 0.793 0.79 0.786 0.786 0.776 0.775 0.772 0.771 0.764 0.764 0.758 0.751 0.751 0.749 0.746 0.746 0.741 0.739 0.732 0.729 0.725 0.725 0.723 0.723 0.722 0.71 0.71 0.709 0.707 0.705 0.704 0.698 0.695 0.689 0.688 0.686 0.684 0.683 0.682 0.683 0.684 0.683 0.681 0.678 0.67 0.663 0.67 0.668 0.67 0.668 0.668 0.667 0.664 0.662 0.663 0.661 0.661 0.661 0.663 0.661 0.666 0.666 0.661 0.661 0.664 0.664 0.664 0.664 0.667 0.666 0.666 0.669 0.671 0.675 0.676 0.677 0.677 0.676 0.676 0.677 0.677 0.682 0.682 0.684 0.688 0.691 0.688 0.69 0.688 0.69 0.688 0.69 0.688 0.691 0.688 0.687 0.687 0.688 0.688 0.688 0.688 0.685 0.685 0.683 0.682 0.682 0.682 0.679 0.679 0.679 0.679 0.673 0.669 0.668 0.667 0.664 0.662 0.662 0.66 0.66 0.659 0.66 0.66 0.66 0.662 0.662 0.658 0.658 0.658 0.658 0.66 0.66 0.66 0.66 0.66 0.66 0.663 0.669 0.671 0.669 0.672 0.674 0.674 0.676 0.681 0.684 0.687 0.687 0.689 0.69 0.69 0.702 1.299 1.299 1.304 1.304 1.306 1.309 1.309 1.31 1.311 1.311 1.321 1.331 1.338 1.333 1.338 1.346 1.346 1.355 1.355
2 4.2811 682 0 0 0 0 0 0 0 0 0 0 0 0 0 0 0 0 0 0 0 0 0 0 0 0 0 0 0 0 0 0 0 0 0 0 0 0 0 0 0 0 0 0 0.927 0.914 0.914 0.914 0.914 0.911 0.911 0.908 0.896 0.893 0.886 0.885 0.881 0.881 0.878 0.873 0.872 0.862 0.859 0.859 0.857 0.857 0.863 0 0 0 0 0 0 0 0 0 0 0 0 0 0 0 0 0 0 0 0 0 0 0 0 0 0 0 0 0 0 0 0 0 0 0 0 0 0 0 0 0 0 0 0 0 0 0 0 0 0 0 0 0 0 2.009 2.006 2.006 2.006 2.006 2.008 2.021 2.022 2.022 2.022 2.026 2.032 2.035 2.039 2.045 2.05 2.056 2.057 2.061 2.064 2.075 2.077 2.078 2.089 2.089 2.096 2.098 2.102 2.112 2.122 2.774 2.784 2.798 2.803 2.822 2.826 2.832 2.841 2.851 2.86 2.864 2.876 2.89 2.925 2.925 2.925 2.925 2.925 2.945 2.956 2.974 2.976 0 0 0 0 0 0 0 0 0 0 0 0 0 0 0 0 0 0 0 0 0 0 0 0 0 0 0 0 0 0 0 0 0 0 0 0 0 0 2.706 2.706 2.706 2.712 2.735 2.766 2.782 2.807 2.818 2.844 2.852 2.875 2.892 2.927 2.931 2.947 3.073 0 0 0 0 0 0 0 0 0 0 0 0 0 0 0 0 0 0 0 0 0 0 0 0 0 0 0 0 0 0 0 0 0 0 0 0 0 0 0 0 0 0 0 0 0 0 0 0 0 0 0 0 0 0 0 0 0 0 0 0 0 3.836 3.812 3.812 3.812 3.835 0 0 0 0 0 0 0 0 0 0 0 0 0 0 0 0 0 0 0 0 0 0 0 0 0 0 0 0 0 0 0 4.872 4.872 4.864 4.859 4.851 4.841 4.84 4.839 4.835 4.835 4.835 0 0 0 0 4.799 4.799 4.799 4.798 4.798 4.8 4.792 4.792 4.792 4.797 4.797 0 0 0 0 0 0 0 0 0 0 0 0 0 0 0 0 0 0 0 0 0 0 0 0 0 0 0 0 0 0 0 0 0 0 0 0 0 0 0 0 0 0 0 0 0 0 0 0 0 0 0 0 1.25 1.25 1.247 1.25 1.25 1.25 1.251 1.254 1.259 1.259 1.259 1.256 1.252 1.242 1.219 1.208 1.188 1.179 1.152 1.141 1.113 1.103 1.083 1.065 1.049 1.034 1.024 1.006 0.997 0.977 0.968 0.96 0.947 0.94 0.927 0.918 0.908 0.9 0.894 0.876 0.87 0.87 0.853 0.853 0.853 0.853 0.856 0.863 0.866 0.878 0.879 0.88 0.88 0.881 0.891 0.891 0.893 0.901 0.907 0.911 0.913 0.914 0.925 0.928 0.928 0.933 0.937 0.938 0.954 0.957 0.963 0.976 0.979 0.979 0.979 0.976 0.963 0.963 0.963 0.963 0.947 0.936 0.928 0.925 0.924 0.911 0.899 0.894 0.891 0.89 0.887 0.886 0.877 0.872 0.868 0.868 0.855 0.851 0.85 0.848 0.836 0.836 0.828 0.828 0.82 0.808 0.805 0.802 0.797 0.793 0.791 0.783 0.783 0.783 0.779 0.779 0.775 0.775 0.766 0.766 0.757 0.754 0.75 0.746 0.746 0.745 0.745 0.737 0.736 0.735 0.729 0.729 0.722 0.72 0.715 0.712 0.71 0.706 0.704 0.704 0.699 0.698 0.696 0.692 0.691 0.69 0.69 0.684 0.684 0.684 0.685 0.685 0.685 0.673 0.671 0.667 0.667 0.667 0.667 0.668 0.668 0.663 0.664 0.664 0.661 0.661 0.658 0.658 0.656 0.658 0.662 0.664 0.663 0.663 0.664 0.666 0.663 0.659 0.661 0.661 0.661 0.675 0.675 0.675 0.675 0.68 0.68 0.68 0.68 0.68 0.681 0.686 0.686 0.686 0.689 0.689 0.689 0.691 0.689 0.691 0.689 0.69 0.689 0.69 0.689 0.689 0.689 0.689 0.689 0.689 0.689 0.689 0.689 0.686 0.685 0.679 0.679 0.678 0.679 0.677 0.677 0.673 0.669 0.669 0.664 0.666 0.661 0.661 0.661 0.662 0.661 0.661 0.662 0.661 0.661 0.661 0.662 0.66 0.66 0.66 0.663 0.663 0.663 0.663 0.663 0.663 0.668 0.668 0.668 0.669 0.676 0.677 0.677 0.68 0.682 0.686 0.687 0.687 0.693 0.693 0.699 0.704 1.289 1.302 1.304 1.304 1.309 1.309 1.31 1.315 1.316 1.325 1.33 1.33 1.337 1.337 1.338 1.349 1.35 1.354 1.362
2 4.3811 682 0 0 0 0 0 0 0 0 0 0 0 0 0 0 0 0 0 0 0 0 0 0 0 0 0 0 0 0 0 0 0 0 0 0 0 0 0 0 0 0 0 0 0 0.932 0.927 0.923 0.919 0.916 0.911 0.911 0.89 0.888 0.884 0.88 0.88 0.88 0.88 0.88 0.876 0.857 0.856 0.856 0.853 0.853 0.856 0 0 0 0 0 0 0 0 0 0 0 0 0 0 0 0 0 0 0 0 0 0 0 0 0 0 0 0 0 0 0 0 0 0 0 0 0 0 0 0 0 0 0 0 0 0 0 0 0 0 0 0 0 0 2.016 2.002 2.002 2.002 2.009 2.013 2.016 2.018 2.019 2.02 2.029 2.032 2.032 2.037 2.047 2.048 2.055 2.057 2.063 2.066 2.068 2.068 2.084 2.089 2.093 2.095 2.098 2.102 2.105 2.124 2.788 2.799 2.8 2.807 2.822 2.825 2.826 2.835 2.854 2.86 2.864 2.872 2.875 2.918 2.932 2.932 2.934 2.934 2.934 2.96 2.964 2.978 0 0 0 0 0 0 0 0 0 0 0 0 0 0 0 0 0 0 0 0 0 0 0 0 0 0 0 0 0 0 0 0 0 0 0 0 0 0 2.7 2.7 2.7 2.718 2.738 2.754 2.781 2.798 2.8 2.829 2.849 2.867 2.883 2.924 2.929 2.948 3.074 0 0 0 0 0 0 0 0 0 0 0 0 0 0 0 0 0 0 0 0 0 0 0 0 0 0 0 0 0 0 0 0 0 0 0 0 0 0 0 0 0 0 0 0 0 0 0 0 0 0 0 0 0 0 0 0 0 0 0 0 0 3.796 3.796 3.796 3.816 3.833 0 0 0 0 0 0 0 0 0 0 0 0 0 0 0 0 0 0 0 0 0 0 0 0 0 0 0 0 0 0 0 4.876 4.863 4.856 4.855 4.854 4.85 4.84 4.838 4.832 4.832 4.832 0 0 0 0 4.802 4.798 4.798 4.796 4.796 4.793 4.797 4.796 4.796 4.796 4.797 0 0 0 0 0 0 0 0 0 0 0 0 0 0 0 0 0 0 0 0 0 0 0 0 0 0 0 0 0 0 0 0 0 0 0 0 0 0 0 0 0 0 0 0 0 0 0 0 0 0 0 0 1.247 1.247 1.247 1.247 1.249 1.256 1.258 1.264 1.264 1.264 1.258 1.255 1.251 1.244 1.22 1.206 1.188 1.175 1.161 1.15 1.118 1.102 1.087 1.066 1.061 1.029 1.022 1.005 0.997 0.976 0.967 0.958 0.951 0.941 0.923 0.921 0.911 0.886 0.884 0.877 0.869 0.868 0.862 0.857 0.857 0.857 0.859 0.866 0.868 0.874 0.875 0.876 0.882 0.893 0.893 0.893 0.893 0.896 0.903 0.908 0.909 0.912 0.922 0.923 0.923 0.933 0.937 0.941 0.945 0.959 0.966 0.97 0.974 0.976 0.976 0.974 0.96 0.96 0.96 0.96 0.948 0.94 0.934 0.92 0.913 0.912 0.903 0.903 0.892 0.891 0.885 0.882 0.874 0.873 0.864 0.863 0.856 0.844 0.844 0.839 0.831 0.831 0.818 0.818 0.817 0.814 0.799 0.799 0.794 0.793 0.792 0.788 0.788 0.781 0.777 0.774 0.774 0.765 0.763 0.762 0.758 0.755 0.752 0.748 0.747 0.739 0.739 0.739 0.737 0.728 0.727 0.725 0.72 0.719 0.715 0.708 0.707 0.704 0.707 0.702 0.7 0.7 0.696 0.693 0.691 0.69 0.682 0.681 0.681 0.681 0.688 0.688 0.688 0.682 0.671 0.671 0.671 0.668 0.668 0.662 0.661 0.661 0.66 0.658 0.658 0.66 0.663 0.666 0.666 0.666 0.666 0.666 0.663 0.662 0.662 0.662 0.662 0.662 0.662 0.662 0.662 0.662 0.667 0.674 0.675 0.677 0.68 0.68 0.68 0.68 0.68 0.683 0.683 0.685 0.686 0.686 0.689 0.689 0.689 0.689 0.685 0.685 0.685 0.685 0.689 0.689 0.687 0.687 0.687 0.686 0.686 0.686 0.685 0.685 0.685 0.684 0.684 0.682 0.682 0.68 0.68 0.678 0.667 0.667 0.667 0.667 0.662 0.669 0.666 0.662 0.662 0.659 0.659 0.658 0.658 0.658 0.656 0.656 0.657 0.657 0.662 0.663 0.663 0.663 0.663 0.663 0.663 0.663 0.664 0.67 0.672 0.675 0.678 0.68 0.683 0.684 0.687 0.687 0.691 0.695 0.696 0.701 1.292 1.305 1.309 1.309 1.309 1.311 1.312 1.312 1.312 1.316 1.331 1.335 1.341 1.341 1.341 1.344 1.345 1.355 1.359
2 4.4801 682 0 0 0 0 0 0 0 0 0 0 0 0 0 0 0 0 0 0 0 0 0 0 0 0 0 0 0 0 0 0 0 0 0 0 0 0 0 0 0 0 0 0 0 0.919 0.912 0.91 0.91 0.908 0.908 0.905 0.901 0.882 0.882 0.881 0.876 0.881 0.881 0.875 0.87 0.862 0.856 0.856 0.847 0.847 0.857 0 0 0 0 0 0 0 0 0 0 0 0 0 0 0 0 0 0 0 0 0 0 0 0 0 0 0 0 0 0 0 0 0 0 0 0 0 0 0 0 0 0 0 0 0 0 0 0 0 0 0 0 0 0 2.013 2.004 2.004 2.004 2.012 2.013 2.013 2.015 2.019 2.021 2.022 2.036 2.037 2.037 2.04 2.041 2.052 2.053 2.064 2.068 2.068 2.075 2.082 2.087 2.092 2.093 2.101 2.103 2.106 2.122 2.782 2.79 2.805 2.81 2.822 2.824 2.83 2.845 2.861 2.865 2.865 2.87 2.883 2.909 2.918 2.94 2.94 2.946 2.946 2.967 2.969 2.975 0 0 0 0 0 0 0 0 0 0 0 0 0 0 0 0 0 0 0 0 0 0 0 0 0 0 0 0 0 0 0 0 0 0 0 0 0 0 2.708 2.708 2.708 2.722 2.741 2.762 2.779 2.789 2.823 2.829 2.854 2.871 2.888 2.929 2.939 2.945 0 0 0 0 0 0 0 0 0 0 0 0 0 0 0 0 0 0 0 0 0 0 0 0 0 0 0 0 0 0 0 0 0 0 0 0 0 0 0 0 0 0 0 0 0 0 0 0 0 0 0 0 0 0 0 0 0 0 0 0 0 3.791 3.774 3.774 3.77 3.77 3.587 3.587 3.587 0 0 0 0 0 0 0 0 0 0 0 0 0 0 0 0 0 0 0 0 0 0 0 0 0 0 0 0 0 0 4.877 4.861 4.858 4.849 4.848 4.846 4.84 4.834 4.834 4.834 0 0 0 0 4.799 4.795 4.795 4.795 4.793 4.793 4.796 4.796 4.796 4.796 4.796 0 0 0 0 0 0 0 0 0 0 0 0 0 0 0 0 0 0 0 0 0 0 0 0 0 0 0 0 0 0 0 0 0 0 0 0 0 0 0 0 0 0 0 0 0 0 0 0 0 0 0 0 1.249 1.249 1.249 1.249 1.249 1.249 1.249 1.266 1.266 1.266 1.259 1.256 1.252 1.232 1.226 1.212 1.186 1.174 1.155 1.131 1.112 1.096 1.089 1.068 1.057 1.03 1.019 1.01 0.999 0.984 0.967 0.952 0.952 0.945 0.932 0.915 0.91 0.894 0.886 0.874 0.872 0.87 0.853 0.853 0.849 0.849 0.857 0.865 0.865 0.866 0.874 0.876 0.88 0.885 0.889 0.893 0.894 0.898 0.903 0.905 0.913 0.918 0.922 0.923 0.923 0.926 0.933 0.938 0.947 0.954 0.962 0.972 0.979 0.979 0.979 0.97 0.963 0.963 0.963 0.96 0.947 0.927 0.927 0.923 0.921 0.914 0.907 0.894 0.894 0.887 0.885 0.885 0.879 0.872 0.861 0.855 0.853 0.848 0.845 0.838 0.83 0.83 0.829 0.824 0.821 0.812 0.808 0.806 0.802 0.797 0.791 0.79 0.78 0.78 0.777 0.774 0.771 0.769 0.763 0.758 0.754 0.753 0.749 0.742 0.742 0.741 0.74 0.736 0.735 0.735 0.724 0.723 0.722 0.72 0.716 0.71 0.708 0.705 0.705 0.705 0.704 0.697 0.697 0.697 0.695 0.686 0.682 0.681 0.681 0.681 0.685 0.685 0.685 0.677 0.676 0.672 0.67 0.663 0.663 0.668 0.668 0.668 0.668 0.668 0.667 0.667 0.663 0.663 0.663 0.659 0.663 0.661 0.658 0.658 0.661 0.661 0.663 0.663 0.666 0.666 0.666 0.672 0.674 0.677 0.677 0.677 0.677 0.68 0.68 0.681 0.681 0.684 0.684 0.689 0.689 0.692 0.688 0.688 0.687 0.688 0.687 0.687 0.687 0.687 0.687 0.686 0.687 0.687 0.687 0.687 0.687 0.686 0.687 0.686 0.683 0.678 0.679 0.679 0.679 0.675 0.675 0.675 0.675 0.669 0.666 0.666 0.664 0.661 0.661 0.66 0.661 0.662 0.662 0.662 0.662 0.657 0.657 0.658 0.658 0.661 0.662 0.662 0.664 0.664 0.666 0.666 0.664 0.667 0.67 0.669 0.67 0.673 0.674 0.674 0.675 0.681 0.683 0.683 0.683 0.69 0.693 0.693 1.29 1.302 1.306 1.306 1.314 1.314 1.315 1.321 1.321 1.322 1.335 1.339 1.339 1.339 1.34 1.341 1.35 1.356 1.358
2 4.5801 682 0 0 0 0 0 0 0 0 0 0 0 0 0 0 0 0 0 0 0 0 0 0 0 0 0 0 0 0 0 0 0 0 0 0 0 0 0 0 0 0 0 0 0 0.933 0.922 0.922 0.919 0.911 0.908 0.902 0.897 0.89 0.885 0.882 0.881 0.88 0.878 0.878 0.873 0.859 0.85 0.849 0.849 0.849 0.852 0.869 0 0 0 0 0 0 0 0 0 0 0 0 0 0 0 0 0 0 0 0 0 0 0 0 0 0 0 0 0 0 0 0 0 0 0 0 0 0 0 0 2.648 2.648 2.648 0 0 0 0 0 0 0 0 0 0 2.018 2.004 2.004 2.004 2.004 2.006 2.014 2.021 2.022 2.023 2.023 2.032 2.036 2.036 2.039 2.039 2.054 2.056 2.066 2.066 2.068 2.075 2.081 2.087 2.092 2.098 2.1 2.1 2.102 2.122 2.783 2.784 2.8 2.81 2.821 2.824 2.835 2.837 2.849 2.855 2.859 2.87 2.888 2.922 2.922 2.922 2.929 2.929 2.947 2.961 2.965 2.971 0 0 0 0 0 0 0 0 0 0 0 0 0 0 0 0 0 0 0 0 0 0 0 0 0 0 0 0 0 0 0 0 0 0 0 0 0 0 2.7 2.7 2.7 2.713 2.737 2.759 2.778 2.804 2.821 2.827 2.868 2.871 2.897 2.923 2.926 2.956 3.085 0 0 0 0 0 0 0 0 0 0 0 0 0 0 0 0 0 0 0 0 0 0 0 0 0 0 0 0 0 0 0 0 0 0 0 0 0 0 0 0 0 0 0 0 0 0 0 0 0 0 0 0 0 0 0 0 0 0 0 0 0 3.74 3.624 3.624 0 0 0 0 0 0 0 0 0 0 0 0 0 0 0 0 0 0 0 0 0 0 0 0 0 0 0 0 0 0 0 0 0 4.877 4.864 4.864 4.857 4.856 4.852 4.842 4.841 4.84 4.84 4.84 0 0 0 0 4.802 4.799 4.799 4.799 4.794 4.794 4.788 4.788 4.788 4.798 4.8 0 0 0 0 0 0 0 0 0 0 0 0 0 0 0 0 0 0 0 0 0 0 0 0 0 0 0 0 0 0 0 0 0 0 0 0 0 0 0 0 0 0 0 0 0 0 0 0 0 0 0 0 1.252 1.246 1.246 1.246 1.247 1.247 1.255 1.262 1.268 1.268 1.268 1.258 1.252 1.243 1.225 1.212 1.185 1.183 1.155 1.144 1.117 1.098 1.09 1.068 1.054 1.034 1.023 1.008 0.994 0.976 0.975 0.955 0.952 0.944 0.925 0.913 0.903 0.889 0.887 0.874 0.872 0.868 0.865 0.86 0.857 0.857 0.865 0.866 0.868 0.869 0.87 0.872 0.887 0.888 0.892 0.896 0.897 0.9 0.902 0.911 0.913 0.918 0.921 0.924 0.921 0.933 0.936 0.94 0.956 0.959 0.965 0.965 0.975 0.975 0.975 0.969 0.962 0.962 0.962 0.962 0.947 0.933 0.928 0.926 0.922 0.914 0.913 0.899 0.897 0.887 0.886 0.881 0.88 0.88 0.876 0.863 0.853 0.844 0.844 0.84 0.838 0.835 0.827 0.824 0.812 0.809 0.805 0.803 0.799 0.797 0.792 0.786 0.782 0.78 0.779 0.775 0.774 0.768 0.768 0.766 0.757 0.754 0.75 0.749 0.749 0.739 0.739 0.735 0.735 0.727 0.724 0.724 0.722 0.721 0.719 0.711 0.711 0.708 0.705 0.704 0.703 0.7 0.693 0.693 0.692 0.691 0.688 0.686 0.686 0.686 0.686 0.684 0.684 0.678 0.673 0.672 0.672 0.666 0.666 0.667 0.667 0.667 0.667 0.666 0.663 0.661 0.658 0.658 0.658 0.662 0.663 0.663 0.662 0.659 0.659 0.659 0.668 0.668 0.669 0.671 0.671 0.671 0.671 0.674 0.676 0.678 0.678 0.679 0.679 0.679 0.679 0.681 0.681 0.684 0.686 0.686 0.687 0.687 0.687 0.687 0.687 0.688 0.688 0.688 0.691 0.691 0.686 0.686 0.686 0.686 0.689 0.689 0.689 0.686 0.686 0.681 0.68 0.68 0.679 0.678 0.678 0.676 0.672 0.671 0.66 0.657 0.657 0.657 0.657 0.662 0.662 0.668 0.668 0.666 0.659 0.662 0.662 0.662 0.662 0.662 0.662 0.664 0.664 0.664 0.664 0.664 0.667 0.669 0.669 0.674 0.674 0.674 0.674 0.676 0.681 0.682 0.683 0.685 0.687 0.692 0.698 0.698 1.287 1.302 1.309 1.309 1.311 1.311 1.311 1.314 1.314 1.319 1.333 1.335 1.336 1.336 1.339 1.341 1.349 1.353 1.359
2 4.6801 682 0 0 0 0 0 0 0 0 0 0 0 0 0 0 0 0 0 0 0 0 0 0 0 0 0 0 0 0 0 0 0 0 0 0 0 0 0 0 0 0 0 0 0.934 0.918 0.918 0.916 0.914 0.91 0.903 0.903 0.889 0.887 0.887 0.885 0.878 0.878 0.878 0.876 0.869 0.866 0.859 0.859 0.853 0.853 0.865 0 0 0 0 0 0 0 0 0 0 0 0 0 0 0 0 0 0 0 0 0 0 0 0 0 0 0 0 0 0 0 0 0 0 0 0 0 0 0 0 0 0 0 0 0 0 0 0 0 0 0 0 0 0 2.01 2.006 2.005 2.005 2.006 2.014 2.02 2.02 2.02 2.026 2.027 2.034 2.04 2.04 2.041 2.049 2.05 2.06 2.062 2.069 2.071 2.078 2.083 2.084 2.087 2.095 2.099 2.105 2.109 2.122 2.788 2.795 2.815 2.816 2.824 2.828 2.832 2.847 2.849 2.854 2.872 2.875 2.893 2.906 2.917 2.922 2.929 2.934 2.942 2.955 2.964 2.98 0 0 0 0 0 0 0 0 0 0 0 0 0 0 0 0 0 0 0 0 0 0 0 0 0 0 0 0 0 0 0 0 0 0 0 0 0 0 2.709 2.709 2.709 2.718 2.727 2.765 2.784 2.803 2.817 2.829 2.856 2.877 2.889 2.925 2.936 2.947 3.071 0 0 0 0 0 0 0 0 0 0 0 0 0 0 0 0 0 0 0 0 0 0 0 0 0 0 0 0 0 0 0 0 0 0 0 0 0 0 0 0 0 0 0 0 0 0 0 0 0 0 0 0 0 0 0 0 0 0 3.265 3.214 3.214 3.214 0 0 0 0 0 0 0 0 0 0 0 0 0 0 0 0 0 0 0 0 0 0 0 0 0 0 0 0 0 0 0 0 0 0 0 0 4.876 4.862 4.86 4.859 4.856 4.844 4.84 4.835 4.835 4.835 0 0 0 0 4.802 4.802 4.801 4.794 4.793 4.794 4.793 4.793 4.791 4.794 4.794 0 0 0 0 0 0 0 0 0 0 0 0 0 0 0 0 0 0 0 0 0 0 0 0 0 0 0 0 0 0 0 0 0 0 0 0 0 0 0 0 0 0 0 0 0 0 0 0 0 0 0 0 1.245 1.245 1.245 1.245 1.246 1.251 1.251 1.263 1.264 1.264 1.264 1.26 1.25 1.236 1.228 1.215 1.188 1.175 1.158 1.144 1.122 1.101 1.079 1.067 1.059 1.029 1.018 1.004 0.994 0.97 0.968 0.958 0.951 0.943 0.932 0.916 0.912 0.889 0.888 0.872 0.87 0.866 0.857 0.855 0.849 0.849 0.857 0.863 0.867 0.868 0.87 0.88 0.887 0.888 0.89 0.892 0.898 0.904 0.905 0.912 0.912 0.914 0.921 0.927 0.927 0.931 0.931 0.934 0.952 0.965 0.968 0.973 0.975 0.975 0.975 0.97 0.964 0.964 0.964 0.959 0.947 0.927 0.924 0.914 0.914 0.913 0.905 0.897 0.893 0.89 0.882 0.876 0.875 0.868 0.868 0.86 0.86 0.849 0.847 0.845 0.836 0.824 0.824 0.824 0.82 0.809 0.806 0.802 0.799 0.794 0.792 0.791 0.784 0.781 0.771 0.771 0.769 0.767 0.766 0.766 0.758 0.755 0.753 0.745 0.744 0.742 0.74 0.734 0.731 0.731 0.725 0.722 0.722 0.715 0.709 0.709 0.706 0.706 0.706 0.706 0.705 0.7 0.699 0.698 0.695 0.687 0.686 0.686 0.685 0.685 0.685 0.685 0.685 0.677 0.673 0.671 0.669 0.667 0.667 0.667 0.667 0.662 0.659 0.659 0.659 0.659 0.659 0.66 0.659 0.658 0.66 0.658 0.658 0.658 0.658 0.658 0.663 0.666 0.666 0.666 0.666 0.67 0.672 0.676 0.678 0.68 0.68 0.682 0.684 0.684 0.684 0.688 0.684 0.688 0.691 0.691 0.691 0.691 0.691 0.687 0.685 0.685 0.685 0.685 0.686 0.686 0.686 0.686 0.686 0.688 0.688 0.688 0.688 0.687 0.684 0.684 0.678 0.678 0.678 0.677 0.677 0.672 0.671 0.671 0.666 0.666 0.666 0.662 0.662 0.662 0.66 0.659 0.66 0.659 0.657 0.659 0.66 0.657 0.66 0.66 0.661 0.662 0.666 0.662 0.662 0.667 0.667 0.668 0.669 0.669 0.672 0.674 0.676 0.678 0.679 0.682 0.687 0.687 0.688 0.689 0.691 0.7 1.295 1.297 1.299 1.299 1.311 1.313 1.313 1.318 1.319 1.32 1.329 1.332 1.333 1.333 1.335 1.337 1.347 1.359 1.361
2 4.7791 682 0 0 0 0 0 0 0 0 0 0 0 0 0 0 0 0 0 0 0 0 0 0 0 0 0 0 0 0 0 0 0 0 0 0 0 0 0 0 0 0 0 0 0 0.927 0.925 0.911 0.911 0.909 0.909 0.907 0.902 0.899 0.892 0.886 0.881 0.881 0.881 0.875 0.869 0.862 0.861 0.861 0.859 0.859 0.864 0 0 0 0 0 0 0 0 0 0 0 0 0 0 0 0 0 0 0 0 0 0 0 0 0 0 0 0 0 0 0 0 0 0 0 0 0 0 0 0 0 0 0 0 0 0 0 0 0 0 0 0 0 0 2.01 2.003 2.003 2.003 2.009 2.013 2.016 2.015 2.017 2.022 2.022 2.031 2.036 2.036 2.044 2.048 2.056 2.058 2.059 2.061 2.064 2.071 2.083 2.087 2.09 2.091 2.099 2.102 2.102 2.125 2.777 2.799 2.803 2.81 2.814 2.82 2.829 2.843 2.85 2.853 2.857 2.866 2.889 2.925 2.927 2.93 2.931 2.936 2.936 2.955 2.958 2.968 0 0 0 0 0 0 0 0 0 0 0 0 0 0 0 0 0 0 0 0 0 0 0 0 0 0 0 0 0 0 0 0 0 0 0 0 0 0 2.708 2.708 2.708 2.723 2.74 2.766 2.777 2.801 2.807 2.829 2.859 2.875 2.886 2.929 2.932 2.949 0 0 0 0 0 0 0 0 0 0 0 0 0 0 0 0 0 0 0 0 0 0 0 0 0 0 0 0 0 0 0 0 0 0 0 0 0 0 0 0 0 0 0 0 0 0 0 0 0 0 0 0 0 0 0 0 0 3.174 3.123 3.123 3.123 3.138 3.158 0 0 0 0 0 0 0 0 0 0 0 0 0 0 0 0 0 0 0 0 0 0 0 0 0 0 0 0 0 0 0 0 0 0 0 0 0 4.863 4.857 4.852 4.848 4.842 4.84 4.836 4.836 4.84 0 0 0 0 4.799 4.798 4.798 4.798 4.797 4.793 4.788 4.788 4.789 4.793 4.798 0 0 0 0 0 0 0 0 0 0 0 0 0 0 0 0 0 0 0 0 0 0 0 0 0 0 0 0 0 0 0 0 0 0 0 0 0 0 0 0 0 0 0 0 0 0 0 0 0 0 0 0 1.247 1.247 1.247 1.247 1.25 1.251 1.253 1.259 1.263 1.263 1.263 1.258 1.255 1.238 1.223 1.212 1.19 1.174 1.154 1.143 1.117 1.096 1.085 1.071 1.051 1.028 1.022 1.005 0.994 0.973 0.965 0.952 0.944 0.942 0.927 0.912 0.91 0.889 0.886 0.873 0.87 0.867 0.861 0.856 0.851 0.851 0.856 0.863 0.863 0.865 0.872 0.88 0.88 0.892 0.896 0.897 0.897 0.897 0.905 0.914 0.914 0.918 0.926 0.93 0.93 0.93 0.931 0.931 0.951 0.962 0.966 0.967 0.975 0.975 0.975 0.962 0.955 0.955 0.955 0.955 0.947 0.932 0.927 0.925 0.921 0.916 0.901 0.889 0.888 0.881 0.88 0.879 0.875 0.872 0.857 0.857 0.852 0.85 0.844 0.84 0.836 0.833 0.825 0.825 0.817 0.807 0.806 0.806 0.802 0.79 0.788 0.788 0.787 0.782 0.778 0.772 0.767 0.766 0.762 0.758 0.753 0.753 0.75 0.747 0.742 0.742 0.741 0.734 0.732 0.731 0.726 0.726 0.719 0.716 0.714 0.707 0.706 0.705 0.704 0.703 0.702 0.699 0.692 0.692 0.692 0.686 0.686 0.686 0.686 0.687 0.687 0.687 0.687 0.673 0.672 0.669 0.667 0.663 0.663 0.663 0.664 0.663 0.664 0.664 0.664 0.663 0.66 0.66 0.66 0.657 0.664 0.669 0.664 0.662 0.663 0.663 0.662 0.662 0.663 0.666 0.666 0.667 0.669 0.674 0.674 0.674 0.674 0.676 0.682 0.682 0.682 0.683 0.683 0.687 0.69 0.691 0.69 0.69 0.69 0.688 0.688 0.688 0.688 0.688 0.689 0.689 0.689 0.689 0.685 0.684 0.685 0.685 0.685 0.683 0.683 0.681 0.681 0.679 0.676 0.676 0.676 0.676 0.672 0.669 0.669 0.669 0.669 0.669 0.669 0.667 0.667 0.667 0.664 0.664 0.664 0.662 0.662 0.659 0.659 0.66 0.66 0.66 0.661 0.66 0.661 0.661 0.662 0.663 0.666 0.671 0.673 0.673 0.673 0.674 0.679 0.68 0.684 0.686 0.688 0.688 0.695 0.704 1.295 1.302 1.302 1.302 1.307 1.312 1.316 1.319 1.32 1.321 1.329 1.33 1.336 1.335 1.336 1.337 1.346 1.359 1.362
2 4.8791 682 0 0 0 0 0 0 0 0 0 0 0 0 0 0 0 0 0 0 0 0 0 0 0 0 0 0 0 0 0 0 0 0 0 0 0 0 0 0 0 0 0 0 0 0.926 0.914 0.913 0.908 0.907 0.907 0.901 0.897 0.89 0.886 0.885 0.882 0.882 0.881 0.88 0.868 0.861 0.856 0.856 0.85 0.85 0.862 0 0 0 0 0 0 0 0 0 0 0 0 0 0 0 0 0 0 0 0 0 0 0 0 0 0 0 0 0 0 0 0 0 0 0 0 0 0 0 0 0 0 0 0 0 0 0 0 0 0 0 0 0 0 2.012 2 2 2 2.007 2.008 2.009 2.021 2.021 2.023 2.023 2.032 2.035 2.04 2.042 2.044 2.049 2.062 2.062 2.062 2.067 2.073 2.08 2.087 2.089 2.092 2.094 2.108 2.111 2.121 2.775 2.792 2.799 2.801 2.816 2.821 2.834 2.842 2.844 2.859 2.872 2.882 2.882 2.921 2.921 2.927 2.939 2.949 2.949 2.96 2.971 2.971 0 0 0 0 0 0 0 0 0 0 0 0 0 0 0 0 0 0 0 0 0 0 0 0 0 0 0 0 0 0 0 0 0 0 0 0 0 0 2.701 2.701 2.701 2.723 2.74 2.759 2.782 2.802 2.816 2.832 2.859 2.864 2.879 2.926 2.94 2.953 3.058 0 0 0 0 0 0 0 0 0 0 0 0 0 0 0 0 0 0 0 0 0 0 0 0 0 0 0 0 0 0 0 0 0 0 0 0 0 0 0 0 0 0 0 0 0 0 0 0 0 0 0 0 0 3.423 3.389 3.11 3.074 3.074 3.074 3.082 3.119 0 0 0 0 0 0 0 0 0 0 0 0 0 0 0 0 0 0 0 0 0 0 0 0 0 0 0 0 0 0 0 0 0 0 0 0 0 4.864 4.859 4.851 4.849 4.844 4.842 4.839 4.832 4.832 4.832 0 0 0 4.809 4.801 4.8 4.797 4.797 4.794 4.794 4.794 4.793 4.793 4.793 4.793 0 0 0 0 0 0 0 0 0 0 0 0 0 0 0 0 0 0 0 0 0 0 0 0 0 0 0 0 0 0 0 0 0 0 0 0 0 0 0 0 0 0 0 0 0 0 0 0 0 0 0 0 1.245 1.245 1.245 1.245 1.247 1.247 1.25 1.266 1.266 1.266 1.261 1.259 1.253 1.242 1.221 1.209 1.182 1.18 1.154 1.14 1.119 1.105 1.087 1.065 1.052 1.029 1.022 1.01 0.997 0.977 0.969 0.955 0.952 0.94 0.926 0.919 0.905 0.893 0.888 0.876 0.876 0.869 0.862 0.859 0.859 0.859 0.86 0.86 0.87 0.872 0.873 0.875 0.88 0.885 0.889 0.89 0.899 0.901 0.907 0.908 0.91 0.919 0.925 0.925 0.925 0.932 0.932 0.935 0.948 0.96 0.963 0.974 0.975 0.975 0.975 0.966 0.963 0.963 0.963 0.963 0.951 0.933 0.927 0.924 0.919 0.912 0.907 0.901 0.896 0.896 0.887 0.884 0.878 0.865 0.861 0.859 0.851 0.845 0.845 0.844 0.831 0.828 0.828 0.827 0.827 0.813 0.81 0.805 0.802 0.797 0.793 0.793 0.787 0.786 0.778 0.776 0.771 0.769 0.768 0.764 0.755 0.753 0.752 0.746 0.745 0.744 0.744 0.741 0.741 0.728 0.725 0.724 0.722 0.72 0.713 0.712 0.708 0.708 0.702 0.702 0.702 0.701 0.695 0.692 0.69 0.688 0.685 0.685 0.684 0.684 0.688 0.688 0.684 0.674 0.67 0.669 0.669 0.664 0.663 0.661 0.661 0.661 0.661 0.66 0.66 0.657 0.657 0.657 0.657 0.657 0.664 0.664 0.663 0.662 0.663 0.662 0.662 0.66 0.66 0.66 0.664 0.664 0.669 0.671 0.671 0.674 0.675 0.676 0.681 0.681 0.683 0.683 0.686 0.686 0.689 0.69 0.69 0.69 0.689 0.689 0.688 0.689 0.688 0.688 0.688 0.688 0.687 0.687 0.687 0.687 0.687 0.687 0.687 0.686 0.678 0.674 0.674 0.674 0.675 0.675 0.675 0.679 0.673 0.671 0.667 0.663 0.663 0.663 0.66 0.663 0.66 0.66 0.662 0.662 0.659 0.659 0.659 0.659 0.66 0.661 0.661 0.663 0.663 0.663 0.662 0.662 0.662 0.664 0.668 0.668 0.676 0.676 0.676 0.677 0.679 0.681 0.681 0.682 0.684 0.688 0.691 0.703 1.299 1.299 1.307 1.307 1.31 1.311 1.314 1.314 1.314 1.322 1.331 1.332 1.336 1.336 1.336 1.338 1.346 1.355 1.358
2 4.9791 682 0 0 0 0 0 0 0 0 0 0 0 0 0 0 0 0 0 0 0 0 0 0 0 0 0 0 0 0 0 0 0 0 0 0 0 0 0 0 0 0 0 0 0 0.918 0.916 0.914 0.911 0.911 0.907 0.907 0.899 0.898 0.886 0.881 0.879 0.879 0.879 0.878 0.876 0.857 0.855 0.855 0.855 0.855 0.856 0.863 0 0 0 0 0 0 0 0 0 0 0 0 0 0 0 0 0 0 0 0 0 0 0 0 0 0 0 0 0 0 0 0 0 0 0 0 0 0 0 0 2.659 2.659 2.659 0 0 0 0 0 0 0 0 0 0 2.014 2.003 2.003 2.003 2.004 2.009 2.01 2.016 2.021 2.022 2.027 2.027 2.035 2.037 2.047 2.048 2.053 2.054 2.064 2.064 2.066 2.068 2.076 2.087 2.089 2.091 2.1 2.111 2.114 2.125 2.771 2.793 2.796 2.815 2.818 2.825 2.833 2.848 2.858 2.86 2.863 2.876 2.88 2.92 2.93 2.93 2.934 2.945 2.945 2.961 2.971 2.974 0 0 0 0 0 0 0 0 0 0 0 0 0 0 0 0 0 0 0 0 0 0 0 0 0 0 0 0 0 0 0 0 0 0 0 0 0 0 2.716 2.716 2.716 2.716 2.731 2.76 2.778 2.79 2.823 2.829 2.853 2.866 2.89 2.932 2.938 2.943 3.089 0 0 0 0 0 0 0 0 0 0 0 0 0 0 0 0 0 0 0 0 0 0 0 0 0 0 0 0 0 0 0 0 0 0 0 0 0 0 0 0 0 0 0 0 0 0 0 0 0 0 0 0 0 3.26 3.086 3.055 3.049 3.049 3.049 3.066 0 0 0 0 0 0 0 0 0 0 0 0 0 0 0 0 0 0 0 0 0 0 0 0 0 0 0 0 0 0 0 0 0 0 0 0 0 4.88 4.877 4.869 4.859 4.858 4.852 4.842 4.837 4.834 4.837 4.842 0 0 0 0 4.81 4.805 4.799 4.795 4.794 4.795 4.796 4.796 4.796 4.796 4.807 0 0 0 0 0 0 0 0 0 0 0 0 0 0 0 0 0 0 0 0 0 0 0 0 0 0 0 0 0 0 0 0 0 0 0 0 0 0 0 0 0 0 0 0 0 0 0 0 0 0 0 0 1.249 1.249 1.246 1.246 1.249 1.249 1.253 1.262 1.264 1.264 1.264 1.259 1.252 1.237 1.228 1.208 1.19 1.168 1.158 1.136 1.114 1.101 1.086 1.062 1.057 1.034 1.026 1.016 0.998 0.979 0.967 0.955 0.947 0.94 0.924 0.914 0.911 0.893 0.887 0.874 0.874 0.873 0.853 0.851 0.851 0.851 0.852 0.854 0.87 0.872 0.874 0.874 0.888 0.889 0.89 0.897 0.897 0.903 0.905 0.909 0.913 0.921 0.921 0.922 0.922 0.931 0.935 0.937 0.949 0.955 0.958 0.962 0.974 0.974 0.974 0.968 0.965 0.965 0.965 0.965 0.946 0.936 0.931 0.925 0.925 0.909 0.905 0.9 0.893 0.892 0.884 0.878 0.877 0.867 0.859 0.853 0.852 0.845 0.841 0.84 0.829 0.827 0.825 0.821 0.813 0.81 0.801 0.8 0.799 0.798 0.796 0.787 0.787 0.786 0.779 0.779 0.771 0.771 0.763 0.76 0.757 0.75 0.75 0.748 0.747 0.743 0.741 0.74 0.74 0.732 0.732 0.723 0.722 0.716 0.716 0.713 0.712 0.707 0.705 0.703 0.701 0.701 0.7 0.692 0.692 0.689 0.689 0.687 0.683 0.683 0.687 0.683 0.683 0.677 0.671 0.671 0.671 0.67 0.666 0.666 0.663 0.66 0.66 0.659 0.659 0.659 0.659 0.659 0.662 0.662 0.667 0.667 0.662 0.66 0.662 0.662 0.664 0.664 0.664 0.664 0.664 0.669 0.674 0.674 0.677 0.677 0.677 0.677 0.678 0.679 0.679 0.682 0.683 0.686 0.688 0.686 0.686 0.688 0.688 0.686 0.685 0.689 0.685 0.685 0.692 0.692 0.689 0.689 0.686 0.686 0.686 0.686 0.686 0.685 0.684 0.68 0.68 0.678 0.679 0.676 0.676 0.676 0.674 0.668 0.668 0.668 0.668 0.663 0.668 0.668 0.668 0.67 0.67 0.669 0.661 0.66 0.657 0.657 0.659 0.658 0.658 0.659 0.659 0.658 0.659 0.667 0.668 0.668 0.671 0.672 0.672 0.672 0.672 0.673 0.682 0.683 0.684 0.686 0.687 0.689 0.695 0.698 1.289 1.296 1.31 1.31 1.31 1.31 1.311 1.314 1.316 1.316 1.332 1.332 1.336 1.332 1.336 1.336 1.346 1.356 1.356
2 5.0781 682 0 0 0 0 0 0 0 0 0 0 0 0 0 0 0 0 0 0 0 0 0 0 0 0 0 0 0 0 0 0 0 0 0 0 0 0 0 0 0 0 0 0 0 0.924 0.921 0.918 0.916 0.913 0.902 0.902 0.898 0.896 0.891 0.885 0.885 0.885 0.881 0.879 0.877 0.86 0.859 0.845 0.845 0.845 0.849 0.861 0 0 0 0 0 0 0 0 0 0 0 0 0 0 0 0 0 0 0 0 0 0 0 0 0 0 0 0 0 0 0 0 0 0 0 0 0 0 0 0 0 0 0 0 0 0 0 0 0 0 0 0 0 2.009 2.001 2.001 2.001 2.004 2.008 2.019 2.019 2.022 2.024 2.025 2.025 2.036 2.037 2.038 2.049 2.053 2.055 2.061 2.064 2.067 2.069 2.077 2.09 2.092 2.093 2.098 2.101 2.108 2.122 2.771 2.797 2.806 2.811 2.817 2.819 2.821 2.843 2.852 2.858 2.875 2.879 2.891 2.924 2.924 2.926 2.929 2.929 2.946 2.955 2.967 2.969 0 0 0 0 0 0 0 0 0 0 0 0 0 0 0 0 0 0 0 0 0 0 0 0 0 0 0 0 0 0 0 0 0 0 0 0 0 0 2.702 2.702 2.702 2.727 2.743 2.758 2.779 2.8 2.811 2.833 2.854 2.871 2.886 2.927 2.937 2.955 3.074 0 0 0 0 0 0 0 0 0 0 0 0 0 0 0 0 0 0 0 0 0 0 0 0 0 0 0 0 0 0 0 0 0 0 0 0 0 0 0 0 0 0 0 0 0 0 0 0 0 0 0 0 0 3.079 3.034 3.034 3.034 3.034 3.054 3.104 0 0 0 0 0 0 0 0 0 0 0 0 0 0 0 0 0 0 0 0 0 0 0 0 0 0 0 0 0 0 0 0 0 0 0 0 0 0 4.873 4.861 4.858 4.857 4.856 4.845 4.842 4.84 4.84 4.84 0 0 0 0 4.804 4.8 4.8 4.8 4.794 4.794 4.795 4.795 4.795 4.795 4.795 0 0 0 0 0 0 0 0 0 0 0 0 0 0 0 0 0 0 0 0 0 0 0 0 0 0 0 0 0 0 0 0 0 0 0 0 0 0 0 0 0 0 0 0 0 0 0 0 0 0 0 0 1.252 1.249 1.249 1.249 1.247 1.249 1.25 1.258 1.258 1.258 1.256 1.255 1.247 1.241 1.223 1.214 1.19 1.18 1.155 1.14 1.117 1.096 1.087 1.063 1.051 1.03 1.024 1.007 0.997 0.979 0.973 0.951 0.949 0.938 0.928 0.918 0.903 0.894 0.887 0.874 0.872 0.87 0.856 0.856 0.856 0.859 0.862 0.863 0.866 0.872 0.874 0.88 0.881 0.887 0.887 0.893 0.899 0.9 0.904 0.907 0.913 0.922 0.923 0.924 0.924 0.93 0.943 0.943 0.946 0.958 0.962 0.965 0.979 0.979 0.979 0.968 0.965 0.965 0.965 0.959 0.954 0.935 0.932 0.922 0.92 0.914 0.91 0.899 0.898 0.885 0.884 0.882 0.877 0.874 0.861 0.86 0.857 0.848 0.844 0.838 0.834 0.831 0.826 0.822 0.817 0.811 0.811 0.806 0.796 0.791 0.788 0.791 0.787 0.787 0.778 0.777 0.768 0.767 0.767 0.763 0.76 0.755 0.749 0.749 0.742 0.74 0.739 0.737 0.736 0.731 0.731 0.729 0.721 0.715 0.714 0.711 0.711 0.709 0.708 0.708 0.704 0.698 0.696 0.695 0.691 0.689 0.685 0.684 0.682 0.682 0.682 0.68 0.68 0.675 0.674 0.667 0.667 0.667 0.667 0.664 0.663 0.66 0.66 0.663 0.661 0.663 0.663 0.663 0.661 0.66 0.66 0.667 0.66 0.659 0.661 0.661 0.661 0.661 0.666 0.666 0.668 0.674 0.674 0.674 0.674 0.674 0.675 0.675 0.679 0.684 0.684 0.685 0.685 0.688 0.687 0.689 0.687 0.687 0.687 0.687 0.687 0.691 0.691 0.687 0.689 0.686 0.683 0.684 0.683 0.683 0.684 0.685 0.688 0.688 0.69 0.69 0.681 0.679 0.678 0.678 0.678 0.677 0.675 0.674 0.667 0.667 0.667 0.667 0.667 0.666 0.666 0.666 0.662 0.662 0.66 0.66 0.659 0.659 0.659 0.659 0.659 0.66 0.66 0.66 0.664 0.666 0.667 0.667 0.671 0.671 0.675 0.675 0.675 0.675 0.677 0.678 0.682 0.684 0.685 0.691 0.693 0.7 1.295 1.297 1.301 1.301 1.311 1.311 1.313 1.315 1.315 1.32 1.323 1.332 1.335 1.335 1.337 1.34 1.345 1.358 1.358
2 5.1781 682 0 0 0 0 0 0 0 0 0 0 0 0 0 0 0 0 0 0 0 0 0 0 0 0 0 0 0 0 0 0 0 0 0 0 0 0 0 0 0 0 0 0 0.925 0.925 0.924 0.924 0.915 0.915 0.914 0.907 0.891 0.884 0.884 0.884 0.879 0.877 0.876 0.873 0.869 0.856 0.856 0.85 0.848 0.848 0.848 0.861 0 0 0 0 0 0 0 0 0 0 0 0 0 0 0 0 0 0 0 0 0 0 0 0 0 0 0 0 0 0 0 0 0 0 0 0 0 0 0 0 2.655 2.655 2.655 0 0 0 0 0 0 0 0 0 0 2.016 2.004 2.004 2.004 2.013 2.013 2.014 2.019 2.022 2.023 2.029 2.033 2.038 2.038 2.042 2.044 2.056 2.058 2.059 2.068 2.072 2.074 2.075 2.086 2.086 2.096 2.099 2.104 2.11 2.117 2.773 2.786 2.805 2.807 2.821 2.824 2.825 2.835 2.855 2.857 2.865 2.876 2.888 2.912 2.917 2.922 2.925 2.925 2.945 2.953 2.964 2.972 0 0 0 0 0 0 0 0 0 0 0 0 0 0 0 0 0 0 0 0 0 0 0 0 0 0 0 0 0 0 0 0 0 0 0 0 0 0 2.706 2.706 2.706 2.727 2.735 2.755 2.79 2.796 2.809 2.834 2.855 2.864 2.891 2.918 2.933 2.944 3.071 0 0 0 0 0 0 0 0 0 0 0 0 0 0 0 0 0 0 0 0 0 0 0 0 0 0 0 0 0 0 0 0 0 0 0 0 0 0 0 0 0 0 0 0 0 0 0 0 0 0 0 0 0 3.008 2.994 2.994 2.994 0 0 0 0 0 0 0 0 0 0 0 0 0 0 0 0 0 0 0 0 0 0 0 0 0 0 0 0 0 0 0 0 0 0 0 0 0 0 0 0 0 0 4.87 4.861 4.848 4.845 4.841 4.836 4.832 4.832 4.832 0 0 0 0 4.802 4.799 4.797 4.797 4.795 4.791 4.789 4.789 4.791 4.791 4.795 0 0 0 0 0 0 0 0 0 0 0 0 0 0 0 0 0 0 0 0 0 0 0 0 0 0 0 0 0 0 0 0 0 0 0 0 0 0 0 0 0 0 0 0 0 0 0 0 0 0 0 0 1.253 1.244 1.244 1.244 1.246 1.246 1.253 1.26 1.26 1.26 1.258 1.256 1.249 1.24 1.225 1.209 1.19 1.182 1.162 1.135 1.119 1.1 1.086 1.068 1.051 1.024 1.023 1.005 0.991 0.972 0.967 0.948 0.947 0.944 0.931 0.911 0.905 0.894 0.894 0.877 0.869 0.867 0.849 0.849 0.849 0.852 0.857 0.86 0.869 0.87 0.876 0.885 0.885 0.887 0.888 0.889 0.894 0.905 0.905 0.91 0.914 0.919 0.923 0.928 0.928 0.932 0.935 0.943 0.953 0.956 0.96 0.968 0.972 0.972 0.972 0.969 0.965 0.965 0.965 0.96 0.948 0.933 0.931 0.92 0.919 0.911 0.911 0.904 0.9 0.886 0.885 0.879 0.876 0.875 0.86 0.854 0.853 0.851 0.843 0.84 0.837 0.828 0.828 0.823 0.822 0.813 0.808 0.808 0.801 0.797 0.79 0.79 0.79 0.79 0.781 0.778 0.772 0.768 0.763 0.762 0.758 0.757 0.749 0.747 0.745 0.744 0.741 0.736 0.732 0.73 0.73 0.721 0.72 0.717 0.713 0.709 0.709 0.708 0.707 0.707 0.705 0.7 0.698 0.697 0.697 0.687 0.685 0.684 0.684 0.684 0.687 0.687 0.687 0.68 0.67 0.668 0.668 0.667 0.667 0.667 0.666 0.666 0.666 0.662 0.661 0.661 0.659 0.659 0.659 0.663 0.666 0.666 0.663 0.662 0.662 0.662 0.667 0.667 0.667 0.667 0.669 0.666 0.667 0.667 0.672 0.672 0.677 0.678 0.679 0.679 0.679 0.686 0.685 0.686 0.686 0.686 0.686 0.688 0.686 0.688 0.688 0.688 0.688 0.689 0.691 0.689 0.687 0.687 0.687 0.687 0.686 0.686 0.686 0.683 0.683 0.681 0.681 0.686 0.686 0.678 0.676 0.673 0.673 0.668 0.668 0.668 0.667 0.667 0.667 0.667 0.664 0.661 0.662 0.66 0.659 0.66 0.661 0.66 0.661 0.662 0.662 0.662 0.662 0.662 0.664 0.664 0.664 0.664 0.668 0.669 0.674 0.675 0.679 0.679 0.68 0.681 0.684 0.684 0.689 0.69 0.695 0.698 1.295 1.299 1.301 1.301 1.305 1.305 1.305 1.314 1.321 1.323 1.327 1.336 1.337 1.337 1.337 1.34 1.341 1.349 1.355
2 5.2781 682 0 0 0 0 0 0 0 0 0 0 0 0 0 0 0 0 0 0 0 0 0 0 0 0 0 0 0 0 0 0 0 0 0 0 0 0 0 0 0 0 0 0.927 0.927 0.926 0.926 0.919 0.918 0.911 0.911 0.897 0.891 0.888 0.885 0.884 0.884 0.874 0.873 0.873 0.872 0.865 0.862 0.849 0.849 0.849 0.855 0.863 0 0 0 0 0 0 0 0 0 0 0 0 0 0 0 0 0 0 0 0 0 0 0 0 0 0 0 0 0 0 0 0 0 0 0 0 0 0 0 0 2.66 2.66 2.66 0 0 0 0 0 0 0 0 0 0 2.013 1.999 1.999 1.999 2.006 2.009 2.012 2.021 2.022 2.025 2.026 2.032 2.032 2.033 2.033 2.045 2.049 2.053 2.062 2.064 2.068 2.069 2.077 2.087 2.087 2.09 2.094 2.104 2.112 2.124 2.773 2.798 2.806 2.811 2.815 2.822 2.824 2.842 2.843 2.86 2.863 2.871 2.892 2.922 2.922 2.922 2.928 2.928 2.947 2.966 2.97 2.98 0 0 0 0 0 0 0 0 0 0 0 0 0 0 0 0 0 0 0 0 0 0 0 0 0 0 0 0 0 0 0 0 0 0 0 0 0 0 2.706 2.706 2.706 2.732 2.741 2.755 2.772 2.803 2.827 2.834 2.853 2.866 2.889 2.92 2.932 2.96 0 0 0 0 0 0 0 0 0 0 0 0 0 0 0 0 0 0 0 0 0 0 0 0 0 0 0 0 0 0 0 2.715 2.671 2.671 2.671 0 0 0 0 0 0 0 0 0 0 0 0 0 0 0 0 2.969 2.936 2.936 2.936 2.94 0 0 0 0 0 0 0 0 0 0 0 0 0 0 0 0 0 0 0 0 0 0 0 0 0 0 0 0 0 0 0 0 0 0 0 0 0 0 0 0 0 0 4.877 4.871 4.871 4.869 4.864 4.842 4.841 4.831 4.831 4.831 4.831 0 0 0 0 4.806 4.801 4.8 4.794 4.794 4.79 4.79 4.79 4.79 4.79 4.799 0 0 0 0 0 0 0 0 0 0 0 0 0 0 0 0 0 0 0 0 0 0 0 0 0 0 0 0 0 0 0 0 0 0 0 0 0 0 0 0 0 0 0 0 0 0 0 0 0 0 0 0 1.247 1.243 1.243 1.244 1.247 1.247 1.254 1.263 1.263 1.263 1.26 1.255 1.249 1.237 1.223 1.203 1.183 1.174 1.164 1.134 1.127 1.094 1.075 1.065 1.058 1.024 1.019 1.008 0.99 0.978 0.972 0.954 0.938 0.936 0.925 0.91 0.905 0.892 0.887 0.874 0.872 0.869 0.857 0.857 0.857 0.857 0.857 0.857 0.857 0.868 0.872 0.872 0.882 0.886 0.887 0.89 0.897 0.904 0.905 0.911 0.914 0.915 0.924 0.926 0.926 0.935 0.935 0.937 0.945 0.964 0.967 0.968 0.972 0.972 0.972 0.972 0.96 0.96 0.96 0.96 0.953 0.935 0.926 0.925 0.922 0.912 0.899 0.899 0.898 0.886 0.881 0.879 0.872 0.863 0.862 0.859 0.854 0.852 0.851 0.839 0.838 0.831 0.826 0.82 0.818 0.805 0.8 0.796 0.793 0.788 0.787 0.787 0.783 0.782 0.774 0.774 0.774 0.774 0.767 0.764 0.76 0.757 0.749 0.748 0.747 0.744 0.741 0.739 0.734 0.733 0.731 0.727 0.721 0.715 0.714 0.707 0.707 0.705 0.703 0.703 0.701 0.696 0.691 0.69 0.689 0.686 0.686 0.686 0.684 0.684 0.687 0.68 0.679 0.676 0.674 0.67 0.67 0.666 0.666 0.666 0.666 0.661 0.661 0.664 0.658 0.658 0.659 0.659 0.658 0.659 0.661 0.664 0.664 0.664 0.662 0.664 0.664 0.662 0.664 0.667 0.667 0.667 0.667 0.671 0.672 0.675 0.675 0.676 0.678 0.678 0.684 0.685 0.684 0.684 0.684 0.686 0.685 0.685 0.685 0.685 0.685 0.687 0.687 0.687 0.687 0.686 0.686 0.686 0.686 0.687 0.687 0.687 0.688 0.687 0.686 0.683 0.68 0.68 0.679 0.678 0.678 0.678 0.676 0.662 0.661 0.661 0.661 0.661 0.666 0.666 0.661 0.661 0.661 0.661 0.661 0.661 0.661 0.661 0.663 0.663 0.663 0.663 0.663 0.66 0.66 0.662 0.662 0.666 0.667 0.667 0.673 0.673 0.675 0.675 0.681 0.683 0.685 0.686 0.686 0.686 0.699 0.699 1.292 1.295 1.296 1.296 1.31 1.311 1.311 1.316 1.32 1.329 1.331 1.332 1.336 1.336 1.339 1.339 1.345 1.353 1.356
2 5.3771 682 0 0 0 0 0 0 0 0 0 0 0 0 0 0 0 0 0 0 0 0 0 0 0 0 0 0 0 0 0 0 0 0 0 0 0 0 0 0 0 0 0 0 0.926 0.922 0.921 0.916 0.916 0.916 0.916 0.905 0.903 0.899 0.884 0.884 0.882 0.88 0.876 0.875 0.872 0.866 0.864 0.864 0.856 0.856 0.856 0 0 0 0 0 0 0 0 0 0 0 0 0 0 0 0 0 0 0 0 0 0 0 0 0 0 0 0 0 0 0 0 0 0 0 0 0 0 0 0 0 2.644 2.644 2.644 0 0 0 0 0 0 0 0 0 0 2.012 2.001 2.001 2.001 2.007 2.014 2.016 2.02 2.022 2.024 2.026 2.027 2.034 2.037 2.038 2.041 2.055 2.056 2.064 2.067 2.067 2.07 2.08 2.087 2.087 2.092 2.096 2.102 2.115 2.119 2.784 2.791 2.794 2.813 2.814 2.817 2.825 2.831 2.847 2.855 2.86 2.869 2.889 2.924 2.924 2.928 2.929 2.94 2.944 2.959 2.971 2.979 0 0 0 0 0 0 0 0 0 0 0 0 0 0 0 0 0 0 0 0 0 0 0 0 0 0 0 0 0 0 0 0 0 0 0 0 0 0 2.719 2.719 2.719 2.731 2.74 2.76 2.784 2.797 2.826 2.836 2.858 2.864 2.886 2.919 2.933 2.955 3.072 0 0 0 0 0 0 0 0 0 0 0 0 0 0 0 0 0 0 0 0 0 0 0 0 0 0 2.565 2.565 2.563 2.563 2.565 0 0 0 0 0 0 0 0 0 0 0 0 0 0 0 0 2.861 2.839 2.828 2.828 2.828 0 0 0 0 0 0 0 0 0 0 0 0 0 0 0 0 0 0 0 0 0 0 0 0 0 0 0 0 0 0 0 0 0 0 0 0 0 0 0 0 0 0 0 0 0 4.879 4.876 4.86 4.858 4.856 4.856 4.849 4.845 4.831 4.831 4.831 0 0 0 0 4.801 4.798 4.798 4.794 4.794 4.793 4.793 4.795 4.795 4.795 4.796 0 0 0 0 0 0 0 0 0 0 0 0 0 0 0 0 0 0 0 0 0 0 0 0 0 0 0 0 0 0 0 0 0 0 0 0 0 0 0 0 0 0 0 0 0 0 0 0 0 0 0 0 1.252 1.251 1.25 1.25 1.25 1.25 1.253 1.264 1.264 1.264 1.262 1.254 1.249 1.246 1.228 1.212 1.189 1.173 1.157 1.138 1.114 1.096 1.089 1.064 1.051 1.025 1.023 1.008 0.994 0.979 0.968 0.953 0.948 0.936 0.928 0.91 0.903 0.89 0.882 0.88 0.875 0.86 0.86 0.855 0.854 0.855 0.856 0.856 0.857 0.869 0.872 0.877 0.885 0.886 0.888 0.888 0.892 0.897 0.9 0.91 0.913 0.921 0.921 0.926 0.926 0.928 0.932 0.932 0.954 0.959 0.965 0.969 0.974 0.974 0.974 0.97 0.962 0.962 0.962 0.962 0.953 0.926 0.922 0.92 0.919 0.915 0.908 0.901 0.899 0.894 0.882 0.881 0.872 0.872 0.863 0.851 0.849 0.847 0.842 0.838 0.833 0.828 0.825 0.821 0.813 0.807 0.805 0.798 0.796 0.794 0.787 0.787 0.785 0.778 0.778 0.775 0.768 0.767 0.762 0.758 0.755 0.753 0.75 0.747 0.747 0.741 0.74 0.739 0.733 0.728 0.727 0.726 0.726 0.723 0.715 0.711 0.707 0.707 0.707 0.707 0.705 0.698 0.69 0.69 0.689 0.684 0.681 0.68 0.68 0.681 0.687 0.687 0.687 0.674 0.673 0.673 0.671 0.667 0.667 0.667 0.667 0.667 0.664 0.664 0.663 0.663 0.66 0.663 0.662 0.66 0.662 0.662 0.662 0.66 0.66 0.66 0.661 0.658 0.661 0.662 0.662 0.668 0.672 0.673 0.675 0.675 0.677 0.676 0.677 0.677 0.677 0.681 0.682 0.683 0.688 0.69 0.69 0.69 0.69 0.691 0.686 0.689 0.689 0.687 0.687 0.687 0.686 0.686 0.685 0.685 0.684 0.683 0.682 0.684 0.682 0.68 0.678 0.678 0.678 0.678 0.678 0.676 0.675 0.675 0.669 0.667 0.667 0.667 0.667 0.667 0.663 0.661 0.663 0.663 0.661 0.661 0.663 0.661 0.657 0.661 0.661 0.661 0.663 0.663 0.663 0.663 0.666 0.67 0.672 0.672 0.672 0.675 0.675 0.68 0.683 0.683 0.686 0.686 0.686 0.689 0.691 0.7 1.296 1.298 1.303 1.303 1.305 1.313 1.313 1.316 1.316 1.316 1.323 1.324 1.339 1.33 1.339 1.345 1.345 1.356 1.364
2 5.4771 682 0 0 0 0 0 0 0 0 0 0 0 0 0 0 0 0 0 0 0 0 0 0 0 0 0 0 0 0 0 0 0 0 0 0 0 0 0 0 0 0 0 0 0.934 0.916 0.915 0.913 0.912 0.909 0.909 0.896 0.894 0.885 0.885 0.881 0.88 0.879 0.88 0.879 0.875 0.857 0.849 0.849 0.849 0.854 0.87 0 0 0 0 0 0 0 0 0 0 0 0 0 0 0 0 0 0 0 0 0 0 0 0 0 0 0 0 0 0 0 0 0 0 0 0 0 0 0 0 0 2.645 2.645 2.645 0 0 0 0 0 0 0 0 0 0 2.016 2.001 2.001 2.001 2.009 2.013 2.014 2.016 2.016 2.02 2.023 2.032 2.037 2.039 2.041 2.047 2.057 2.063 2.064 2.066 2.066 2.07 2.081 2.082 2.086 2.093 2.096 2.104 2.115 2.124 2.781 2.801 2.803 2.804 2.818 2.825 2.833 2.846 2.853 2.858 2.858 2.876 2.887 2.918 2.922 2.93 2.934 2.939 2.94 2.945 2.969 2.973 0 0 0 0 0 0 0 0 0 0 0 0 0 0 0 0 0 0 0 0 0 0 0 0 0 0 0 0 0 0 0 0 0 0 0 0 0 0 2.717 2.717 2.717 2.723 2.741 2.764 2.782 2.808 2.813 2.833 2.862 2.873 2.884 2.918 2.94 2.958 0 0 0 0 0 0 0 0 0 0 0 0 0 0 0 0 0 0 0 0 0 0 0 0 2.537 2.519 2.512 2.512 2.512 2.516 2.522 2.54 0 0 0 0 0 0 0 0 0 0 0 0 2.756 2.711 2.711 2.711 0 0 0 0 0 0 0 0 0 0 0 0 0 0 0 0 0 0 0 0 0 0 0 0 0 0 0 0 0 0 0 0 0 0 0 0 0 0 0 0 0 0 0 0 0 0 0 0 0 0 0 4.874 4.859 4.854 4.852 4.85 4.843 4.836 4.833 4.833 4.833 0 0 0 0 4.801 4.798 4.798 4.798 4.794 4.794 4.791 4.791 4.788 4.791 4.797 0 0 0 0 0 0 0 0 0 0 0 0 0 0 0 0 0 0 0 0 0 0 0 0 0 0 0 0 0 0 0 0 0 0 0 0 0 0 0 0 0 0 0 0 0 0 0 0 0 0 0 0 1.25 1.247 1.247 1.247 1.247 1.249 1.253 1.256 1.259 1.259 1.259 1.256 1.25 1.238 1.221 1.207 1.188 1.174 1.155 1.139 1.112 1.11 1.083 1.071 1.048 1.03 1.022 1.003 0.991 0.984 0.972 0.949 0.945 0.943 0.927 0.919 0.905 0.89 0.884 0.875 0.874 0.867 0.852 0.851 0.851 0.851 0.856 0.857 0.867 0.875 0.875 0.881 0.886 0.891 0.892 0.893 0.902 0.902 0.907 0.908 0.911 0.918 0.926 0.927 0.927 0.935 0.935 0.94 0.948 0.957 0.96 0.963 0.968 0.97 0.97 0.97 0.958 0.958 0.958 0.957 0.944 0.931 0.927 0.921 0.919 0.915 0.907 0.903 0.893 0.892 0.885 0.88 0.874 0.869 0.864 0.853 0.853 0.852 0.843 0.839 0.837 0.831 0.825 0.824 0.817 0.81 0.806 0.802 0.798 0.794 0.79 0.788 0.787 0.776 0.776 0.775 0.775 0.77 0.764 0.764 0.76 0.752 0.748 0.748 0.741 0.74 0.74 0.739 0.739 0.735 0.726 0.724 0.723 0.72 0.715 0.712 0.711 0.706 0.706 0.702 0.7 0.7 0.693 0.693 0.689 0.689 0.684 0.68 0.68 0.683 0.684 0.683 0.683 0.677 0.676 0.67 0.667 0.667 0.666 0.667 0.667 0.666 0.662 0.662 0.661 0.661 0.66 0.66 0.659 0.657 0.659 0.663 0.659 0.661 0.663 0.661 0.661 0.661 0.662 0.662 0.662 0.67 0.67 0.674 0.676 0.677 0.679 0.678 0.681 0.682 0.682 0.683 0.683 0.683 0.687 0.688 0.688 0.688 0.688 0.689 0.686 0.686 0.686 0.686 0.685 0.684 0.684 0.69 0.684 0.684 0.685 0.685 0.684 0.683 0.683 0.679 0.679 0.679 0.677 0.673 0.672 0.672 0.671 0.67 0.668 0.667 0.664 0.664 0.664 0.667 0.664 0.664 0.666 0.661 0.656 0.661 0.657 0.657 0.659 0.659 0.657 0.659 0.657 0.656 0.656 0.659 0.659 0.661 0.662 0.664 0.668 0.673 0.676 0.677 0.679 0.681 0.684 0.684 0.685 0.687 0.693 0.699 1.288 1.299 1.31 1.31 1.31 1.31 1.312 1.312 1.312 1.323 1.328 1.328 1.331 1.331 1.333 1.336 1.342 1.35 1.362
2 5.5761 682 0 0 0 0 0 0 0 0 0 0 0 0 0 0 0 0 0 0 0 0 0 0 0 0 0 0 0 0 0 0 0 0 0 0 0 0 0 0 0 0 0 0 0.925 0.92 0.92 0.919 0.916 0.91 0.908 0.908 0.903 0.894 0.886 0.88 0.88 0.88 0.88 0.875 0.87 0.86 0.859 0.859 0.853 0.853 0.869 0 0 0 0 0 0 0 0 0 0 0 0 0 0 0 0 0 0 0 0 0 0 0 0 0 0 0 0 0 0 0 0 0 0 0 0 0 0 0 0 0 0 0 0 0 0 0 0 0 0 0 0 0 0 2.002 2.001 2.001 2.001 2.006 2.007 2.008 2.019 2.021 2.024 2.024 2.029 2.037 2.04 2.042 2.044 2.054 2.059 2.062 2.066 2.067 2.068 2.079 2.084 2.091 2.095 2.098 2.104 2.106 2.124 2.779 2.793 2.798 2.804 2.816 2.823 2.827 2.838 2.857 2.857 2.861 2.871 2.889 2.911 2.919 2.924 2.925 2.93 2.94 2.952 2.967 2.974 0 0 0 0 0 0 0 0 0 0 0 0 0 0 0 0 0 0 0 0 0 0 0 0 0 0 0 0 0 0 0 0 0 0 0 0 0 0 2.702 2.702 2.702 2.716 2.738 2.767 2.779 2.797 2.806 2.836 2.849 2.875 2.883 2.925 2.94 2.954 3.081 0 0 0 0 0 0 0 0 0 0 0 0 0 0 0 0 0 0 0 0 0 2.53 2.493 2.472 2.467 2.467 2.467 2.483 2.508 0 0 0 0 0 0 0 0 0 0 0 0 0 0 0 0 0 0 0 0 0 0 0 0 0 0 0 0 0 0 0 0 0 0 0 0 0 0 0 0 0 0 0 0 0 0 0 0 0 0 0 0 0 0 0 0 0 0 0 0 0 0 0 0 0 0 0 0 0 0 4.864 4.863 4.855 4.85 4.847 4.841 4.826 4.826 4.826 0 0 0 0 4.8 4.796 4.796 4.796 4.795 4.792 4.792 4.792 4.792 4.795 4.796 0 0 0 0 0 0 0 0 0 0 0 0 0 0 0 0 0 0 0 0 0 0 0 0 0 0 0 0 0 0 0 0 0 0 0 0 0 0 0 0 0 0 0 0 0 0 0 0 0 0 0 0 1.25 1.243 1.243 1.245 1.249 1.249 1.252 1.263 1.263 1.263 1.259 1.254 1.246 1.235 1.223 1.209 1.179 1.177 1.161 1.141 1.113 1.104 1.09 1.071 1.044 1.032 1.015 1.005 0.99 0.976 0.964 0.952 0.951 0.942 0.925 0.915 0.911 0.89 0.89 0.876 0.872 0.87 0.857 0.857 0.856 0.857 0.857 0.862 0.864 0.865 0.873 0.878 0.879 0.885 0.888 0.891 0.891 0.902 0.91 0.913 0.913 0.915 0.915 0.925 0.925 0.932 0.932 0.932 0.953 0.957 0.964 0.968 0.974 0.974 0.974 0.969 0.962 0.962 0.962 0.962 0.953 0.933 0.928 0.928 0.927 0.91 0.907 0.899 0.893 0.887 0.882 0.877 0.876 0.874 0.866 0.862 0.848 0.847 0.845 0.841 0.836 0.824 0.822 0.822 0.821 0.806 0.8 0.799 0.797 0.794 0.793 0.787 0.785 0.781 0.774 0.771 0.77 0.768 0.767 0.766 0.752 0.752 0.749 0.742 0.742 0.742 0.739 0.736 0.734 0.728 0.726 0.722 0.719 0.715 0.714 0.709 0.706 0.705 0.705 0.705 0.705 0.699 0.696 0.692 0.691 0.689 0.688 0.682 0.682 0.682 0.686 0.682 0.682 0.673 0.672 0.67 0.672 0.67 0.668 0.668 0.666 0.662 0.657 0.657 0.657 0.663 0.663 0.663 0.663 0.663 0.664 0.664 0.66 0.66 0.66 0.66 0.66 0.66 0.663 0.668 0.668 0.671 0.671 0.672 0.672 0.677 0.677 0.679 0.679 0.68 0.68 0.68 0.686 0.689 0.69 0.692 0.692 0.692 0.691 0.689 0.684 0.689 0.689 0.689 0.689 0.689 0.684 0.687 0.687 0.684 0.684 0.683 0.683 0.681 0.681 0.681 0.681 0.681 0.681 0.675 0.674 0.667 0.667 0.667 0.666 0.666 0.666 0.664 0.664 0.664 0.664 0.66 0.664 0.66 0.66 0.66 0.66 0.66 0.66 0.66 0.661 0.661 0.661 0.663 0.663 0.663 0.663 0.664 0.664 0.667 0.671 0.673 0.673 0.677 0.68 0.68 0.686 0.686 0.688 0.689 0.7 0.702 1.288 1.294 1.303 1.303 1.312 1.312 1.312 1.313 1.315 1.32 1.328 1.331 1.333 1.333 1.339 1.341 1.345 1.357 1.357
2 5.6761 682 0 0 0 0 0 0 0 0 0 0 0 0 0 0 0 0 0 0 0 0 0 0 0 0 0 0 0 0 0 0 0 0 0 0 0 0 0 0 0 0 0 0 0 0.927 0.923 0.912 0.912 0.912 0.912 0.909 0.894 0.89 0.889 0.882 0.881 0.882 0.88 0.88 0.876 0.856 0.854 0.854 0.849 0.849 0.86 0 0 0 0 0 0 0 0 0 0 0 0 0 0 0 0 0 0 0 0 0 0 0 0 0 0 0 0 0 0 0 0 0 0 0 0 0 0 0 0 0 2.656 2.656 2.656 0 0 0 0 0 0 0 0 0 0 2.014 2.002 2.002 2.002 2.009 2.01 2.013 2.013 2.019 2.02 2.026 2.03 2.036 2.039 2.044 2.045 2.05 2.06 2.064 2.066 2.067 2.073 2.081 2.087 2.087 2.092 2.096 2.099 2.108 2.12 2.779 2.799 2.803 2.808 2.819 2.827 2.833 2.846 2.851 2.857 2.859 2.882 2.885 2.917 2.917 2.917 2.919 2.928 2.945 2.951 2.968 2.969 0 0 0 0 0 0 0 0 0 0 0 0 0 0 0 0 0 0 0 0 0 0 0 0 0 0 0 0 0 0 0 0 0 0 0 0 0 0 2.7 2.7 2.7 2.722 2.731 2.775 2.785 2.796 2.816 2.827 2.851 2.872 2.886 2.918 2.932 2.95 3.074 0 0 0 0 0 0 0 0 0 0 0 0 0 0 0 0 0 0 0 0 2.483 2.451 2.44 2.44 2.44 2.443 2.456 2.456 2.456 2.475 0 0 0 0 0 0 0 0 0 0 0 0 0 0 0 0 0 0 0 0 0 0 0 0 0 0 0 0 0 0 0 0 0 0 0 0 0 0 0 0 0 0 0 0 0 0 0 0 0 0 0 0 0 0 0 0 0 0 0 0 0 0 0 0 0 0 0 0 4.875 4.871 4.854 4.854 4.847 4.843 4.837 4.836 4.836 4.836 0 0 0 0 4.801 4.799 4.799 4.797 4.792 4.788 4.789 4.788 4.789 4.789 4.798 0 0 0 0 0 0 0 0 0 0 0 0 0 0 0 0 0 0 0 0 0 0 0 0 0 0 0 0 0 0 0 0 0 0 0 0 0 0 0 0 0 0 0 0 0 0 0 0 0 0 0 0 1.244 1.244 1.244 1.244 1.25 1.251 1.252 1.253 1.261 1.261 1.261 1.255 1.247 1.241 1.231 1.208 1.185 1.171 1.162 1.137 1.12 1.096 1.082 1.07 1.055 1.026 1.025 1.007 0.993 0.978 0.973 0.956 0.949 0.941 0.923 0.919 0.91 0.888 0.886 0.875 0.872 0.866 0.853 0.853 0.853 0.853 0.862 0.863 0.864 0.87 0.872 0.884 0.884 0.886 0.886 0.888 0.891 0.899 0.899 0.908 0.913 0.918 0.93 0.932 0.932 0.935 0.935 0.937 0.949 0.957 0.962 0.966 0.973 0.973 0.973 0.972 0.96 0.96 0.96 0.96 0.948 0.93 0.925 0.921 0.915 0.912 0.91 0.897 0.894 0.891 0.882 0.877 0.874 0.869 0.868 0.865 0.857 0.85 0.847 0.843 0.828 0.823 0.823 0.823 0.82 0.815 0.812 0.803 0.802 0.794 0.791 0.79 0.785 0.785 0.775 0.774 0.772 0.772 0.767 0.758 0.755 0.752 0.749 0.748 0.742 0.742 0.742 0.736 0.735 0.735 0.733 0.724 0.724 0.724 0.722 0.709 0.708 0.707 0.706 0.706 0.705 0.697 0.696 0.691 0.687 0.687 0.687 0.685 0.682 0.682 0.682 0.682 0.682 0.674 0.671 0.669 0.669 0.667 0.667 0.666 0.666 0.663 0.663 0.663 0.663 0.66 0.662 0.662 0.659 0.66 0.662 0.662 0.662 0.662 0.669 0.663 0.669 0.663 0.67 0.67 0.671 0.671 0.671 0.671 0.671 0.676 0.678 0.679 0.678 0.679 0.679 0.679 0.679 0.684 0.688 0.69 0.69 0.69 0.687 0.687 0.686 0.684 0.684 0.684 0.684 0.686 0.686 0.686 0.686 0.686 0.686 0.687 0.688 0.688 0.687 0.685 0.684 0.679 0.677 0.677 0.677 0.677 0.666 0.666 0.666 0.667 0.667 0.667 0.664 0.664 0.662 0.662 0.662 0.662 0.662 0.658 0.658 0.658 0.659 0.661 0.662 0.662 0.661 0.661 0.662 0.662 0.662 0.666 0.668 0.668 0.668 0.672 0.677 0.678 0.678 0.682 0.688 0.688 0.689 0.689 0.702 0.703 1.297 1.299 1.302 1.302 1.313 1.313 1.313 1.313 1.318 1.319 1.32 1.329 1.335 1.335 1.337 1.341 1.347 1.358 1.361
2 5.7761 682 0 0 0 0 0 0 0 0 0 0 0 0 0 0 0 0 0 0 0 0 0 0 0 0 0 0 0 0 0 0 0 0 0 0 0 0 0 0 0 0 0 0 0.928 0.924 0.918 0.918 0.918 0.914 0.911 0.911 0.894 0.889 0.884 0.882 0.881 0.881 0.881 0.874 0.872 0.861 0.85 0.85 0.849 0.849 0.856 0 0 0 0 0 0 0 0 0 0 0 0 0 0 0 0 0 0 0 0 0 0 0 0 0 0 0 0 0 0 0 0 0 0 0 0 0 0 0 0 0 0 0 0 0 0 0 0 0 0 0 0 0 0 2.015 2.006 2.006 2.006 2.012 2.017 2.017 2.017 2.024 2.025 2.025 2.034 2.037 2.037 2.04 2.04 2.052 2.057 2.057 2.061 2.067 2.074 2.077 2.087 2.087 2.088 2.1 2.101 2.104 2.124 2.765 2.78 2.785 2.804 2.809 2.824 2.832 2.841 2.843 2.855 2.866 2.87 2.891 2.917 2.924 2.927 2.935 2.935 2.955 2.957 2.971 2.974 0 0 0 0 0 0 0 0 0 0 0 0 0 0 0 0 0 0 0 0 0 0 0 0 0 0 0 0 0 0 0 0 0 0 0 0 0 0 2.697 2.697 2.697 2.715 2.747 2.766 2.781 2.801 2.814 2.841 2.852 2.865 2.879 2.921 2.936 2.951 3.848 0 0 0 0 0 0 0 0 0 0 0 0 0 0 0 0 0 0 2.091 2.079 2.074 2.074 2.074 2.088 2.091 0 0 0 0 0 0 0 0 0 0 0 0 0 0 0 0 0 0 0 0 0 0 0 0 0 0 0 0 0 0 0 0 0 0 0 0 0 0 0 0 0 0 0 0 0 0 0 0 0 0 0 0 0 0 0 0 0 0 0 0 0 0 0 0 0 0 0 0 0 0 0 0 0 4.889 4.862 4.85 4.85 4.848 4.845 4.841 4.835 4.835 4.835 0 0 0 4.812 4.805 4.804 4.803 4.799 4.795 4.791 4.791 4.791 4.791 4.793 4.797 0 0 0 0 0 0 0 0 0 0 0 0 0 0 0 0 0 0 0 0 0 0 0 0 0 0 0 0 0 0 0 0 0 0 0 0 0 0 0 0 0 0 0 0 0 0 0 0 0 0 0 0 1.25 1.247 1.247 1.247 1.247 1.247 1.261 1.262 1.263 1.263 1.262 1.259 1.253 1.245 1.221 1.203 1.186 1.182 1.158 1.146 1.117 1.1 1.089 1.056 1.056 1.033 1.025 1.003 0.99 0.972 0.97 0.954 0.947 0.937 0.926 0.92 0.909 0.897 0.881 0.87 0.869 0.868 0.86 0.855 0.855 0.86 0.86 0.861 0.867 0.87 0.875 0.879 0.884 0.885 0.889 0.892 0.892 0.902 0.904 0.909 0.91 0.918 0.922 0.926 0.926 0.932 0.934 0.934 0.959 0.959 0.964 0.966 0.974 0.974 0.974 0.97 0.965 0.965 0.965 3.876 3.876 3.876 0.928 0.916 0.915 0.911 0.902 0.896 0.896 0.889 0.881 0.88 0.877 0.869 0.866 0.864 0.851 0.849 0.847 0.838 0.837 0.833 0.828 0.821 0.816 0.814 0.812 0.803 0.801 0.792 0.787 0.787 0.787 0.783 0.778 0.776 0.772 0.772 0.762 0.761 0.759 0.749 0.745 0.745 0.744 0.744 0.743 0.741 0.74 0.727 0.727 0.726 0.726 0.717 0.71 0.71 0.71 0.707 0.705 0.705 0.698 0.698 0.697 0.697 0.696 0.689 0.685 0.682 0.68 0.682 0.682 0.679 0.675 0.67 0.669 0.669 0.669 0.666 0.664 0.664 0.662 0.661 0.66 0.659 0.659 0.659 0.659 0.66 0.661 0.667 0.669 0.669 0.669 0.669 0.667 0.664 0.664 0.662 0.664 0.664 0.667 0.667 0.668 0.669 0.673 0.676 0.677 0.68 0.681 0.681 0.681 0.684 0.684 0.684 0.686 0.688 0.688 0.688 0.688 0.691 0.684 0.684 0.684 0.684 0.682 0.684 0.685 0.688 0.686 0.686 0.686 0.686 0.683 0.683 0.683 0.681 0.681 0.679 0.679 0.679 0.679 0.676 0.672 0.666 0.666 0.663 0.663 0.663 0.666 0.666 0.666 0.666 0.662 0.658 0.656 0.656 0.654 0.654 0.654 0.655 0.656 0.663 0.659 0.659 0.659 0.662 0.662 0.666 0.666 0.67 0.67 0.671 0.675 0.677 0.681 0.682 0.683 0.685 0.689 0.691 0.692 0.703 1.289 1.301 1.303 1.303 1.31 1.311 1.312 1.313 1.313 1.314 1.321 1.333 1.333 1.333 1.339 1.344 1.35 1.362 1.364
2 5.8751 682 0 0 0 0 0 0 0 0 0 0 0 0 0 0 0 0 0 0 0 0 0 0 0 0 0 0 0 0 0 0 0 0 0 0 0 0 0 0 0 0 0 0 0 0.924 0.924 0.916 0.916 0.916 0.916 0.911 0.9 0.896 0.882 0.88 0.878 0.878 0.877 0.877 0.873 0.86 0.856 0.853 0.852 0.852 0.853 0.865 0 0 0 0 0 0 0 0 0 0 0 0 0 0 0 0 0 0 0 0 0 0 0 0 0 0 0 0 0 0 0 0 0 0 0 0 0 0 0 0 2.656 2.656 2.656 0 0 0 0 0 0 0 0 0 0 2.013 2.003 2.003 2.003 2.008 2.009 2.013 2.018 2.018 2.023 2.029 2.031 2.034 2.036 2.044 2.047 2.05 2.059 2.061 2.062 2.067 2.067 2.08 2.087 2.088 2.089 2.094 2.103 2.106 2.119 2.768 2.798 2.802 2.803 2.819 2.821 2.827 2.837 2.854 2.856 2.865 2.865 2.896 2.91 2.912 2.926 2.928 2.928 2.94 2.955 2.96 2.981 0 0 0 0 0 0 0 0 0 0 0 0 0 0 0 0 0 0 0 0 0 0 0 0 0 0 0 0 0 0 0 0 0 0 0 0 0 0 2.699 2.699 2.699 2.727 2.734 2.768 2.779 2.791 2.805 2.838 2.846 2.858 2.885 2.918 2.934 2.947 3.064 0 0 0 0 0 0 0 1.937 1.925 1.92 1.898 1.898 1.898 1.907 1.913 1.92 1.936 1.962 1.998 2.04 2.112 0 0 0 0 0 0 0 0 0 0 0 0 0 0 0 0 0 0 0 0 0 0 0 0 0 0 0 0 0 0 0 0 0 0 0 0 0 0 0 0 0 0 0 0 0 0 0 0 0 0 0 0 0 0 0 0 0 0 0 0 0 0 0 0 0 0 0 0 0 0 0 0 0 0 0 0 0 4.872 4.866 4.863 4.857 4.852 4.851 4.836 4.83 4.83 4.83 0 0 0 0 4.805 4.803 4.796 4.792 4.79 4.79 4.795 4.795 4.795 4.8 4.801 0 0 0 0 0 0 0 0 0 0 0 0 0 0 0 0 0 0 0 0 0 0 0 0 0 0 0 0 0 0 0 0 0 0 0 0 0 0 0 0 0 0 0 0 0 0 0 0 0 0 0 0 1.251 1.25 1.25 1.25 1.25 1.25 1.252 1.262 1.266 1.266 1.262 1.255 1.249 1.238 1.22 1.211 1.185 1.174 1.152 1.141 1.126 1.098 1.079 1.072 1.057 1.024 1.015 1.01 0.991 0.977 0.964 0.958 0.956 0.941 0.927 0.91 0.901 0.89 0.889 0.874 0.874 0.874 0.856 0.851 0.851 0.853 0.856 0.859 0.86 0.873 0.876 0.886 0.886 0.89 0.89 0.89 0.892 0.897 0.907 0.91 0.912 0.921 0.923 0.925 0.925 0.925 0.928 0.932 0.952 0.963 0.966 0.968 0.974 0.974 0.974 0.972 0.966 0.966 0.966 0.966 0.952 0.933 0.928 0.924 0.918 0.914 0.907 0.902 0.89 0.89 0.884 0.88 0.875 0.873 0.86 0.857 0.845 0.843 0.843 0.843 0.834 0.833 0.829 0.823 0.822 0.807 0.801 0.797 0.796 0.793 0.791 0.787 0.785 0.784 0.774 0.772 0.771 0.771 0.771 0.763 0.761 0.76 0.746 0.742 0.742 0.74 0.74 0.739 0.732 0.732 0.723 0.722 0.72 0.719 0.713 0.706 0.706 0.705 0.704 0.704 0.699 0.696 0.691 0.69 0.69 0.689 0.686 0.682 0.681 0.681 0.682 0.681 0.676 0.676 0.673 0.673 0.671 0.669 0.668 0.666 0.666 0.662 0.662 0.656 0.656 0.656 0.657 0.657 0.658 0.659 0.661 0.661 0.659 0.659 0.662 0.66 0.66 0.66 0.66 0.66 0.662 0.666 0.667 0.672 0.675 0.678 0.678 0.678 0.678 0.682 0.682 0.682 0.684 0.684 0.689 0.689 0.689 0.689 0.689 0.687 0.686 0.686 0.686 0.686 0.686 0.688 0.688 0.688 0.688 0.688 0.685 0.685 0.685 0.679 0.679 0.679 0.679 0.678 0.678 0.676 0.676 0.675 0.668 0.667 0.667 0.667 0.666 0.659 0.659 0.659 0.663 0.663 0.664 0.663 0.663 0.656 0.656 0.656 0.657 0.659 0.659 0.662 0.662 0.662 0.661 0.66 0.66 0.661 0.668 0.671 0.672 0.674 0.675 0.682 0.684 0.686 0.686 0.686 0.687 0.688 0.699 0.699 1.294 1.305 1.307 1.307 1.311 1.31 1.31 1.311 1.311 1.324 1.332 1.333 1.333 1.333 1.335 1.338 1.348 1.354 1.357
2 5.9751 682 0 0 0 0 0 0 0 0 0 0 0 0 0 0 0 0 0 0 0 0 0 0 0 0 0 0 0 0 0 0 0 0 0 0 0 0 0 0 0 0 0 0 0.927 0.922 0.922 0.922 0.915 0.915 0.915 0.903 0.896 0.888 0.885 0.882 0.878 0.876 0.875 0.872 0.872 0.854 0.853 0.853 0.849 0.849 0.867 0 0 0 0 0 0 0 0 0 0 0 0 0 0 0 0 0 0 0 0 0 0 0 0 0 0 0 0 0 0 0 0 0 0 0 0 0 0 0 0 0 0 0 0 0 0 0 0 0 0 0 0 0 0 2.013 2.001 2.001 2.001 2.007 2.012 2.014 2.017 2.022 2.024 2.024 2.033 2.035 2.039 2.041 2.041 2.047 2.051 2.059 2.06 2.062 2.068 2.084 2.089 2.095 2.095 2.096 2.1 2.108 2.121 2.766 2.788 2.798 2.809 2.814 2.823 2.826 2.84 2.846 2.86 2.867 2.876 2.888 2.921 2.922 2.924 2.924 2.924 2.939 2.951 2.971 2.971 0 0 0 0 0 0 0 0 0 0 0 0 0 0 0 0 0 0 0 0 0 0 0 0 0 0 0 0 0 0 0 0 0 0 0 0 0 0 2.714 2.714 2.714 2.727 2.746 2.754 2.782 2.793 2.817 2.837 2.849 2.868 2.875 2.925 2.925 2.925 1.82 1.803 1.793 1.787 1.786 1.786 1.786 1.795 1.799 1.82 1.839 1.868 1.917 2.278 0 0 0 0 0 0 0 0 0 0 0 0 0 0 0 0 0 0 0 0 0 0 0 0 0 0 0 0 0 0 0 0 0 0 0 0 0 0 0 0 0 0 0 0 0 0 0 0 0 0 0 0 0 0 0 0 0 0 0 0 0 0 0 0 0 0 0 0 0 0 0 0 0 0 0 0 0 0 0 0 0 0 0 0 0 0 4.854 4.849 4.844 4.844 4.842 4.839 4.834 4.834 4.834 0 0 0 0 4.804 4.797 4.796 4.795 4.792 4.793 4.792 4.792 4.792 4.793 4.8 0 0 0 0 0 0 0 0 0 0 0 0 0 0 0 0 0 0 0 0 0 0 0 0 0 0 0 0 0 0 0 0 0 0 0 0 0 0 0 0 0 0 0 0 0 0 0 0 0 0 0 0 1.246 1.246 1.245 1.245 1.245 1.247 1.247 1.261 1.264 1.264 1.264 1.253 1.251 1.241 1.225 1.207 1.194 1.18 1.164 1.144 1.117 1.098 1.073 1.058 1.046 1.028 1.019 1.012 0.994 0.984 0.96 0.951 0.949 0.94 0.921 0.914 0.908 0.897 0.884 0.876 0.874 0.865 0.855 0.855 0.854 0.855 0.857 0.861 0.87 0.87 0.877 0.877 0.882 0.884 0.887 0.891 0.891 0.9 0.902 0.908 0.913 0.919 0.923 0.923 0.923 0.923 0.935 0.936 0.957 0.958 0.962 0.967 0.972 0.972 0.972 0.969 0.964 0.964 0.964 0.964 0.944 0.931 0.922 0.921 0.921 0.91 0.909 0.899 0.896 0.892 0.889 0.882 0.876 0.876 0.862 0.856 0.845 0.844 0.843 0.842 0.831 0.829 0.827 0.822 0.818 0.809 0.806 0.803 0.796 0.791 0.79 0.79 0.782 0.776 0.775 0.774 0.772 0.77 0.766 0.761 0.761 0.749 0.748 0.744 0.744 0.739 0.739 0.739 0.733 0.728 0.724 0.723 0.722 0.719 0.716 0.706 0.705 0.705 0.702 0.702 0.702 0.7 0.696 0.696 0.695 0.69 0.682 0.681 0.681 0.682 0.686 0.686 0.686 0.679 0.673 0.669 0.669 0.668 0.663 0.663 0.662 0.663 0.663 0.662 0.659 0.661 0.659 0.661 0.658 0.661 0.663 0.668 0.663 0.663 0.666 0.666 0.661 0.663 0.663 0.663 0.663 0.669 0.671 0.672 0.673 0.68 0.674 0.68 0.68 0.68 0.68 0.681 0.681 0.684 0.682 0.682 0.685 0.686 0.686 0.689 0.689 0.689 0.689 0.689 0.69 0.683 0.683 0.683 0.683 0.683 0.684 0.684 0.685 0.685 0.684 0.682 0.68 0.68 0.682 0.68 0.68 0.673 0.673 0.669 0.669 0.669 0.667 0.664 0.664 0.662 0.662 0.664 0.664 0.662 0.662 0.662 0.66 0.66 0.66 0.66 0.66 0.66 0.66 0.66 0.66 0.664 0.664 0.668 0.668 0.668 0.67 0.672 0.675 0.675 0.677 0.68 0.685 0.686 0.69 0.69 0.695 0.7 1.287 1.298 1.303 1.303 1.313 1.313 1.314 1.314 1.314 1.314 1.32 1.324 1.335 1.335 1.337 1.337 1.337 1.35 1.357
2 6.0751 682 0 0 0 0 0 0 0 0 0 0 0 0 0 0 0 0 0 0 0 0 0 0 0 0 0 0 0 0 0 0 0 0 0 0 0 0 0 0 0 0 0 0 0 0.914 0.914 0.914 0.912 0.912 0.912 0.907 0.899 0.886 0.88 0.88 0.877 0.877 0.872 0.87 0.869 0.862 0.86 0.86 0.852 0.852 0.862 0 0 0 0 0 0 0 0 0 0 0 0 0 0 0 0 0 0 0 0 0 0 0 0 0 0 0 0 0 0 0 0 0 0 0 0 0 0 0 0 0 0 0 0 0 0 0 0 0 0 0 0 0 0 2.014 2.004 2.004 2.004 2.012 2.013 2.017 2.018 2.02 2.023 2.029 2.032 2.032 2.034 2.037 2.044 2.045 2.056 2.064 2.064 2.071 2.072 2.074 2.083 2.086 2.097 2.102 2.105 2.112 2.123 2.773 2.794 2.799 2.806 2.81 2.82 2.821 2.828 2.848 2.853 2.868 2.869 2.889 2.92 2.92 2.921 2.922 2.931 2.943 2.954 2.96 2.97 0 0 0 0 0 0 0 0 0 0 0 0 0 0 0 0 0 0 0 0 0 0 0 0 0 0 0 0 0 0 0 0 0 0 0 0 0 0 2.705 2.705 2.705 2.722 2.754 2.763 2.786 2.8 2.817 2.823 2.823 2.823 1.776 1.75 1.734 1.731 1.731 1.733 1.734 1.742 1.754 1.757 1.775 1.799 0 0 0 0 0 0 0 0 0 0 0 0 0 0 0 0 0 0 0 0 0 0 0 0 0 0 0 0 0 0 0 0 0 0 0 0 0 0 0 0 0 0 0 0 0 0 0 0 0 0 0 0 0 0 0 0 0 0 0 0 0 0 0 0 0 0 0 0 0 0 0 0 0 0 0 0 0 0 0 0 0 0 0 0 0 0 0 0 0 0 0 0 0 4.862 4.862 4.855 4.85 4.845 4.827 4.827 4.827 0 0 0 0 4.803 4.799 4.799 4.798 4.795 4.795 4.793 4.793 4.792 4.798 4.8 0 0 0 0 0 0 0 0 0 0 0 0 0 0 0 0 0 0 0 0 0 0 0 0 0 0 0 0 0 0 0 0 0 0 0 0 0 0 0 0 0 0 0 0 0 0 0 0 0 0 0 0 1.247 1.247 1.247 1.247 1.251 1.252 1.253 1.261 1.261 1.261 1.261 1.255 1.251 1.243 1.225 1.203 1.188 1.176 1.149 1.14 1.117 1.1 1.082 1.073 1.073 1.057 1.036 1.007 0.989 0.972 0.97 0.952 0.949 0.941 0.925 0.914 0.91 0.894 0.882 0.872 0.872 0.863 0.856 0.856 0.856 0.859 0.859 0.862 0.864 0.867 0.872 0.875 0.891 0.891 0.898 0.898 0.898 0.898 0.899 0.912 0.915 0.92 0.922 0.925 0.925 0.926 0.934 0.935 0.949 0.962 0.964 0.972 0.977 0.977 0.977 0.977 0.962 0.962 3.874 3.874 0.953 0.926 0.926 0.921 0.916 0.91 0.907 0.894 0.887 0.887 0.885 0.879 0.873 0.869 0.865 0.861 0.854 0.853 0.851 0.842 0.835 0.827 0.823 0.816 0.814 0.81 0.805 0.805 0.798 0.797 0.793 0.79 0.787 0.787 0.777 0.772 0.77 0.77 0.763 0.761 0.754 0.753 0.75 0.749 0.748 0.745 0.739 0.737 0.734 0.728 0.724 0.724 0.723 0.723 0.713 0.711 0.711 0.704 0.703 0.701 0.701 0.696 0.693 0.692 0.691 0.685 0.683 0.683 0.683 0.688 0.689 0.689 0.689 0.674 0.672 0.671 0.664 0.662 0.664 0.664 0.664 0.664 0.664 0.664 0.66 0.659 0.66 0.66 0.66 0.662 0.662 0.662 0.661 0.661 0.661 0.661 0.66 0.66 0.66 0.66 0.66 0.673 0.673 0.674 0.673 0.674 0.676 0.679 0.679 0.679 0.679 0.68 0.68 0.688 0.688 0.691 0.688 0.688 0.688 0.688 0.687 0.688 0.687 0.687 0.687 0.687 0.687 0.686 0.686 0.689 0.689 0.689 0.689 0.687 0.685 0.682 0.682 0.681 0.681 0.675 0.673 0.67 0.669 0.669 0.669 0.664 0.664 0.664 0.664 0.664 0.662 0.662 0.666 0.662 0.662 0.658 0.658 0.658 0.658 0.659 0.66 0.66 0.66 0.66 0.663 0.663 0.663 0.668 0.669 0.674 0.674 0.674 0.674 0.674 0.68 0.683 0.684 0.684 0.684 0.695 0.696 0.696 1.286 1.301 1.306 1.306 1.309 1.312 1.313 1.316 1.319 1.321 1.332 1.332 1.338 1.338 1.338 1.34 1.342 1.354 1.361
2 6.1741 682 0 0 0 0 0 0 0 0 0 0 0 0 0 0 0 0 0 0 0 0 0 0 0 0 0 0 0 0 0 0 0 0 0 0 0 0 0 0 0 0 0 0.936 0.921 0.908 0.908 0.905 0.905 0.91 0.91 0.903 0.898 0.893 0.886 0.886 0.886 0.885 0.885 0.877 0.866 0.86 0.86 0.86 0.849 0.849 0.855 0 0 0 0 0 0 0 0 0 0 0 0 0 0 0 0 0 0 0 0 0 0 0 0 0 0 0 0 0 0 0 0 0 0 0 0 0 0 0 0 0 0 0 0 0 0 0 0 0 0 0 0 0 0 2.01 2.006 2.006 2.006 2.009 2.01 2.012 2.02 2.023 2.023 2.032 2.034 2.034 2.037 2.039 2.047 2.048 2.056 2.062 2.064 2.071 2.071 2.082 2.084 2.089 2.09 2.101 2.11 2.115 2.124 2.784 2.79 2.801 2.804 2.812 2.815 2.832 2.835 2.843 2.86 2.874 2.875 2.888 2.908 2.924 2.925 2.925 2.934 2.948 2.954 2.969 2.973 0 0 0 0 0 0 0 0 0 0 0 0 0 0 0 0 0 0 0 0 0 0 0 0 0 0 0 0 0 0 0 0 0 0 0 0 0 0 2.703 2.703 2.703 2.717 2.731 2.754 2.788 2.801 2.801 2.801 1.731 1.709 1.708 1.708 1.706 1.708 1.708 1.716 1.717 1.721 1.739 1.757 1.774 0 0 0 0 0 0 0 0 0 0 0 0 0 0 0 0 0 0 0 0 0 0 0 0 0 0 0 0 0 0 0 0 0 0 0 0 0 0 0 0 0 0 0 0 0 0 0 0 0 0 0 0 0 0 0 0 0 0 0 0 0 0 0 0 0 0 0 0 0 0 0 0 0 0 0 0 0 0 0 0 0 0 0 0 0 0 0 0 0 0 0 0 0 4.859 4.851 4.848 4.845 4.843 4.841 4.834 4.834 4.834 0 0 0 0 4.808 4.797 4.796 4.796 4.796 4.796 4.796 4.797 4.795 4.798 4.798 0 0 0 0 0 0 0 0 0 0 0 0 0 0 0 0 0 0 0 0 0 0 0 0 0 0 0 0 0 0 0 0 0 0 0 0 0 0 0 0 0 0 0 0 0 0 0 0 0 0 0 0 1.243 1.243 1.243 1.243 1.246 1.249 1.253 1.263 1.263 1.263 1.262 1.261 1.252 1.241 1.226 1.203 1.189 1.171 1.156 1.134 1.121 1.096 1.086 1.067 1.051 1.032 1.023 1.001 0.991 0.97 0.969 0.956 0.951 0.947 0.932 0.921 0.918 0.892 0.889 0.869 0.868 0.864 0.856 0.853 0.853 0.853 0.861 0.866 0.866 0.866 0.872 0.876 0.876 0.888 0.888 0.889 0.892 0.904 0.904 0.911 0.911 0.911 0.923 0.924 0.924 0.932 0.933 0.937 0.954 0.958 0.967 0.968 0.968 0.977 0.977 0.977 0.964 0.964 0.964 0.959 0.953 0.93 0.93 0.92 0.919 0.913 0.912 0.901 0.892 0.886 0.882 0.881 0.874 0.869 0.859 0.854 0.852 0.849 0.847 0.84 0.829 0.828 0.828 0.821 0.817 0.81 0.806 0.8 0.8 0.792 0.79 0.783 0.781 0.783 0.775 0.774 0.77 0.768 0.767 0.758 0.754 0.749 0.749 0.749 0.746 0.745 0.74 0.734 0.73 0.727 0.724 0.724 0.724 0.715 0.712 0.703 0.703 0.702 0.702 0.7 0.7 0.7 0.692 0.691 0.69 0.685 0.682 0.681 0.681 0.681 0.682 0.681 0.677 0.673 0.671 0.666 0.666 0.663 0.661 0.661 0.662 0.661 0.661 0.662 0.661 0.66 0.66 0.662 0.661 0.662 0.667 0.667 0.667 0.667 0.667 0.667 0.664 0.661 0.664 0.664 0.668 0.668 0.671 0.672 0.675 0.68 0.68 0.68 0.679 0.679 0.679 0.684 0.684 0.687 0.69 0.687 0.687 0.687 0.687 0.687 0.685 0.685 0.685 0.685 0.685 0.683 0.686 0.686 0.686 0.682 0.684 0.682 0.684 0.682 0.682 0.679 0.679 0.679 0.679 0.677 0.677 0.675 0.672 0.666 0.666 0.662 0.661 0.658 0.658 0.662 0.666 0.666 0.666 0.666 0.666 0.661 0.661 0.661 0.661 0.66 0.66 0.66 0.66 0.66 0.658 0.661 0.666 0.666 0.669 0.67 0.676 0.676 0.676 0.677 0.678 0.679 0.68 0.682 0.687 0.688 0.689 0.707 1.288 1.302 1.304 1.304 1.31 1.31 1.311 1.311 1.314 1.319 1.33 1.336 1.338 1.337 1.338 1.339 1.35 1.355 1.356
2 6.2741 682 0 0 0 0 0 0 0 0 0 0 0 0 0 0 0 0 0 0 0 0 0 0 0 0 0 0 0 0 0 0 0 0 0 0 0 0 0 0 0 0 0 0 0 0.927 0.927 0.919 0.909 0.908 0.908 0.907 0.892 0.889 0.878 0.878 0.878 0.877 0.877 0.875 0.86 0.86 0.859 0.847 0.845 0.845 0.845 0.86 0 0 0 0 0 0 0 0 0 0 0 0 0 0 0 0 0 0 0 0 0 0 0 0 0 0 0 0 0 0 0 0 0 0 0 0 0 0 0 0 0 0 0 0 0 0 0 0 0 0 0 0 0 2.006 2.002 2.002 2.002 2.008 2.013 2.013 2.018 2.02 2.02 2.031 2.032 2.033 2.038 2.038 2.044 2.056 2.058 2.058 2.066 2.068 2.07 2.07 2.086 2.088 2.094 2.097 2.104 2.109 2.122 2.776 2.786 2.789 2.804 2.807 2.823 2.823 2.837 2.844 2.862 2.862 2.878 2.878 2.921 2.924 2.924 2.926 2.926 2.945 2.948 2.963 2.965 0 0 0 0 0 0 0 0 0 0 0 0 0 0 0 0 0 0 0 0 0 0 0 0 0 0 0 0 0 0 0 0 0 0 0 0 0 0 1.849 1.826 1.815 1.812 1.812 1.812 1.82 1.82 1.82 1.82 1.735 1.691 1.69 1.686 1.686 1.691 1.693 1.696 1.706 1.71 1.721 1.745 0 0 0 0 0 0 0 0 0 0 0 0 0 0 0 0 0 0 0 0 0 0 0 0 0 0 0 0 0 0 0 0 0 0 0 0 0 0 0 0 0 0 0 0 0 0 0 0 0 0 0 0 0 0 0 0 0 0 0 0 0 0 0 0 0 0 0 0 0 0 0 0 0 0 0 0 0 0 0 0 0 0 0 0 0 0 0 0 0 0 0 0 0 0 4.873 4.86 4.857 4.848 4.843 4.843 4.839 4.839 4.839 0 0 0 0 4.803 4.794 4.794 4.794 4.793 4.794 4.792 4.792 4.792 4.797 4.797 0 0 0 0 0 0 0 0 0 0 0 0 0 0 0 0 0 0 0 0 0 0 0 0 0 0 0 0 0 0 0 0 0 0 0 0 0 0 0 0 0 0 0 0 0 0 0 0 0 0 0 0 1.25 1.245 1.245 1.25 1.25 1.25 1.255 1.262 1.263 1.263 1.263 1.258 1.258 1.241 1.226 1.214 1.188 1.18 1.15 1.139 1.113 1.101 1.087 1.066 1.056 1.032 1.019 1.006 1.003 0.98 0.972 0.957 0.944 0.943 0.925 0.911 0.903 0.889 0.885 0.88 0.869 0.869 0.855 0.855 0.855 0.86 0.86 0.86 0.863 0.872 0.873 0.881 0.884 0.886 0.888 0.889 0.898 0.899 0.902 0.913 0.916 0.916 0.918 0.921 0.921 0.926 0.928 0.934 0.951 0.962 0.963 0.97 0.97 0.97 0.97 0.963 0.96 0.96 0.96 0.96 0.952 0.926 0.926 0.924 0.922 0.911 0.91 0.903 0.891 0.886 0.882 0.875 0.872 0.87 0.86 0.852 0.851 0.85 0.842 0.839 0.834 0.828 0.824 0.82 0.818 0.807 0.803 0.803 0.801 0.798 0.797 0.786 0.784 0.784 0.779 0.777 0.772 0.772 0.764 0.762 0.752 0.751 0.75 0.748 0.748 0.745 0.735 0.735 0.733 0.73 0.725 0.725 0.722 0.722 0.711 0.71 0.709 0.709 0.702 0.7 0.7 0.7 0.7 0.695 0.691 0.689 0.686 0.683 0.683 0.684 0.686 0.684 0.684 0.674 0.673 0.668 0.673 0.668 0.664 0.664 0.664 0.662 0.659 0.659 0.658 0.659 0.658 0.659 0.658 0.658 0.658 0.669 0.663 0.663 0.667 0.663 0.663 0.662 0.664 0.664 0.67 0.664 0.67 0.675 0.676 0.678 0.681 0.681 0.68 0.681 0.681 0.682 0.682 0.686 0.687 0.687 0.687 0.687 0.686 0.686 0.686 0.687 0.687 0.688 0.687 0.684 0.682 0.682 0.682 0.681 0.682 0.681 0.684 0.681 0.679 0.678 0.679 0.676 0.678 0.678 0.678 0.669 0.667 0.667 0.666 0.666 0.664 0.662 0.661 0.661 0.659 0.659 0.659 0.658 0.657 0.657 0.658 0.657 0.657 0.657 0.659 0.658 0.658 0.658 0.659 0.659 0.659 0.663 0.669 0.669 0.672 0.672 0.672 0.675 0.682 0.683 0.684 0.685 0.685 0.69 0.7 0.703 1.294 1.298 1.301 1.301 1.309 1.309 1.311 1.311 1.311 1.311 1.321 1.324 1.329 1.329 1.333 1.339 1.346 1.355 1.355
2 6.3741 682 0 0 0 0 0 0 0 0 0 0 0 0 0 0 0 0 0 0 0 0 0 0 0 0 0 0 0 0 0 0 0 0 0 0 0 0 0 0 0 0 0 0 0 0.922 0.918 0.916 0.918 0.916 0.912 0.912 0.9 0.888 0.885 0.885 0.882 0.881 0.881 0.877 0.872 0.866 0.852 0.852 0.851 0.851 0.864 0 0 0 0 0 0 0 0 0 0 0 0 0 0 0 0 0 0 0 0 0 0 0 0 0 0 0 0 0 0 0 0 0 0 0 0 0 0 0 0 0 0 0 0 0 0 0 0 0 0 0 0 0 0 2.012 2.003 2.003 2.003 2.008 2.012 2.016 2.019 2.02 2.023 2.025 2.033 2.034 2.037 2.039 2.051 2.052 2.054 2.059 2.063 2.068 2.074 2.079 2.086 2.092 2.092 2.092 2.104 2.114 2.119 2.773 2.801 2.808 2.817 2.819 2.828 2.836 2.843 2.847 2.852 2.859 2.863 2.875 2.919 2.919 2.93 2.938 2.941 2.941 2.949 2.96 2.969 0 0 0 0 0 0 0 0 0 0 0 0 0 0 0 0 0 0 0 0 0 0 1.654 1.654 1.654 0 0 0 0 0 0 0 0 0 0 0 0 0 0 2.723 2.723 2.723 2.739 2.762 2.762 2.762 1.724 1.686 1.668 1.668 1.668 1.668 1.668 1.67 1.677 1.681 1.69 1.728 0 0 0 0 0 0 0 0 0 0 0 0 0 0 0 0 0 0 0 0 0 0 0 0 0 0 0 0 0 0 0 0 0 0 0 0 0 0 0 0 0 0 0 0 0 0 0 0 0 0 0 0 0 0 0 0 0 0 0 0 0 0 0 0 0 0 0 0 0 0 0 0 0 0 0 0 0 0 0 0 0 0 0 0 0 0 0 0 0 0 0 0 0 0 0 4.863 4.862 4.857 4.855 4.855 4.847 4.842 4.828 4.828 4.828 0 0 0 0 4.803 4.795 4.795 4.793 4.793 4.792 4.792 4.792 4.792 4.795 4.799 0 0 0 0 0 0 0 0 0 0 0 0 0 0 0 0 0 0 0 0 0 0 0 0 0 0 0 0 0 0 0 0 0 0 0 0 0 0 0 0 0 0 0 0 0 0 0 0 0 0 0 0 1.253 1.249 1.249 1.249 1.249 1.249 1.253 1.26 1.263 1.263 1.263 1.253 1.243 1.24 1.218 1.207 1.188 1.177 1.147 1.14 1.122 1.098 1.083 1.064 1.051 1.028 1.014 1.005 1.003 0.983 0.968 0.952 0.951 0.942 0.933 0.921 0.903 0.896 0.881 0.872 0.87 0.867 0.859 0.859 0.859 0.857 0.86 0.86 0.864 0.867 0.872 0.874 0.888 0.888 0.89 0.894 0.896 0.902 0.903 0.903 0.914 0.916 0.926 0.931 0.931 0.935 0.935 0.941 0.948 0.949 0.96 0.972 0.977 0.977 0.977 0.966 0.962 0.962 0.962 0.962 0.956 0.932 0.925 0.92 0.918 0.914 0.903 0.902 0.887 0.886 0.88 0.88 0.869 0.869 0.855 0.855 0.854 0.845 0.842 0.84 0.836 0.826 0.825 0.822 0.815 0.814 0.807 0.801 0.801 0.799 0.785 0.784 0.783 0.777 0.777 0.774 0.772 0.772 0.766 0.761 0.759 0.758 0.751 0.75 0.748 0.745 0.742 0.735 0.731 0.729 0.729 0.722 0.721 0.72 0.714 0.708 0.708 0.705 0.705 0.705 0.701 0.697 0.696 0.693 0.692 0.689 0.688 0.679 0.679 0.679 0.679 0.679 0.679 0.677 0.674 0.669 0.668 0.667 0.664 0.664 0.664 0.663 0.66 0.66 0.659 0.659 0.659 0.663 0.663 0.663 0.667 0.667 0.663 0.662 0.657 0.657 0.662 0.657 0.663 0.668 0.668 0.669 0.669 0.671 0.671 0.673 0.676 0.681 0.681 0.681 0.681 0.682 0.683 0.683 0.687 0.687 0.687 0.687 0.687 0.687 0.683 0.689 0.689 0.687 0.687 0.687 0.686 0.686 0.685 0.684 0.684 0.684 0.685 0.685 0.687 0.685 0.685 0.68 0.68 0.675 0.675 0.67 0.668 0.668 0.662 0.668 0.662 0.668 0.663 0.663 0.662 0.662 0.662 0.659 0.657 0.659 0.659 0.659 0.659 0.659 0.66 0.66 0.66 0.66 0.66 0.661 0.661 0.667 0.668 0.668 0.668 0.668 0.674 0.677 0.68 0.683 0.684 0.684 0.684 0.688 0.698 0.708 1.293 1.295 1.299 1.299 1.302 1.303 1.306 1.307 1.313 1.321 1.336 1.336 1.336 1.336 1.337 1.34 1.341 1.359 1.361
2 6.4731 682 0 0 0 0 0 0 0 0 0 0 0 0 0 0 0 0 0 0 0 0 0 0 0 0 0 0 0 0 0 0 0 0 0 0 0 0 0 0 0 0 0 0 0 0.919 0.908 0.908 0.904 0.903 0.903 0.899 0.899 0.887 0.882 0.882 0.882 0.88 0.88 0.878 0.869 0.859 0.855 0.855 0.849 0.849 0.861 0 0 0 0 0 0 0 0 0 0 0 0 0 0 0 0 0 0 0 0 0 0 0 0 0 0 0 0 0 0 0 0 0 0 0 0 0 0 0 0 0 2.64 2.64 2.64 0 0 0 0 0 0 0 0 0 0 2.012 2.002 2.002 2.002 2.007 2.007 2.012 2.016 2.018 2.023 2.026 2.031 2.034 2.037 2.037 2.045 2.054 2.063 2.063 2.063 2.068 2.071 2.076 2.092 2.094 2.095 2.099 2.099 2.104 2.123 2.778 2.796 2.801 2.807 2.822 2.824 2.825 2.845 2.849 2.855 2.869 2.875 2.882 2.916 2.921 2.921 2.929 2.937 2.947 2.949 2.958 2.982 0 0 0 0 0 0 0 0 1.494 1.473 1.447 1.447 1.447 0 0 0 0 0 0 0 0 0 0 0 0 0 0 0 0 0 0 0 0 0 0 0 0 0 2.705 2.705 2.705 2.723 2.723 2.723 1.654 1.645 1.639 1.638 1.631 1.631 1.63 1.63 1.646 1.648 1.657 0 0 0 0 0 0 0 0 0 0 0 0 0 0 0 0 0 0 0 0 0 0 0 0 0 0 0 0 0 0 0 0 0 0 0 0 0 0 0 0 0 0 0 0 0 0 0 0 0 0 0 0 0 0 0 0 0 0 0 0 0 0 0 0 0 0 0 0 0 0 0 0 0 0 0 0 0 0 0 0 0 0 0 0 0 0 0 0 0 0 0 0 0 0 0 0 0 0 0 0 0 4.863 4.851 4.848 4.844 4.837 4.837 4.837 0 0 0 0 4.802 4.801 4.8 4.798 4.793 4.791 4.791 4.791 4.791 4.793 4.799 0 0 0 0 0 0 0 0 0 0 0 0 0 0 0 0 0 0 0 0 0 0 0 0 0 0 0 0 0 0 0 0 0 0 0 0 0 0 0 0 0 0 0 0 0 0 0 0 0 0 0 0 1.251 1.244 1.244 1.251 1.251 1.252 1.252 1.259 1.259 1.259 1.256 1.256 1.247 1.237 1.225 1.199 1.18 1.167 1.156 1.141 1.118 1.091 1.083 1.061 1.058 1.03 1.024 1.01 0.993 0.979 0.966 0.948 0.945 0.94 0.93 0.911 0.909 0.89 0.884 0.868 0.865 0.859 0.859 0.855 0.854 0.854 0.855 0.855 0.862 0.872 0.875 0.875 0.879 0.885 0.887 0.893 0.894 0.9 0.903 0.91 0.912 0.919 0.921 0.927 0.927 0.927 0.933 0.933 0.94 0.954 0.967 0.969 0.974 0.974 0.974 0.974 0.958 0.958 0.958 0.958 0.951 0.928 0.925 0.925 0.918 0.913 0.901 0.899 0.897 0.897 0.887 0.879 0.876 0.868 0.86 0.856 0.851 0.847 0.84 0.84 0.839 0.835 0.826 0.821 0.818 0.809 0.807 0.801 0.787 0.787 0.787 0.786 0.784 0.781 0.778 0.776 0.775 0.769 0.764 0.759 0.752 0.752 0.751 0.748 0.746 0.739 0.739 0.732 0.732 0.728 0.727 0.722 0.722 0.716 0.71 0.705 0.702 0.7 0.7 0.7 0.7 0.693 0.697 0.691 0.691 0.691 0.683 0.683 0.682 0.682 0.682 0.681 0.68 0.673 0.671 0.671 0.671 0.667 0.667 0.666 0.666 0.661 0.666 0.659 0.658 0.659 0.659 0.659 0.659 0.659 0.666 0.666 0.661 0.661 0.661 0.661 0.664 0.664 0.664 0.664 0.664 0.669 0.669 0.67 0.678 0.683 0.683 0.683 0.683 0.681 0.681 0.681 0.681 0.684 0.685 0.691 0.687 0.687 0.686 0.687 0.686 0.686 0.686 0.686 0.686 0.686 0.686 0.685 0.685 0.685 0.685 0.685 0.685 0.685 0.683 0.682 0.677 0.677 0.677 0.677 0.677 0.677 0.667 0.667 0.663 0.663 0.661 0.663 0.661 0.661 0.661 0.662 0.662 0.662 0.66 0.663 0.663 0.66 0.658 0.661 0.658 0.658 0.658 0.658 0.658 0.664 0.66 0.664 0.666 0.668 0.668 0.672 0.673 0.673 0.674 0.677 0.679 0.679 0.683 0.689 0.7 0.703 1.294 1.303 1.303 1.303 1.309 1.309 1.311 1.312 1.318 1.322 1.325 1.329 1.332 1.329 1.332 1.34 1.35 1.356 1.361
2 6.5731 682 0 0 0 0 0 0 0 0 0 0 0 0 0 0 0 0 0 0 0 0 0 0 0 0 0 0 0 0 0 0 0 0 0 0 0 0 0 0 0 0 0 0 0.931 0.921 0.913 0.913 0.913 0.913 0.913 0.898 0.898 0.889 0.884 0.884 0.881 0.884 0.884 0.874 0.866 0.864 0.862 0.862 0.851 0.851 0.867 0 0 0 0 0 0 0 0 0 0 0 0 0 0 0 0 0 0 0 0 0 0 0 0 0 0 0 0 0 0 0 0 0 0 0 0 0 0 0 0 0 2.655 2.655 2.655 0 0 0 0 0 0 0 0 0 0 2.009 2 2 2 2.006 2.01 2.015 2.021 2.023 2.024 2.031 2.032 2.035 2.035 2.043 2.044 2.045 2.052 2.064 2.064 2.066 2.066 2.077 2.084 2.091 2.098 2.099 2.103 2.106 2.122 2.778 2.788 2.8 2.8 2.811 2.819 2.821 2.832 2.84 2.851 2.86 2.874 2.89 2.925 2.925 2.926 2.926 2.922 1.358 1.338 1.327 1.327 1.323 1.323 1.327 1.328 1.331 1.34 0 0 0 0 0 0 0 0 0 0 0 0 0 0 0 0 0 0 0 0 0 0 0 0 0 0 0 0 0 0 0 0 1.593 1.574 1.571 1.569 1.569 1.563 1.563 1.569 1.578 1.578 1.584 1.607 1.633 1.648 2.945 0 0 0 0 0 0 0 0 0 0 0 0 0 0 0 0 0 0 0 0 0 0 0 0 0 0 0 0 0 0 0 0 0 0 0 0 0 0 0 0 0 0 0 0 0 0 0 0 0 0 0 0 0 0 0 0 0 0 0 0 0 0 0 0 0 0 0 0 0 0 0 0 0 0 0 0 0 0 0 0 0 0 0 0 0 0 0 0 0 0 0 0 0 0 0 0 0 0 0 0 4.878 4.862 4.862 4.849 4.845 4.834 4.832 4.832 4.832 4.832 0 0 0 0 4.796 4.796 4.796 4.796 4.795 4.798 4.791 4.791 4.791 4.793 4.793 0 0 0 0 0 0 0 0 0 0 0 0 0 0 0 0 0 0 0 0 0 0 0 0 0 0 0 0 0 0 0 0 0 0 0 0 0 0 0 0 0 0 0 0 0 0 0 0 0 0 0 0 1.246 1.244 1.244 1.246 1.247 1.25 1.255 1.256 1.259 1.259 1.259 1.259 1.252 1.244 1.221 1.206 1.185 1.176 1.166 1.147 1.114 1.101 1.085 1.067 1.058 1.025 1.022 1.008 0.991 0.977 0.962 0.957 0.947 0.936 0.924 0.922 0.907 0.892 0.887 0.873 0.872 0.865 0.853 0.853 0.853 0.853 0.853 0.855 0.859 0.868 0.868 0.877 0.885 0.886 0.887 0.893 0.897 0.904 0.904 0.905 0.909 0.912 0.922 0.924 0.924 0.924 0.925 0.943 0.949 0.955 0.963 0.966 0.982 0.982 0.982 0.972 0.963 0.963 0.963 0.963 0.951 0.93 0.925 0.925 0.92 0.905 0.904 0.897 0.887 0.887 0.882 0.882 0.87 0.868 0.863 0.861 0.857 0.852 0.849 0.841 0.827 0.826 0.826 0.824 0.821 0.816 0.812 0.805 0.792 0.79 0.786 0.784 0.784 0.784 0.776 0.775 0.771 0.767 0.765 0.755 0.752 0.751 0.749 0.746 0.746 0.741 0.737 0.736 0.735 0.732 0.727 0.725 0.72 0.717 0.714 0.71 0.709 0.707 0.706 0.706 0.704 0.701 0.698 0.696 0.689 0.687 0.687 0.68 0.68 0.681 0.687 0.681 0.681 0.675 0.673 0.669 0.667 0.667 0.666 0.666 0.666 0.662 0.663 0.659 0.659 0.658 0.659 0.659 0.659 0.661 0.662 0.662 0.657 0.659 0.659 0.659 0.662 0.662 0.663 0.67 0.664 0.67 0.672 0.672 0.672 0.674 0.677 0.678 0.678 0.68 0.682 0.687 0.682 0.688 0.682 0.689 0.689 0.689 0.684 0.684 0.684 0.684 0.686 0.688 0.688 0.688 0.688 0.686 0.686 0.688 0.685 0.685 0.685 0.682 0.682 0.681 0.68 0.68 0.68 0.671 0.674 0.671 0.67 0.671 0.669 0.668 0.661 0.662 0.662 0.668 0.662 0.662 0.662 0.661 0.661 0.661 0.661 0.661 0.658 0.662 0.662 0.662 0.659 0.659 0.659 0.659 0.663 0.667 0.671 0.671 0.671 0.671 0.671 0.672 0.675 0.685 0.685 0.685 0.686 0.688 0.695 0.7 1.293 1.296 1.302 1.302 1.306 1.311 1.312 1.312 1.312 1.312 1.312 1.322 1.328 1.328 1.335 1.341 1.349 1.353 1.359
2 6.6731 682 0 0 0 0 0 0 0 0 0 0 0 0 0 0 0 0 0 0 0 0 0 0 0 0 0 0 0 0 0 0 0 0 0 0 0 0 0 0 0 0 0 0 0 0 0 0.928 0.924 0.915 0.911 0.903 0.897 0.896 0.887 0.884 0.882 0.882 0.882 0.875 0.868 0.855 0.854 0.854 0.849 0.849 0.856 0 0 0 0 0 0 0 0 0 0 0 0 0 0 0 0 0 0 0 0 0 0 0 0 0 0 0 0 0 0 0 0 0 0 0 0 0 0 0 0 0 2.645 2.645 2.645 0 0 0 0 0 0 0 0 0 0 2.01 1.998 1.998 1.998 2.005 2.009 2.012 2.019 2.021 2.027 2.027 2.03 2.03 2.038 2.039 2.042 2.051 2.052 2.066 2.068 2.069 2.073 2.08 2.082 2.095 2.095 2.097 2.102 2.105 2.127 2.772 2.796 2.802 2.805 2.809 2.815 2.821 2.829 2.852 2.86 2.86 2.86 1.314 1.276 1.273 1.273 1.273 1.267 1.273 1.267 1.267 1.272 1.275 1.275 1.28 0 0 0 0 0 0 0 0 0 0 0 0 0 0 0 0 0 0 0 0 0 0 0 0 0 0 0 0 0 1.508 1.492 1.485 1.479 1.479 1.476 1.476 1.481 1.481 1.482 1.482 1.492 1.521 1.526 1.551 2.85 2.854 2.869 2.89 2.921 2.921 2.923 2.957 0 0 0 0 0 0 0 0 0 0 0 0 0 0 0 0 0 0 0 0 0 0 0 0 0 0 0 0 0 0 0 0 0 0 0 0 0 0 0 0 0 0 0 0 0 0 0 0 0 0 0 0 0 0 0 0 0 0 0 0 0 0 0 0 0 0 0 0 0 0 0 0 0 0 0 0 0 0 0 0 0 0 0 0 0 0 0 0 0 0 0 0 0 0 0 0 0 0 0 4.878 4.878 4.865 4.857 4.845 4.835 4.835 4.835 4.835 0 0 0 0 4.802 4.794 4.794 4.793 4.793 4.793 4.787 4.787 4.787 4.793 4.795 0 0 0 0 0 0 0 0 0 0 0 0 0 0 0 0 0 0 0 0 0 0 0 0 0 0 0 0 0 0 0 0 0 0 0 0 0 0 0 0 0 0 0 0 0 0 0 0 0 0 0 0 1.244 1.244 1.244 1.244 1.246 1.252 1.255 1.262 1.264 1.264 1.264 1.259 1.25 1.243 1.219 1.208 1.19 1.174 1.157 1.132 1.111 1.094 1.087 1.063 1.052 1.027 1.026 1.01 0.996 0.976 0.966 0.947 0.947 0.944 0.926 0.911 0.907 0.892 0.887 0.869 0.869 0.864 0.859 0.855 0.855 0.855 0.857 0.861 0.862 0.874 0.874 0.876 0.881 0.881 0.886 0.886 0.888 0.9 0.9 0.91 0.919 0.922 0.922 0.923 0.922 0.932 0.932 0.937 0.953 0.953 0.957 0.978 0.979 0.978 0.978 0.96 0.957 0.957 0.957 0.957 0.957 0.933 0.926 0.921 0.92 0.914 0.9 0.899 0.894 0.891 0.888 0.887 0.875 0.867 0.861 0.855 0.853 0.85 0.842 0.841 0.829 0.827 0.827 0.827 0.816 0.811 0.807 0.8 0.796 0.795 0.794 0.785 0.781 0.781 0.778 0.776 0.771 0.768 0.763 0.761 0.758 0.749 0.749 0.744 0.743 0.743 0.739 0.735 0.733 0.733 0.731 0.725 0.724 0.723 0.711 0.709 0.707 0.704 0.704 0.704 0.703 0.702 0.698 0.695 0.69 0.69 0.687 0.686 0.683 0.683 0.683 0.683 0.683 0.672 0.669 0.669 0.671 0.671 0.671 0.672 0.671 0.662 0.663 0.663 0.662 0.662 0.661 0.661 0.66 0.66 0.662 0.662 0.66 0.659 0.658 0.658 0.659 0.658 0.658 0.659 0.659 0.662 0.671 0.672 0.677 0.679 0.679 0.68 0.68 0.68 0.68 0.68 0.68 0.685 0.685 0.685 0.684 0.684 0.684 0.687 0.684 0.687 0.687 0.687 0.685 0.685 0.685 0.685 0.685 0.684 0.68 0.68 0.684 0.681 0.681 0.681 0.679 0.678 0.674 0.674 0.674 0.674 0.673 0.664 0.664 0.664 0.664 0.664 0.663 0.658 0.658 0.66 0.66 0.66 0.66 0.655 0.655 0.655 0.658 0.658 0.658 0.659 0.659 0.659 0.663 0.663 0.663 0.669 0.669 0.669 0.67 0.673 0.673 0.676 0.679 0.681 0.681 0.684 0.689 0.689 0.689 0.697 1.299 1.304 1.31 1.31 1.31 1.31 1.31 1.31 1.314 1.314 1.329 1.331 1.333 1.333 1.335 1.339 1.344 1.353 1.355
2 6.7721 682 0 0 0 0 0 0 0 0 0 0 0 0 0 0 0 0 0 0 0 0 0 0 0 0 0 0 0 0 0 0 0 0 0 0 0 0 0 0 0 0 0 0 0.927 0.921 0.919 0.914 0.914 0.913 0.913 0.91 0.892 0.889 0.884 0.881 0.88 0.88 0.877 0.874 0.867 0.856 0.851 0.851 0.851 0.851 0.853 0.863 0 0 0 0 0 0 0 0 0 0 0 0 0 0 0 0 0 0 0 0 0 0 0 0 0 0 0 0 0 0 0 0 0 0 0 0 0 0 0 0 0 0 0 0 0 0 0 0 0 0 0 0 0 2.007 2.006 2.005 2.005 2.006 2.01 2.013 2.016 2.017 2.02 2.024 2.026 2.038 2.041 2.041 2.041 2.055 2.059 2.062 2.066 2.066 2.071 2.084 2.084 2.087 2.089 2.098 2.106 2.109 2.123 2.775 2.794 2.803 2.804 2.816 2.822 2.827 2.827 2.822 1.27 1.252 1.25 1.241 1.241 1.238 1.237 1.237 1.243 1.246 1.247 1.247 1.25 1.252 0 0 0 0 0 0 0 0 0 0 0 0 0 0 0 0 0 0 0 0 0 0 0 0 0 1.415 1.406 1.401 1.401 1.4 1.4 1.4 0 0 0 0 0 1.464 1.464 1.464 2.722 2.734 2.743 2.783 2.801 2.817 2.833 2.855 2.868 2.882 2.922 2.929 2.949 0 0 0 0 0 0 0 0 0 0 0 0 0 0 0 0 0 0 0 0 0 0 0 0 0 0 0 0 0 0 0 0 0 0 0 0 0 0 0 0 0 0 0 0 0 0 0 0 0 0 0 0 0 0 0 0 0 0 0 0 0 0 0 0 0 0 0 0 0 0 0 0 0 0 0 0 0 0 0 0 0 0 0 0 0 0 0 0 0 0 0 0 0 0 0 0 0 0 0 0 0 4.865 4.852 4.851 4.837 4.837 4.833 4.833 4.833 0 0 0 0 4.803 4.801 4.797 4.796 4.793 4.793 4.793 4.793 4.793 4.793 4.796 0 0 0 0 0 0 0 0 0 0 0 0 0 0 0 0 0 0 0 0 0 0 0 0 0 0 0 0 0 0 0 0 0 0 0 0 0 0 0 0 0 0 0 0 0 0 0 0 0 0 0 0 1.243 1.243 1.243 1.25 1.253 1.253 1.254 1.261 1.262 1.262 1.263 1.261 1.251 1.238 1.217 1.21 1.191 1.168 1.156 1.126 1.117 1.104 1.089 1.07 1.055 1.026 1.019 1.005 0.987 0.977 0.964 0.952 0.947 0.941 0.924 0.919 0.902 0.893 0.887 0.873 0.873 0.865 0.856 0.854 0.854 0.854 0.86 0.866 0.867 0.872 0.875 0.876 0.884 0.887 0.889 0.89 0.891 0.899 0.902 0.909 0.914 0.914 0.92 0.92 0.92 0.93 0.931 0.934 0.943 0.96 0.962 0.965 0.977 0.977 0.977 0.967 0.959 0.959 0.959 0.957 0.949 0.942 0.926 0.925 0.921 0.913 0.907 0.898 0.888 0.887 0.886 0.882 0.881 0.875 0.862 0.857 0.848 0.845 0.843 0.836 0.829 0.828 0.827 0.826 0.817 0.81 0.808 0.8 0.799 0.794 0.791 0.788 0.788 0.779 0.772 0.769 0.764 0.765 0.764 0.762 0.76 0.752 0.745 0.744 0.744 0.741 0.739 0.739 0.736 0.731 0.721 0.719 0.716 0.716 0.715 0.712 0.709 0.707 0.704 0.698 0.698 0.695 0.695 0.695 0.69 0.69 0.683 0.681 0.681 0.683 0.688 0.688 0.688 0.675 0.674 0.67 0.669 0.666 0.666 0.666 0.66 0.66 0.659 0.659 0.659 0.659 0.659 0.662 0.657 0.657 0.659 0.657 0.657 0.659 0.659 0.659 0.663 0.663 0.663 0.663 0.662 0.662 0.669 0.671 0.671 0.676 0.677 0.678 0.678 0.678 0.678 0.679 0.679 0.679 0.686 0.686 0.686 0.686 0.686 0.686 0.684 0.686 0.686 0.686 0.683 0.685 0.685 0.685 0.683 0.685 0.682 0.682 0.682 0.681 0.68 0.68 0.68 0.678 0.678 0.678 0.678 0.676 0.672 0.671 0.671 0.667 0.661 0.666 0.666 0.662 0.662 0.666 0.662 0.662 0.657 0.657 0.657 0.657 0.658 0.658 0.658 0.658 0.66 0.658 0.663 0.663 0.663 0.663 0.666 0.67 0.671 0.673 0.675 0.676 0.677 0.678 0.68 0.682 0.688 0.688 0.692 0.7 1.285 1.289 1.303 1.303 1.312 1.312 1.312 1.314 1.321 1.321 1.332 1.335 1.336 1.336 1.337 1.338 1.345 1.356 1.356
2 6.8721 682 0 0 0 0 0 0 0 0 0 0 0 0 0 0 0 0 0 0 0 0 0 0 0 0 0 0 0 0 0 0 0 0 0 0 0 0 0 0 0 0 0 0 0 0 0.926 0.912 0.909 0.909 0.907 0.905 0.892 0.891 0.877 0.877 0.877 0.877 0.874 0.868 0.866 0.865 0.861 0.851 0.851 0.851 0.851 0.854 0 0 0 0 0 0 0 0 0 0 0 0 0 0 0 0 0 0 0 0 0 0 0 0 0 0 0 0 0 0 0 0 0 0 0 0 0 0 0 0 0 0 0 0 0 0 0 0 0 0 0 0 0 2.013 2.002 2.002 2.002 2.008 2.009 2.01 2.02 2.02 2.021 2.025 2.026 2.033 2.04 2.042 2.044 2.047 2.053 2.057 2.061 2.062 2.062 2.079 2.086 2.086 2.095 2.097 2.102 2.105 2.116 2.778 2.785 2.799 2.814 2.822 2.822 2.822 1.235 1.234 1.223 1.216 1.215 1.215 1.215 1.212 1.215 1.217 1.218 1.22 1.226 1.232 1.235 0 0 0 0 0 0 0 0 0 0 0 0 0 0 0 0 1.27 1.251 1.251 1.251 1.25 1.25 1.25 1.25 1.258 1.259 0 0 0 0 0 0 0 0 0 0 0 0 2.711 2.711 2.711 2.723 2.744 2.765 2.783 2.794 2.817 2.827 2.858 2.862 2.897 2.924 2.931 2.954 3.088 0 0 0 0 0 0 0 0 0 0 0 0 0 0 0 0 0 0 0 0 0 0 0 0 0 0 0 0 0 0 0 0 0 0 0 0 0 0 0 0 0 0 0 0 0 0 0 0 0 0 0 0 0 0 0 0 0 0 0 0 0 0 0 0 0 0 0 0 0 0 0 0 0 0 0 0 0 0 0 0 0 0 0 0 0 0 0 0 0 0 0 0 0 0 0 0 0 0 0 4.876 4.865 4.857 4.851 4.847 4.841 4.841 4.841 0 0 0 0 0 4.804 4.801 4.801 4.794 4.793 4.793 4.793 4.793 4.793 4.793 4.797 0 0 0 0 0 0 0 0 0 0 0 0 0 0 0 0 0 0 0 0 0 0 0 0 0 0 0 0 0 0 0 0 0 0 0 0 0 0 0 0 0 0 0 0 0 0 0 0 0 0 0 0 1.256 1.249 1.245 1.245 1.249 1.249 1.252 1.262 1.263 1.263 1.263 1.261 1.249 1.242 1.224 1.207 1.183 1.165 1.156 1.132 1.108 1.093 1.081 1.062 1.052 1.028 1.018 1.007 0.994 0.973 0.972 0.953 0.948 0.941 0.934 0.913 0.9 0.89 0.888 0.873 0.868 0.862 0.851 0.851 0.851 0.851 0.853 0.859 0.861 0.867 0.874 0.876 0.878 0.885 0.886 0.887 0.888 0.897 0.91 0.911 0.913 0.916 0.922 0.924 0.924 0.927 0.927 0.938 0.954 0.957 0.966 0.969 0.974 0.974 0.974 0.966 0.964 0.964 0.964 0.964 0.956 0.932 0.931 0.922 0.919 0.909 0.904 0.901 0.896 0.889 0.885 0.882 0.88 0.865 0.856 0.855 0.851 0.847 0.845 0.844 0.836 0.825 0.825 0.825 0.822 0.809 0.808 0.807 0.798 0.798 0.791 0.783 0.782 0.78 0.779 0.778 0.772 0.772 0.771 0.764 0.755 0.752 0.749 0.746 0.745 0.741 0.736 0.734 0.731 0.73 0.725 0.722 0.721 0.717 0.716 0.71 0.707 0.705 0.704 0.704 0.703 0.702 0.693 0.69 0.69 0.684 0.684 0.685 0.684 0.685 0.685 0.685 0.681 0.677 0.675 0.671 0.667 0.664 0.664 0.667 0.667 0.664 0.668 0.661 0.659 0.659 0.657 0.657 0.657 0.662 0.664 0.664 0.662 0.661 0.661 0.659 0.661 0.66 0.663 0.663 0.663 0.664 0.672 0.672 0.672 0.672 0.676 0.677 0.678 0.678 0.678 0.68 0.681 0.686 0.686 0.686 0.685 0.685 0.685 0.684 0.684 0.684 0.682 0.682 0.684 0.684 0.684 0.685 0.684 0.685 0.685 0.685 0.684 0.684 0.681 0.681 0.681 0.681 0.681 0.676 0.676 0.672 0.668 0.667 0.666 0.667 0.666 0.664 0.666 0.663 0.663 0.663 0.663 0.663 0.661 0.659 0.659 0.659 0.659 0.66 0.663 0.663 0.663 0.66 0.658 0.658 0.658 0.66 0.669 0.669 0.671 0.672 0.672 0.672 0.676 0.679 0.682 0.684 0.685 0.69 0.693 0.699 1.29 1.302 1.302 1.302 1.309 1.31 1.31 1.313 1.314 1.318 1.323 1.33 1.339 1.339 1.339 1.34 1.344 1.353 1.358
2 6.9721 682 0 0 0 0 0 0 0 0 0 0 0 0 0 0 0 0 0 0 0 0 0 0 0 0 0 0 0 0 0 0 0 0 0 0 0 0 0 0 0 0 0 0 0 0.935 0.92 0.915 0.914 0.91 0.909 0.909 0.893 0.891 0.886 0.888 0.882 0.881 0.881 0.881 0.874 0.861 0.857 0.845 0.845 0.845 0.852 0.865 0 0 0 0 0 0 0 0 0 0 0 0 0 0 0 0 0 0 0 0 0 0 0 0 0 0 0 0 0 0 0 0 0 0 0 0 0 0 0 0 0 0 0 0 0 0 0 0 0 0 0 0 0 2.009 2.006 2.006 2.006 2.007 2.012 2.016 2.017 2.018 2.02 2.02 2.035 2.037 2.038 2.039 2.044 2.053 2.054 2.061 2.064 2.069 2.071 2.08 2.088 2.088 2.092 2.096 2.096 2.106 2.127 2.776 2.781 2.795 2.804 2.804 2.795 1.209 1.203 1.202 1.202 1.2 1.196 1.196 1.193 1.196 1.199 1.202 1.203 1.209 1.22 1.227 1.228 0 0 0 0 0 0 0 0 1.073 1.061 1.059 1.058 1.058 1.058 1.064 1.064 1.072 1.072 1.074 1.077 1.09 1.09 1.096 1.103 1.127 1.139 0 0 0 0 0 0 0 0 0 0 0 0 2.713 2.713 2.713 2.72 2.731 2.765 2.777 2.801 2.824 2.835 2.851 2.874 2.881 2.917 2.936 2.948 3.058 0 0 0 0 0 0 0 0 0 0 0 0 0 0 0 0 0 0 0 0 0 0 0 0 0 0 0 0 0 0 0 0 0 0 0 0 0 0 0 0 0 0 0 0 0 0 0 0 0 0 0 0 0 0 0 0 0 0 0 0 0 0 0 0 0 0 0 0 0 0 0 0 0 0 0 0 0 0 0 0 0 0 0 0 0 0 0 0 0 0 0 0 0 0 0 0 0 0 0 0 4.863 4.852 4.849 4.848 4.843 4.83 4.83 4.83 0 0 0 0 4.798 4.797 4.797 4.795 4.791 4.791 4.792 4.792 4.793 4.797 4.797 0 0 0 0 0 0 0 0 0 0 0 0 0 0 0 0 0 0 0 0 0 0 0 0 0 0 0 0 0 0 0 0 0 0 0 0 0 0 0 0 0 0 0 0 0 0 0 0 0 0 0 0 1.244 1.242 1.242 1.244 1.246 1.25 1.25 1.26 1.261 1.261 1.26 1.252 1.243 1.243 1.229 1.214 1.192 1.179 1.158 1.14 1.119 1.098 1.085 1.062 1.058 1.034 1.019 1.001 0.99 0.977 0.964 0.952 0.945 0.942 0.925 0.913 0.903 0.899 0.887 0.873 0.868 0.862 0.862 0.857 0.857 0.857 0.86 0.86 0.862 0.872 0.873 0.873 0.88 0.887 0.888 0.889 0.892 0.901 0.904 0.911 0.918 0.919 0.924 0.926 0.926 0.937 0.941 0.952 0.96 0.962 0.962 0.969 0.974 0.97 0.97 0.97 0.963 0.963 0.963 0.954 0.949 0.933 0.926 0.925 0.922 0.911 0.909 0.901 0.899 0.889 0.884 0.877 0.875 0.868 0.866 0.862 0.851 0.85 0.842 0.839 0.835 0.826 0.825 0.824 0.816 0.815 0.806 0.803 0.795 0.793 0.79 0.79 0.785 0.78 0.777 0.775 0.774 0.766 0.763 0.761 0.755 0.755 0.754 0.751 0.745 0.741 0.739 0.735 0.733 0.733 0.72 0.719 0.716 0.715 0.715 0.706 0.706 0.705 0.705 0.702 0.702 0.697 0.696 0.695 0.688 0.685 0.685 0.678 0.677 0.677 0.677 0.677 0.677 0.675 0.671 0.671 0.669 0.667 0.667 0.667 0.667 0.662 0.663 0.661 0.66 0.66 0.655 0.655 0.657 0.657 0.663 0.663 0.663 0.663 0.663 0.663 0.664 0.664 0.664 0.664 0.664 0.672 0.672 0.674 0.675 0.675 0.676 0.676 0.677 0.677 0.677 0.677 0.681 0.689 0.689 0.688 0.686 0.686 0.686 0.684 0.684 0.688 0.688 0.688 0.691 0.691 0.688 0.688 0.688 0.684 0.683 0.683 0.684 0.683 0.683 0.681 0.68 0.68 0.68 0.676 0.676 0.673 0.667 0.667 0.664 0.663 0.661 0.663 0.663 0.663 0.663 0.663 0.66 0.657 0.657 0.657 0.657 0.657 0.657 0.657 0.658 0.662 0.662 0.661 0.662 0.663 0.666 0.666 0.669 0.669 0.675 0.675 0.675 0.679 0.679 0.681 0.685 0.685 0.69 0.691 0.703 0.703 1.292 1.302 1.302 1.302 1.306 1.309 1.309 1.31 1.31 1.31 1.322 1.325 1.335 1.335 1.336 1.339 1.344 1.351 1.359
2 7.0711 682 0 0 0 0 0 0 0 0 0 0 0 0 0 0 0 0 0 0 0 0 0 0 0 0 0 0 0 0 0 0 0 0 0 0 0 0 0 0 0 0 0 0 0 0.926 0.923 0.912 0.91 0.909 0.908 0.905 0.893 0.884 0.882 0.882 0.881 0.876 0.876 0.875 0.873 0.862 0.854 0.854 0.848 0.848 0.853 0 0 0 0 0 0 0 0 0 0 0 0 0 0 0 0 0 0 0 0 0 0 0 0 0 0 0 0 0 0 0 0 0 0 0 0 0 0 0 0 0 2.643 2.643 2.643 0 0 0 0 0 0 0 0 0 0 2.009 2.002 2.002 2.002 2.008 2.015 2.015 2.015 2.016 2.017 2.024 2.032 2.035 2.04 2.045 2.049 2.05 2.052 2.059 2.063 2.07 2.072 2.081 2.086 2.09 2.094 2.096 2.102 2.11 2.114 2.775 2.796 2.796 2.796 1.199 1.183 1.18 1.177 1.177 1.177 1.174 1.174 1.171 1.171 1.174 1.177 1.177 1.186 1.193 1.198 2.994 0 0 0 0 0 0 0.974 0.949 0.946 0.936 0.924 0.908 0.903 0.903 0.899 0.899 0.903 0.903 0.908 0.91 0.911 0.911 0.913 0.925 0.931 0.96 0 0 0 0 0 0 0 0 0 0 0 0 0 2.709 2.709 2.709 2.718 2.739 2.758 2.784 2.789 2.814 2.828 2.847 2.866 2.892 2.915 2.934 2.955 3.074 0 0 0 0 0 0 0 0 0 0 0 0 0 0 0 0 0 0 0 0 0 0 0 0 0 0 0 0 0 0 0 0 0 0 0 0 0 0 0 0 0 0 0 0 0 0 0 0 0 0 0 0 0 0 0 0 0 0 0 0 0 0 0 0 0 0 0 0 0 0 0 0 0 0 0 0 0 0 0 0 0 0 0 0 0 0 0 0 0 0 0 0 0 0 0 0 0 0 4.863 4.863 4.857 4.856 4.848 4.847 4.835 4.832 4.832 4.832 0 0 0 0 4.798 4.795 4.795 4.795 4.787 4.787 4.785 4.785 4.784 4.791 4.791 0 0 0 0 0 0 0 0 0 0 0 0 0 0 0 0 0 0 0 0 0 0 0 0 0 0 0 0 0 0 0 0 0 0 0 0 0 0 0 0 0 0 0 0 0 0 0 0 0 0 0 0 1.249 1.246 1.241 1.241 1.245 1.245 1.245 1.261 1.261 1.261 1.26 1.255 1.25 1.241 1.221 1.207 1.189 1.168 1.158 1.136 1.11 1.1 1.084 1.071 1.051 1.032 1.019 1.009 0.99 0.982 0.968 0.955 0.952 0.943 0.927 0.912 0.902 0.893 0.882 0.873 0.867 0.867 0.855 0.855 0.855 0.855 0.86 0.862 0.865 0.872 0.873 0.878 0.882 0.884 0.884 0.884 0.891 0.892 0.904 0.908 0.911 0.914 0.924 0.925 0.925 0.925 0.932 0.932 0.956 0.957 0.958 0.973 0.977 0.973 0.973 0.969 0.966 0.966 0.966 0.962 0.953 0.932 0.924 0.915 0.914 0.908 0.907 0.899 0.896 0.888 0.884 0.88 0.869 0.864 0.861 0.859 0.853 0.85 0.843 0.841 0.834 0.831 0.826 0.825 0.817 0.807 0.803 0.798 0.796 0.796 0.795 0.786 0.784 0.781 0.777 0.771 0.771 0.771 0.77 0.759 0.758 0.748 0.747 0.743 0.742 0.739 0.739 0.734 0.727 0.727 0.725 0.722 0.717 0.713 0.711 0.708 0.705 0.704 0.704 0.701 0.701 0.695 0.692 0.69 0.689 0.688 0.682 0.681 0.68 0.681 0.682 0.68 0.68 0.674 0.671 0.67 0.67 0.669 0.669 0.67 0.666 0.661 0.662 0.662 0.659 0.656 0.657 0.657 0.657 0.662 0.662 0.662 0.662 0.662 0.662 0.662 0.664 0.664 0.664 0.67 0.67 0.672 0.672 0.676 0.672 0.677 0.676 0.678 0.679 0.679 0.676 0.684 0.676 0.676 0.686 0.686 0.686 0.686 0.686 0.683 0.683 0.686 0.686 0.686 0.687 0.687 0.684 0.684 0.684 0.684 0.689 0.689 0.689 0.685 0.685 0.684 0.682 0.677 0.681 0.677 0.677 0.673 0.668 0.668 0.667 0.666 0.664 0.664 0.664 0.664 0.664 0.66 0.66 0.658 0.658 0.658 0.658 0.658 0.656 0.66 0.66 0.66 0.66 0.66 0.66 0.661 0.661 0.662 0.664 0.67 0.67 0.671 0.673 0.674 0.679 0.682 0.683 0.687 0.688 0.691 0.702 0.704 1.289 1.302 1.304 1.304 1.306 1.31 1.311 1.311 1.311 1.315 1.327 1.328 1.33 1.33 1.335 1.337 1.345 1.359 1.361
2 7.1721 682 0 0 0 0 0 0 0 0 0 0 0 0 0 0 0 0 0 0 0 0 0 0 0 0 0 0 0 0 0 0 0 0 0 0 0 0 0 0 0 0 0 0 0 0.925 0.92 0.91 0.915 0.91 0.91 0.899 0.892 0.886 0.882 0.88 0.88 0.879 0.878 0.877 0.865 0.855 0.855 0.85 0.845 0.845 0.85 0.86 0 0 0 0 0 0 0 0 0 0 0 0 0 0 0 0 0 0 0 0 0 0 0 0 0 0 0 0 0 0 0 0 0 0 0 0 0 0 0 0 2.658 2.658 2.658 0 0 0 0 0 0 0 0 0 0 2.006 2 2 2 2.01 2.012 2.012 2.017 2.019 2.021 2.023 2.031 2.032 2.04 2.042 2.043 2.048 2.053 2.058 2.061 2.062 2.069 2.076 2.087 2.089 2.092 2.095 2.103 2.11 2.12 2.781 2.793 2.793 2.793 1.126 1.116 1.114 1.113 1.113 1.114 1.114 1.114 1.114 1.118 1.114 1.113 1.112 1.112 1.112 1.129 1.132 1.139 0 0 0 0 0 0 0 0 0 0 0.795 0.787 0.786 0.777 0.776 0.776 0.777 0.776 0.777 0.78 0.78 0.79 0.79 0.79 0.79 0.79 0.797 0.799 0.813 0.825 0 0 0 0 0 0 0 0 2.714 2.714 2.714 2.724 2.742 2.769 2.773 2.801 2.819 2.833 2.856 2.867 2.885 2.923 2.923 2.924 2.958 0 0 0 0 0 0 0 0 0 0 0 0 0 0 0 0 0 0 0 0 0 0 0 0 0 0 0 0 0 0 0 0 0 0 0 0 0 0 0 0 0 0 0 0 0 0 0 0 0 0 0 0 0 0 0 0 0 0 0 0 0 0 0 0 0 0 0 0 0 0 0 0 0 0 0 0 0 0 0 0 0 0 0 0 0 0 0 0 0 0 0 0 0 0 0 0 0 0 0 4.857 4.855 4.854 4.846 4.843 4.834 4.829 4.829 4.829 0 0 0 0 4.802 4.795 4.795 4.792 4.792 4.792 4.795 4.795 4.795 4.796 4.796 0 0 0 0 0 0 0 0 0 0 0 0 0 0 0 0 0 0 0 0 0 0 0 0 0 0 0 0 0 0 0 0 0 0 0 0 0 0 0 0 0 0 0 0 0 0 0 0 0 0 0 0 1.247 1.247 1.247 1.247 1.247 1.247 1.247 1.254 1.262 1.262 1.262 1.252 1.251 1.24 1.232 1.199 1.188 1.18 1.158 1.137 1.116 1.102 1.085 1.064 1.048 1.025 1.02 1.003 0.993 0.974 0.966 0.949 0.945 0.932 0.92 0.918 0.909 0.892 0.889 0.876 0.869 0.865 0.859 0.859 0.855 0.859 0.859 0.86 0.86 0.868 0.876 0.877 0.881 0.884 0.886 0.891 0.893 0.902 0.908 0.913 0.915 0.916 0.918 0.921 0.921 0.927 0.937 0.941 0.951 0.953 0.962 0.97 0.974 0.974 0.974 0.974 0.968 0.968 0.968 0.958 0.946 0.932 0.93 0.926 0.923 0.912 0.91 0.9 0.893 0.889 0.888 0.881 0.878 0.862 0.857 0.853 0.852 0.843 0.842 0.841 0.829 0.826 0.824 0.821 0.817 0.806 0.805 0.802 0.796 0.793 0.79 0.786 0.785 0.785 0.776 0.771 0.768 0.768 0.765 0.763 0.759 0.754 0.75 0.747 0.747 0.741 0.74 0.733 0.731 0.729 0.726 0.724 0.719 0.717 0.716 0.707 0.705 0.704 0.704 0.704 0.703 0.7 0.696 0.695 0.691 0.689 0.685 0.684 0.681 0.681 0.684 0.68 0.68 0.671 0.669 0.668 0.668 0.668 0.664 0.664 0.664 0.661 0.663 0.66 0.66 0.66 0.66 0.66 0.66 0.66 0.662 0.662 0.656 0.66 0.659 0.659 0.66 0.66 0.668 0.673 0.668 0.673 0.673 0.673 0.674 0.675 0.675 0.675 0.678 0.678 0.678 0.681 0.681 0.681 0.682 0.687 0.687 0.687 0.684 0.684 0.684 0.684 0.684 0.685 0.688 0.688 0.688 0.688 0.682 0.682 0.686 0.686 0.686 0.686 0.684 0.682 0.677 0.677 0.677 0.675 0.675 0.675 0.675 0.664 0.664 0.664 0.661 0.661 0.661 0.66 0.66 0.658 0.658 0.658 0.658 0.658 0.658 0.658 0.655 0.657 0.659 0.659 0.66 0.66 0.66 0.66 0.66 0.664 0.667 0.669 0.67 0.67 0.674 0.677 0.681 0.684 0.685 0.687 0.687 0.688 0.692 0.704 1.29 1.301 1.302 1.302 1.311 1.311 1.312 1.312 1.32 1.322 1.33 1.332 1.34 1.338 1.34 1.34 1.342 1.355 1.361
2 7.2711 682 0 0 0 0 0 0 0 0 0 0 0 0 0 0 0 0 0 0 0 0 0 0 0 0 0 0 0 0 0 0 0 0 0 0 0 0 0 0 0 0 0 0 0 0.911 0.91 0.908 0.91 0.908 0.908 0.907 0.896 0.888 0.884 0.879 0.876 0.876 0.876 0.873 0.867 0.861 0.856 0.856 0.848 0.848 0.869 0 0 0 0 0 0 0 0 0 0 0 0 0 0 0 0 0 0 0 0 0 0 0 0 0 0 0 0 0 0 0 0 0 0 0 0 0 0 0 0 0 2.632 2.632 2.632 0 0 0 0 0 0 0 0 0 0 2.009 1.999 1.999 1.999 2.005 2.01 2.013 2.015 2.021 2.022 2.023 2.025 2.033 2.038 2.042 2.043 2.049 2.05 2.058 2.059 2.067 2.071 2.083 2.089 2.089 2.09 2.089 2.089 1.052 1.049 1.043 1.032 1.028 1.019 1.018 1.018 1.012 1.012 1.012 1.013 1.019 1.019 1.019 1.019 1.019 1.02 1.042 2.965 2.965 2.97 2.97 2.973 0 0 0 0 0 0 0 0 0 0 0 0 0 0 0 0 0.733 0.731 0.73 0.729 0.725 0.729 0.724 0.724 0.724 0.724 0.721 0.721 0.721 0.721 0.721 0.721 0.725 0.727 0.728 0.74 2.672 2.684 2.7 2.7 2.7 2.719 2.741 2.764 2.785 2.804 2.819 2.833 2.854 2.875 2.889 2.928 2.942 2.948 0 0 0 0 0 0 0 0 0 0 0 0 0 0 0 0 0 0 0 0 0 0 0 0 0 0 0 0 0 0 0 0 0 0 0 0 0 0 0 0 0 0 0 0 0 0 0 0 0 0 0 0 0 0 0 0 0 0 0 0 0 0 0 0 0 0 0 0 0 0 0 0 0 0 0 0 0 0 0 0 0 0 0 0 0 0 0 0 0 0 0 0 0 0 0 0 0 0 4.875 4.873 4.86 4.858 4.857 4.848 4.841 4.833 4.832 4.832 4.833 0 0 0 0 4.798 4.794 4.793 4.793 4.793 4.793 4.79 4.79 4.793 4.796 4.796 0 0 0 0 0 0 0 0 0 0 0 0 0 0 0 0 0 0 0 0 0 0 0 0 0 0 0 0 0 0 0 0 0 0 0 0 0 0 0 0 0 0 0 0 0 0 0 0 0 0 0 0 1.245 1.245 1.245 1.245 1.247 1.249 1.249 1.258 1.261 1.261 1.261 1.255 1.254 1.232 1.225 1.212 1.191 1.168 1.159 1.129 1.118 1.1 1.076 1.064 1.049 1.034 1.018 1.008 0.991 0.972 0.963 0.954 0.944 0.94 0.93 0.915 0.902 0.89 0.885 0.869 0.867 0.864 0.855 0.851 0.851 0.851 0.852 0.862 0.862 0.867 0.876 0.879 0.879 0.887 0.889 0.889 0.896 0.898 0.899 0.91 0.915 0.918 0.923 0.927 0.927 0.927 0.927 0.936 0.956 0.965 0.966 0.966 0.973 0.973 0.973 0.968 0.964 0.964 0.964 0.964 0.949 0.928 0.927 0.923 0.922 0.918 0.905 0.902 0.896 0.893 0.889 0.88 0.873 0.865 0.864 0.856 0.851 0.848 0.847 0.84 0.838 0.83 0.824 0.821 0.815 0.809 0.8 0.797 0.796 0.796 0.793 0.791 0.79 0.779 0.775 0.775 0.772 0.77 0.761 0.76 0.758 0.748 0.746 0.745 0.745 0.744 0.743 0.737 0.734 0.731 0.729 0.721 0.716 0.715 0.713 0.71 0.707 0.703 0.703 0.703 0.703 0.695 0.693 0.693 0.685 0.685 0.683 0.682 0.682 0.685 0.685 0.685 0.685 0.673 0.671 0.67 0.67 0.666 0.666 0.666 0.662 0.662 0.662 0.663 0.659 0.663 0.658 0.666 0.666 0.666 0.67 0.67 0.662 0.661 0.661 0.661 0.661 0.661 0.663 0.664 0.664 0.669 0.67 0.671 0.674 0.678 0.68 0.678 0.674 0.678 0.678 0.678 0.682 0.685 0.688 0.688 0.688 0.688 0.688 0.688 0.686 0.69 0.69 0.69 0.686 0.686 0.685 0.685 0.685 0.685 0.685 0.685 0.683 0.683 0.68 0.679 0.679 0.679 0.679 0.678 0.678 0.675 0.667 0.667 0.666 0.666 0.66 0.655 0.655 0.655 0.661 0.663 0.666 0.663 0.663 0.66 0.66 0.659 0.659 0.66 0.661 0.661 0.661 0.659 0.659 0.659 0.663 0.67 0.67 0.67 0.67 0.671 0.676 0.678 0.679 0.682 0.686 0.689 0.689 0.69 0.695 0.7 1.293 1.301 1.31 1.31 1.311 1.311 1.316 1.32 1.321 1.321 1.333 1.333 1.333 1.333 1.333 1.333 1.342 1.357 1.358
2 7.3701 682 0 0 0 0 0 0 0 0 0 0 0 0 0 0 0 0 0 0 0 0 0 0 0 0 0 0 0 0 0 0 0 0 0 0 0 0 0 0 0 0 0 0 0 0.928 0.925 0.925 0.909 0.905 0.905 0.905 0.89 0.888 0.885 0.88 0.879 0.879 0.877 0.877 0.873 0.864 0.856 0.856 0.849 0.849 0.863 0 0 0 0 0 0 0 0 0 0 0 0 0 0 0 0 0 0 0 0 0 0 0 0 0 0 0 0 0 0 0 0 0 0 0 0 0 0 0 0 0 2.65 2.65 2.65 0 0 0 0 0 0 0 0 0 0 2.013 2 2 2 2.01 2.01 2.013 2.018 2.019 2.023 2.024 2.031 2.035 2.036 2.038 2.041 2.054 2.057 2.057 2.054 0.946 0.936 0.934 0.931 0.926 0.923 0.915 0.913 0.913 0.913 0.913 0.913 0.911 0.911 0.908 0.897 0.894 0.894 0.897 0.901 0.909 0.912 2.929 2.938 2.938 2.93 2.93 2.939 2.939 2.967 2.973 2.979 0 0 0 0 0 0 0 0 0 0 0 0 0 0 0 0 0 0 0 0 0 0.697 0.692 0.686 0.685 0.683 0.683 0.682 0.679 0.677 0.677 0.679 0.679 0.683 0.684 0.684 0.685 0.687 0.687 0.689 0.693 0.699 2.763 2.788 2.798 2.798 2.821 2.833 2.855 2.863 2.895 2.925 2.935 2.96 3.074 0 0 0 0 0 0 0 0 0 0 0 0 0 0 0 0 0 0 0 0 0 0 0 0 0 0 0 0 0 0 0 0 0 0 0 0 0 0 0 0 0 0 0 0 0 0 0 0 0 0 0 0 0 0 0 0 0 0 0 0 0 0 0 0 0 0 0 0 0 0 0 0 0 0 0 0 0 0 0 0 0 0 0 0 0 0 0 0 0 0 0 0 0 0 0 0 0 4.877 4.863 4.855 4.852 4.85 4.843 4.843 4.843 4.83 4.83 4.83 0 0 0 0 4.799 4.798 4.797 4.796 4.791 4.791 4.789 4.789 4.788 4.794 4.8 0 0 0 0 0 0 0 0 0 0 0 0 0 0 0 0 0 0 0 0 0 0 0 0 0 0 0 0 0 0 0 0 0 0 0 0 0 0 0 0 0 0 0 0 0 0 0 0 0 0 0 0 1.247 1.245 1.245 1.245 1.247 1.249 1.252 1.262 1.263 1.263 1.263 1.26 1.256 1.242 1.223 1.203 1.181 1.176 1.148 1.139 1.109 1.095 1.082 1.068 1.052 1.029 1.025 1.003 0.99 0.977 0.968 0.958 0.952 0.941 0.924 0.915 0.908 0.891 0.891 0.875 0.869 0.869 0.86 0.855 0.855 0.853 0.854 0.854 0.859 0.869 0.869 0.874 0.878 0.889 0.893 0.893 0.893 0.894 0.9 0.91 0.913 0.913 0.918 0.92 0.92 0.93 0.932 0.94 0.948 0.963 0.963 0.97 0.973 0.973 0.973 0.967 0.962 0.962 0.962 0.959 0.947 0.931 0.928 0.925 0.921 0.912 0.907 0.898 0.89 0.889 0.887 0.88 0.873 0.868 0.868 0.854 0.851 0.841 0.841 0.841 0.833 0.833 0.826 0.823 0.815 0.807 0.806 0.8 0.799 0.792 0.792 0.783 0.779 0.775 0.774 0.772 0.771 0.771 0.764 0.761 0.758 0.753 0.745 0.745 0.742 0.739 0.739 0.73 0.729 0.728 0.726 0.722 0.722 0.722 0.719 0.709 0.708 0.707 0.707 0.707 0.703 0.698 0.693 0.688 0.687 0.686 0.683 0.68 0.68 0.681 0.681 0.681 0.681 0.669 0.669 0.666 0.667 0.667 0.667 0.667 0.667 0.663 0.657 0.657 0.656 0.655 0.656 0.657 0.657 0.657 0.658 0.662 0.658 0.659 0.662 0.662 0.668 0.668 0.668 0.67 0.668 0.663 0.668 0.67 0.67 0.673 0.673 0.677 0.677 0.678 0.678 0.681 0.681 0.686 0.687 0.688 0.687 0.687 0.687 0.689 0.685 0.689 0.689 0.687 0.687 0.687 0.686 0.687 0.688 0.688 0.688 0.688 0.683 0.679 0.679 0.679 0.683 0.681 0.681 0.677 0.677 0.674 0.669 0.669 0.671 0.662 0.662 0.664 0.662 0.662 0.662 0.662 0.662 0.662 0.656 0.654 0.656 0.656 0.659 0.659 0.66 0.66 0.659 0.658 0.66 0.663 0.663 0.672 0.672 0.672 0.672 0.674 0.674 0.678 0.681 0.681 0.682 0.683 0.688 0.688 0.699 0.702 1.294 1.294 1.302 1.302 1.31 1.312 1.312 1.313 1.315 1.322 1.323 1.331 1.338 1.337 1.338 1.338 1.346 1.348 1.356
2 7.4691 682 0 0 0 0 0 0 0 0 0 0 0 0 0 0 0 0 0 0 0 0 0 0 0 0 0 0 0 0 0 0 0 0 0 0 0 0 0 0 0 0 0 0 0.922 0.914 0.914 0.913 0.912 0.91 0.91 0.907 0.905 0.884 0.882 0.881 0.877 0.877 0.877 0.874 0.865 0.863 0.861 0.861 0.849 0.849 0.856 0 0 0 0 0 0 0 0 0 0 0 0 0 0 0 0 0 0 0 0 0 0 0 0 0 0 0 0 0 0 0 0 0 0 0 0 0 0 0 0 0 2.641 2.641 2.641 0 0 0 0 0 0 0 0 0 0 2.009 2.006 2.006 2.006 2.006 2.018 2.02 2.02 2.02 2.021 2.022 2.022 2.021 0.795 0.788 0.787 0.768 0.766 0.765 0.764 0.764 0.764 0.764 0.761 0.761 0.761 0.762 0.765 0.765 0.765 0.767 0.768 0.769 0.77 0.77 0.776 0.776 0.776 0.777 0.777 2.882 2.884 2.913 2.913 2.917 2.92 2.925 2.926 2.942 2.954 2.961 2.974 0 0 0 0 0 0 0 0 0 0 0 0 0 0 0 0 0 0 0 0 0 0.661 0.66 0.66 0.661 0.664 0.664 0.664 0.664 0.663 0.658 0.655 0.658 0.655 0.655 0.659 0.663 0.662 0.663 0.664 0.664 0.666 0.668 0.669 0.669 0.67 0.683 2.853 2.858 2.886 2.886 2.92 2.933 2.943 3.071 0 0 0 0 0 0 0 0 0 0 0 0 0 0 0 0 0 0 0 0 0 0 0 0 0 0 0 0 0 0 0 0 0 0 0 0 0 0 0 0 0 0 0 0 0 0 0 0 0 0 0 0 0 0 0 0 0 0 0 0 0 0 0 0 0 0 0 0 0 0 0 0 0 0 0 0 0 0 0 0 0 0 0 0 0 0 0 0 0 0 0 0 0 0 0 0 0 4.868 4.868 4.865 4.854 4.851 4.85 4.842 4.835 4.829 4.829 4.829 0 0 0 0 4.802 4.8 4.796 4.794 4.794 4.794 4.794 4.791 4.794 4.794 4.795 0 0 0 0 0 0 0 0 0 0 0 0 0 0 0 0 0 0 0 0 0 0 0 0 0 0 0 0 0 0 0 0 0 0 0 0 0 0 0 0 0 0 0 0 0 0 0 0 0 0 0 0 1.246 1.244 1.244 1.244 1.246 1.249 1.249 1.261 1.261 1.261 1.26 1.26 1.247 1.244 1.22 1.207 1.192 1.173 1.148 1.132 1.118 1.104 1.083 1.066 1.049 1.028 1.02 1.008 0.987 0.976 0.969 0.962 0.946 0.943 0.923 0.916 0.904 0.897 0.89 0.873 0.869 0.862 0.852 0.852 0.851 0.851 0.854 0.862 0.864 0.876 0.877 0.881 0.885 0.885 0.889 0.889 0.889 0.899 0.901 0.908 0.913 0.915 0.918 0.92 0.92 0.925 0.934 0.934 0.955 0.964 0.965 0.967 0.973 0.973 0.973 0.969 0.969 0.969 0.969 0.956 0.945 0.931 0.928 0.924 0.919 0.912 0.907 0.899 0.893 0.887 0.886 0.881 0.87 0.867 0.861 0.854 0.854 0.848 0.836 0.835 0.829 0.829 0.817 0.816 0.815 0.808 0.798 0.794 0.794 0.794 0.792 0.785 0.783 0.781 0.779 0.77 0.768 0.766 0.764 0.759 0.754 0.753 0.75 0.743 0.742 0.737 0.737 0.737 0.737 0.732 0.725 0.719 0.719 0.716 0.712 0.711 0.705 0.703 0.703 0.703 0.702 0.701 0.698 0.692 0.691 0.691 0.685 0.685 0.682 0.682 0.685 0.681 0.676 0.671 0.669 0.668 0.668 0.668 0.668 0.667 0.664 0.664 0.664 0.66 0.66 0.66 0.656 0.66 0.661 0.656 0.662 0.662 0.657 0.655 0.657 0.657 0.662 0.662 0.662 0.664 0.668 0.668 0.671 0.672 0.677 0.677 0.677 0.677 0.677 0.675 0.675 0.68 0.68 0.68 0.688 0.688 0.691 0.691 0.688 0.686 0.685 0.685 0.685 0.685 0.685 0.681 0.681 0.681 0.681 0.687 0.687 0.684 0.687 0.684 0.682 0.682 0.682 0.679 0.679 0.677 0.677 0.672 0.671 0.67 0.666 0.666 0.664 0.663 0.663 0.663 0.663 0.663 0.663 0.661 0.661 0.661 0.661 0.659 0.659 0.661 0.661 0.661 0.662 0.662 0.664 0.664 0.664 0.664 0.664 0.668 0.676 0.676 0.676 0.676 0.681 0.682 0.683 0.684 0.685 0.689 0.692 0.692 1.294 1.302 1.303 1.303 1.309 1.315 1.315 1.315 1.315 1.315 1.329 1.331 1.339 1.339 1.339 1.34 1.346 1.349 1.358
2 7.5691 682 0 0 0 0 0 0 0 0 0 0 0 0 0 0 0 0 0 0 0 0 0 0 0 0 0 0 0 0 0 0 0 0 0 0 0 0 0 0 0 0 0 0 0.93 0.918 0.921 0.912 0.907 0.9 0.9 0.9 0.898 0.889 0.884 0.878 0.878 0.877 0.877 0.876 0.869 0.862 0.845 0.845 0.844 0.844 0.862 0 0 0 0 0 0 0 0 0 0 0 0 0 0 0 0 0 0 0 0 0 0 0 0 0 0 0 0 0 0 0 0 0 0 0 0 0 0 0 0 0 0 0 0 0 0 0 0 0 0 0 0 0 0 2.007 2 2 2 2.004 2.013 2.015 2.016 2.017 2.021 2.021 2.032 2.033 2.036 2.038 2.04 2.05 2.054 2.06 2.061 2.061 2.061 2.06 0.601 0.596 0.596 0.594 0.593 0.587 0.582 0.582 0.581 0.581 0.579 0.579 0.578 0.578 0.578 0.581 0.581 0.582 0.588 0.59 0.59 0.59 0.59 0.592 0.592 0.594 0.595 0.597 0.597 0.598 0.607 0 0 0 0 0 0 0 0 0 0 0 0 0 0 0 0 0 0 0 0 0 0 0 0 0 0.649 0.649 0.642 0.641 0.642 0.642 0.641 0.641 0.641 0.641 0.64 0.64 0.64 0.64 0.641 0.644 0.644 0.649 0.654 0.654 0.655 0.655 0.654 0.654 0.666 2.957 2.991 3.072 0 0 0 0 0 0 0 0 0 0 0 0 0 0 0 0 0 0 0 0 0 0 0 0 0 0 0 0 0 0 0 0 0 0 0 0 0 0 0 0 0 0 0 0 0 0 0 0 0 0 0 0 0 0 0 0 0 0 0 0 0 0 0 0 0 0 0 0 0 0 0 0 0 0 0 0 0 0 0 0 0 0 0 0 0 0 0 0 0 0 0 0 0 0 0 0 0 0 0 0 4.863 4.859 4.859 4.838 4.832 4.823 4.823 4.823 0 0 0 0 4.798 4.798 4.798 4.798 4.798 4.793 4.793 4.788 4.79 4.79 4.794 0 0 0 0 0 0 0 0 0 0 0 0 0 0 0 0 0 0 0 0 0 0 0 0 0 0 0 0 0 0 0 0 0 0 0 0 0 0 0 0 0 0 0 0 0 0 0 0 0 0 0 0 1.244 1.244 1.244 1.243 1.244 1.244 1.255 1.258 1.258 1.258 1.258 1.256 1.256 1.241 1.212 1.202 1.186 1.173 1.148 1.144 1.114 1.096 1.084 1.068 1.051 1.025 1.015 1 0.987 0.976 0.975 0.954 0.949 0.94 0.934 0.912 0.905 0.893 0.882 0.87 0.864 0.861 0.853 0.853 0.853 0.853 0.854 0.857 0.857 0.863 0.876 0.877 0.879 0.881 0.881 0.885 0.887 0.898 0.903 0.913 0.919 0.92 0.92 0.928 0.928 0.931 0.931 0.932 0.947 0.958 0.965 0.969 0.972 0.972 0.972 0.972 0.964 0.964 0.964 0.964 0.949 0.927 0.925 0.92 0.914 0.903 0.902 0.892 0.889 0.887 0.885 0.879 0.869 0.868 0.864 0.856 0.849 0.848 0.844 0.83 0.829 0.826 0.825 0.822 0.812 0.808 0.805 0.803 0.802 0.795 0.79 0.786 0.784 0.778 0.77 0.768 0.767 0.767 0.762 0.759 0.757 0.751 0.75 0.749 0.748 0.739 0.732 0.73 0.729 0.728 0.726 0.722 0.716 0.715 0.712 0.709 0.707 0.705 0.705 0.704 0.704 0.691 0.69 0.69 0.69 0.685 0.684 0.678 0.678 0.678 0.682 0.682 0.682 0.672 0.671 0.671 0.671 0.668 0.667 0.664 0.66 0.66 0.659 0.658 0.657 0.658 0.658 0.659 0.659 0.661 0.662 0.662 0.661 0.661 0.661 0.661 0.666 0.666 0.666 0.664 0.664 0.664 0.67 0.671 0.673 0.674 0.674 0.674 0.674 0.68 0.676 0.68 0.68 0.68 0.685 0.686 0.686 0.686 0.686 0.685 0.683 0.685 0.685 0.685 0.682 0.687 0.682 0.681 0.681 0.682 0.681 0.682 0.686 0.686 0.682 0.682 0.68 0.68 0.68 0.68 0.68 0.668 0.666 0.666 0.664 0.664 0.662 0.662 0.662 0.663 0.662 0.662 0.662 0.661 0.657 0.658 0.657 0.657 0.657 0.658 0.659 0.659 0.659 0.659 0.659 0.659 0.666 0.667 0.668 0.668 0.668 0.668 0.668 0.679 0.681 0.683 0.685 0.686 0.691 0.691 0.691 0.7 1.293 1.296 1.303 1.303 1.307 1.307 1.31 1.313 1.314 1.316 1.318 1.324 1.33 1.33 1.337 1.341 1.344 1.353 1.356
2 7.6691 682 0 0 0 0 0 0 0 0 0 0 0 0 0 0 0 0 0 0 0 0 0 0 0 0 0 0 0 0 0 0 0 0 0 0 0 0 0 0 0 0 0 0.934 0.922 0.921 0.921 0.921 0.918 0.915 0.913 0.904 0.892 0.89 0.876 0.875 0.875 0.875 0.875 0.875 0.87 0.855 0.854 0.854 0.852 0.852 0.859 0 0 0 0 0 0 0 0 0 0 0 0 0 0 0 0 0 0 0 0 0 0 0 0 0 0 0 0 0 0 0 0 0 0 0 0 0 0 0 0 0 2.65 2.65 2.65 0 0 0 0 0 0 0 0 0 0 2.01 2.005 2.005 2 2.005 2.012 2.016 2.018 2.02 2.021 2.023 2.026 2.034 2.034 2.035 2.038 2.043 2.057 2.058 2.061 2.067 2.069 2.079 2.079 2.08 2.087 2.088 2.099 2.104 2.122 2.778 2.796 2.804 2.805 2.818 2.822 2.829 2.833 2.837 2.852 2.865 2.871 2.887 2.91 2.92 2.923 2.923 2.929 2.962 2.962 3.045 3.079 0 0 0 0 0 0 0 0 0 0 0 0 0 0 0 0 0 0 0 0 0 0 0 0 0 0 0 0 0 0 0 0 0 0 0 0.456 0.456 0.455 0.455 0.456 0.458 0.461 0.461 0.468 0.468 0.47 0.471 0.472 0.474 0.477 0.477 0.477 0.511 0.64 0.64 0.643 0.649 0.693 0 0 0 0 0 0 0 0 0 0 0 0 0 0 0 0 0 0 0 0 0 0 0 0 0 0 0 0 0 0 0 0 0 0 0 0 0 0 0 0 0 0 0 0 0 0 0 0 0 0 0 0 0 0 0 0 0 0 0 0 0 0 0 0 0 0 0 0 0 0 0 0 0 0 0 0 0 0 0 0 0 0 0 0 0 0 0 0 0 0 0 0 0 0 0 0 4.875 4.869 4.862 4.849 4.847 4.843 4.834 4.834 4.834 0 0 0 0 4.796 4.794 4.794 4.794 4.788 4.788 4.79 4.79 4.79 4.794 4.798 0 0 0 0 0 0 0 0 0 0 0 0 0 0 0 0 0 0 0 0 0 0 0 0 0 0 0 0 0 0 0 0 0 0 0 0 0 0 0 0 0 0 0 0 0 0 0 0 0 0 0 0 1.249 1.246 1.246 1.246 1.246 1.246 1.254 1.262 1.264 1.264 1.264 1.264 1.246 1.237 1.221 1.202 1.184 1.174 1.153 1.136 1.121 1.095 1.083 1.064 1.052 1.029 1.02 1.008 0.994 0.975 0.964 0.959 0.948 0.94 0.931 0.915 0.905 0.891 0.885 0.872 0.866 0.859 0.85 0.849 0.849 0.85 0.855 0.862 0.862 0.864 0.867 0.877 0.878 0.885 0.888 0.89 0.891 0.898 0.902 0.904 0.907 0.913 0.92 0.923 0.923 0.925 0.93 0.937 0.946 0.955 0.958 0.97 0.97 0.972 0.972 0.969 0.963 0.963 0.963 0.958 0.947 0.927 0.922 0.922 0.921 0.91 0.9 0.894 0.893 0.888 0.885 0.884 0.872 0.868 0.861 0.853 0.852 0.843 0.839 0.834 0.831 0.827 0.821 0.82 0.816 0.808 0.805 0.802 0.793 0.788 0.788 0.787 0.786 0.782 0.78 0.768 0.765 0.765 0.76 0.757 0.755 0.755 0.753 0.752 0.752 0.737 0.736 0.735 0.733 0.729 0.727 0.721 0.72 0.72 0.719 0.708 0.704 0.7 0.699 0.699 0.699 0.698 0.697 0.695 0.695 0.683 0.681 0.68 0.678 0.678 0.681 0.678 0.678 0.672 0.67 0.664 0.664 0.663 0.664 0.664 0.664 0.661 0.664 0.664 0.664 0.664 0.664 0.664 0.662 0.662 0.662 0.662 0.662 0.662 0.663 0.656 0.662 0.659 0.659 0.659 0.662 0.664 0.669 0.67 0.671 0.674 0.674 0.676 0.676 0.679 0.679 0.68 0.68 0.687 0.687 0.687 0.683 0.689 0.685 0.685 0.684 0.685 0.684 0.684 0.681 0.681 0.681 0.681 0.681 0.681 0.685 0.685 0.685 0.681 0.681 0.677 0.677 0.676 0.676 0.676 0.676 0.674 0.672 0.666 0.662 0.666 0.662 0.662 0.662 0.661 0.661 0.661 0.662 0.661 0.661 0.657 0.657 0.657 0.656 0.657 0.659 0.659 0.659 0.659 0.659 0.659 0.662 0.664 0.67 0.67 0.671 0.671 0.671 0.673 0.677 0.68 0.682 0.682 0.686 0.689 0.695 0.702 1.29 1.298 1.303 1.303 1.304 1.309 1.311 1.311 1.315 1.318 1.328 1.33 1.333 1.333 1.336 1.337 1.345 1.354 1.358
2 7.7681 682 0 0 0 0 0 0 0 0 0 0 0 0 0 0 0 0 0 0 0 0 0 0 0 0 0 0 0 0 0 0 0 0 0 0 0 0 0 0 0 0 0 0 0.937 0.924 0.919 0.909 0.909 0.905 0.902 0.902 0.888 0.888 0.884 0.884 0.88 0.88 0.88 0.876 0.869 0.865 0.861 0.861 0.852 0.852 0.861 0 0 0 0 0 0 0 0 0 0 0 0 0 0 0 0 0 0 0 0 0 0 0 0 0 0 0 0 0 0 0 0 0 0 0 0 0 0 0 0 0 0 0 0 0 0 0 0 0 0 0 0 0 0 2.014 2.003 2.003 2.003 2.006 2.01 2.012 2.013 2.016 2.018 2.025 2.026 2.034 2.035 2.038 2.038 2.052 2.053 2.06 2.06 2.071 2.071 2.082 2.082 2.084 2.088 2.093 2.094 2.112 2.122 2.787 2.798 2.803 2.804 2.82 2.823 2.828 2.84 2.853 2.854 2.858 2.866 2.87 2.92 2.92 2.926 2.929 2.93 2.943 2.943 2.968 2.968 0 0 0 0 0 0 0 0 0 0 0 0 0 0 0 0 0 0 0 0 0 0 0 0 0 0 0 0 0 0 0 0 0 0 0 0 0 0 0.643 0.642 0.634 0.628 0.618 0.618 0.621 0.628 0.621 0.621 0.528 0.467 0.459 0.452 0.452 0.45 0.45 0.448 0.448 0.448 0.446 0.446 0.44 0.44 0.436 0.434 0.433 0.433 0.433 0.433 0.433 0.433 0.433 0.433 0.435 0.437 0.438 0.44 0.438 0.439 0.439 0.438 0.438 0.438 0.438 0.441 0 0 0 0 0 0 0 0 0 0 0 0 0 0 0 0 0 0 0 0 0 0 0 0 0.477 0.474 0.472 0.472 0.474 0.474 0 0 0 0 0 0 0 0 0 0 0 0 0 0 0 0 0 0 0 0 0 0 0 0 0 0 0 0 0 0 0 0 0 0 0 0 0 0 4.867 4.866 4.865 4.858 4.85 4.848 4.843 4.842 4.834 4.834 4.834 0 0 0 0 4.799 4.799 4.798 4.798 4.79 4.79 4.79 4.79 4.795 4.798 4.798 0 0 0 0 0 0 0 0 0 0 0 0 0 0 0 0 0 0 0 0 0 0 0 0 0 0 0 0 0 0 0 0 0 0 0 0 0 0 0 0 0 0 0 0 0 0 0 0 0 0 0 0 1.246 1.246 1.246 1.247 1.25 1.252 1.253 1.264 1.267 1.267 1.267 1.256 1.247 1.234 1.219 1.211 1.185 1.177 1.148 1.143 1.119 1.096 1.085 1.063 1.051 1.025 1.018 0.999 0.987 0.972 0.97 0.948 0.945 0.938 0.922 0.911 0.907 0.889 0.888 0.875 0.868 0.865 0.855 0.855 0.852 0.852 0.855 0.863 0.865 0.869 0.869 0.878 0.88 0.885 0.889 0.891 0.892 0.897 0.9 0.909 0.911 0.916 0.919 0.923 0.923 0.927 0.93 0.935 0.944 0.953 0.967 0.967 0.968 0.968 0.968 0.966 0.963 0.963 0.963 0.958 0.951 0.921 0.92 0.918 0.915 0.909 0.901 0.897 0.897 0.892 0.882 0.88 0.875 0.869 0.863 0.854 0.849 0.847 0.842 0.838 0.831 0.825 0.824 0.823 0.816 0.808 0.803 0.802 0.794 0.792 0.787 0.787 0.786 0.785 0.776 0.776 0.775 0.766 0.762 0.759 0.755 0.752 0.75 0.747 0.744 0.741 0.739 0.733 0.73 0.726 0.723 0.722 0.722 0.722 0.716 0.708 0.706 0.702 0.7 0.7 0.7 0.698 0.692 0.69 0.689 0.686 0.681 0.681 0.68 0.68 0.681 0.681 0.677 0.672 0.67 0.67 0.669 0.667 0.667 0.669 0.662 0.661 0.661 0.661 0.661 0.657 0.657 0.657 0.66 0.66 0.662 0.662 0.66 0.656 0.656 0.656 0.664 0.664 0.667 0.664 0.667 0.667 0.667 0.674 0.674 0.674 0.676 0.676 0.675 0.676 0.68 0.681 0.68 0.685 0.687 0.687 0.687 0.687 0.685 0.685 0.684 0.684 0.684 0.684 0.684 0.684 0.684 0.684 0.684 0.685 0.685 0.685 0.685 0.683 0.68 0.68 0.679 0.679 0.676 0.676 0.676 0.672 0.67 0.664 0.662 0.662 0.662 0.662 0.66 0.662 0.66 0.66 0.663 0.663 0.662 0.663 0.662 0.659 0.659 0.659 0.659 0.66 0.661 0.661 0.662 0.661 0.661 0.662 0.664 0.667 0.67 0.673 0.674 0.676 0.678 0.683 0.685 0.685 0.687 0.687 0.698 0.699 1.295 1.301 1.306 1.306 1.31 1.31 1.31 1.31 1.31 1.31 1.324 1.335 1.337 1.335 1.337 1.34 1.348 1.354 1.359
2 7.8681 682 0 0 0 0 0 0 0 0 0 0 0 0 0 0 0 0 0 0 0 0 0 0 0 0 0 0 0 0 0 0 0 0 0 0 0 0 0 0 0 0 0 0 0.924 0.919 0.918 0.911 0.909 0.909 0.905 0.901 0.893 0.885 0.877 0.877 0.877 0.876 0.876 0.876 0.869 0.861 0.849 0.848 0.849 0.849 0.851 0.863 0 0 0 0 0 0 0 0 0 0 0 0 0 0 0 0 0 0 0 0 0 0 0 0 0 0 0 0 0 0 0 0 0 0 0 0 0 0 0 0 2.649 2.649 2.649 0 0 0 0 0 0 0 0 0 0 2.008 2.007 2.004 2.004 2.005 2.005 2.019 2.019 2.019 2.019 2.019 2.033 2.034 2.034 2.036 2.042 2.054 2.056 2.059 2.064 2.066 2.068 2.082 2.083 2.089 2.09 2.092 2.1 2.113 2.124 2.771 2.8 2.802 2.802 2.817 2.82 2.823 2.837 2.841 2.853 2.86 2.873 2.885 2.919 2.921 2.921 2.925 2.927 2.944 2.959 2.965 2.969 0 0 0 0 0 0 0 0 0 0 0 0 0 0 0 0 0 0 0 0 0 0 0 0 0 0 0 0 0 0 0 0 0 0 0 0 0 0 0 2.702 2.68 0.698 0.666 0.659 0.641 0.639 0.634 0.632 0.61 0.61 0.61 0.612 0.612 0.612 0.612 0.612 0.612 0.614 0.615 0.617 0.617 0.617 0.618 0.618 0.622 0.623 0.625 0.629 0.632 0.634 0 0 0 0 0 0 0 0 0 0 0 0 0 0 0 0 0 0 0 0 0 0 0 0 0 0 0 0 0 0 0 0 0 0 0 0 0 0 0 0 0 0 0 0 0 0 0 0 0 0 0 0 0 0 0 0 0 0 0 0 0 0 0 0 0 0 0 0 0 0 0 0 0 0 0 0.528 0.528 0.528 0.528 0.531 0.537 0.541 0.543 0.558 4.854 4.854 4.854 4.854 4.845 4.845 4.837 4.837 4.837 0 0 0 0 4.8 4.799 4.796 4.795 4.795 4.795 4.795 4.795 4.795 4.796 4.796 0 0 0 0 0 0 0 0 0 0 0 0 0 0 0 0 0 0 0 0 0 0 0 0 0 0 0 0 0 0 0 0 0 0 0 0 0 0 0 0 0 0 0 0 0 0 0 0 0 0 0 0 1.249 1.24 1.24 1.24 1.249 1.249 1.25 1.263 1.263 1.263 1.256 1.254 1.252 1.241 1.221 1.211 1.189 1.176 1.15 1.135 1.108 1.107 1.089 1.065 1.047 1.025 1.02 1.004 0.99 0.975 0.968 0.952 0.946 0.945 0.928 0.912 0.904 0.896 0.887 0.873 0.872 0.861 0.855 0.85 0.85 0.854 0.855 0.856 0.86 0.867 0.877 0.88 0.881 0.882 0.885 0.891 0.892 0.905 0.905 0.908 0.915 0.915 0.918 0.923 0.923 0.925 0.928 0.935 0.948 0.958 0.959 0.964 0.969 0.969 0.969 0.967 0.957 0.957 0.957 0.955 0.951 0.927 0.921 0.92 0.919 0.907 0.907 0.897 0.896 0.882 0.882 0.88 0.872 0.864 0.859 0.859 0.852 0.844 0.842 0.837 0.833 0.831 0.829 0.823 0.816 0.803 0.801 0.798 0.797 0.796 0.786 0.786 0.785 0.785 0.774 0.774 0.772 0.771 0.767 0.762 0.753 0.75 0.746 0.743 0.741 0.739 0.733 0.731 0.729 0.727 0.726 0.725 0.72 0.717 0.715 0.709 0.709 0.705 0.705 0.704 0.702 0.701 0.697 0.692 0.683 0.682 0.682 0.681 0.681 0.681 0.685 0.685 0.685 0.676 0.671 0.67 0.669 0.667 0.667 0.667 0.662 0.662 0.662 0.662 0.658 0.658 0.656 0.656 0.656 0.659 0.662 0.662 0.66 0.66 0.66 0.66 0.661 0.661 0.67 0.671 0.671 0.671 0.671 0.671 0.671 0.675 0.675 0.676 0.675 0.675 0.675 0.681 0.68 0.684 0.689 0.688 0.688 0.688 0.686 0.685 0.685 0.685 0.684 0.685 0.685 0.685 0.685 0.685 0.685 0.684 0.687 0.684 0.684 0.684 0.683 0.678 0.678 0.678 0.675 0.674 0.674 0.672 0.67 0.664 0.66 0.66 0.66 0.662 0.662 0.663 0.663 0.663 0.662 0.66 0.66 0.658 0.658 0.658 0.658 0.658 0.66 0.662 0.662 0.662 0.663 0.664 0.664 0.667 0.667 0.668 0.67 0.67 0.672 0.673 0.674 0.681 0.685 0.685 0.685 0.685 0.7 0.706 1.296 1.298 1.303 1.303 1.303 1.304 1.306 1.309 1.323 1.324 1.33 1.332 1.336 1.336 1.337 1.34 1.349 1.351 1.354
2 7.9681 682 0 0 0 0 0 0 0 0 0 0 0 0 0 0 0 0 0 0 0 0 0 0 0 0 0 0 0 0 0 0 0 0 0 0 0 0 0 0 0 0 0 0 0 0.926 0.915 0.913 0.909 0.905 0.905 0.901 0.893 0.887 0.877 0.877 0.875 0.875 0.875 0.874 0.869 0.865 0.85 0.85 0.85 0.85 0.853 0.86 0 0 0 0 0 0 0 0 0 0 0 0 0 0 0 0 0 0 0 0 0 0 0 0 0 0 0 0 0 0 0 0 0 0 0 0 0 0 0 0 2.637 2.637 2.637 0 0 0 0 0 0 0 0 0 0 2.012 2.002 2.002 2.002 2.003 2.008 2.015 2.017 2.02 2.023 2.023 2.031 2.034 2.04 2.041 2.049 2.055 2.057 2.059 2.064 2.064 2.075 2.082 2.086 2.087 2.093 2.095 2.103 2.105 2.122 2.777 2.796 2.804 2.81 2.813 2.82 2.83 2.84 2.845 2.848 2.864 2.869 2.885 2.91 2.918 2.925 2.925 2.925 2.94 2.966 2.968 2.976 0 0 0 0 0 0 0 0 0 0 0 0 0 0 0 0 0 0 0 0 0 0 0 0 0 0 0 0 0 0 0 0 0 0 0 0 0 0 2.706 2.706 2.706 2.723 2.731 2.761 2.772 2.813 2.819 2.84 2.852 2.883 2.883 2.883 0.626 0.626 0.626 0 0 0 0 0 0 0 0 0 0 0 0.6 0.6 0.6 0.595 0.595 0.596 0.596 0.6 0.601 0.606 0.607 0.607 0.61 0.611 0.615 0.615 0.617 0.622 0 0 0 0 0 0 0 0 0 0 0 0 0 0 0 0 0 0 0 0 0 0 0 0 0 0 0 0 0 0 0 0 0 0 0 0 0 0 0 0 0 0 0 0 0 0 0 0 0 0 0 0 0 0 0 0 0 0 0 0 0 0 0 0 0 0 0 0 0.616 0.614 0.612 0.61 0.609 0.607 0.604 0.602 0.6 0.6 0.6 0.6 0.6 0.6 0.597 0.596 0.597 0.598 0.598 0.606 0.606 0.606 0.609 0.61 4.799 0 0 0 0 0 0 0 0 0 0 0 0 0 0 0 0 0 0 0 0 0 0 0 0 0 0 0 0 0 0 0 0 0 0 0 0 0 0 0 0 0 0 0 0 0 0 0 0 0 0 0 0 0 1.252 1.251 1.251 1.251 1.251 1.251 1.254 1.255 1.26 1.26 1.26 1.256 1.247 1.242 1.225 1.206 1.183 1.173 1.156 1.139 1.118 1.098 1.091 1.065 1.056 1.025 1.016 1.007 0.987 0.98 0.967 0.955 0.953 0.937 0.933 0.922 0.91 0.889 0.886 0.874 0.867 0.862 0.859 0.856 0.856 0.856 0.856 0.861 0.864 0.865 0.868 0.874 0.881 0.881 0.884 0.89 0.892 0.903 0.903 0.911 0.911 0.914 0.921 0.922 0.922 0.93 0.932 0.937 0.944 0.952 0.963 0.973 0.975 0.975 0.973 0.97 0.968 0.968 0.968 0.963 0.954 0.927 0.924 0.923 0.921 0.908 0.905 0.894 0.892 0.891 0.887 0.877 0.87 0.868 0.855 0.855 0.853 0.848 0.847 0.844 0.834 0.827 0.821 0.818 0.813 0.809 0.801 0.801 0.798 0.794 0.786 0.785 0.784 0.783 0.775 0.775 0.771 0.77 0.762 0.762 0.759 0.752 0.749 0.746 0.744 0.743 0.74 0.734 0.733 0.731 0.728 0.727 0.724 0.723 0.716 0.708 0.707 0.706 0.705 0.702 0.702 0.695 0.695 0.692 0.691 0.689 0.683 0.682 0.682 0.682 0.688 0.688 0.688 0.674 0.671 0.666 0.671 0.666 0.666 0.666 0.664 0.663 0.66 0.66 0.66 0.66 0.659 0.663 0.655 0.655 0.661 0.662 0.661 0.661 0.657 0.657 0.657 0.659 0.66 0.671 0.672 0.672 0.674 0.674 0.674 0.676 0.676 0.676 0.676 0.677 0.677 0.681 0.681 0.685 0.685 0.685 0.684 0.684 0.684 0.685 0.685 0.686 0.686 0.69 0.686 0.685 0.685 0.685 0.685 0.687 0.687 0.686 0.686 0.686 0.682 0.682 0.681 0.681 0.681 0.67 0.67 0.67 0.664 0.664 0.664 0.664 0.664 0.664 0.664 0.666 0.664 0.668 0.668 0.666 0.659 0.659 0.659 0.659 0.658 0.657 0.657 0.657 0.657 0.657 0.661 0.663 0.663 0.668 0.669 0.671 0.671 0.671 0.672 0.677 0.678 0.681 0.681 0.684 0.688 0.688 0.691 0.695 1.295 1.296 1.303 1.303 1.309 1.313 1.318 1.318 1.318 1.323 1.329 1.329 1.33 1.33 1.33 1.338 1.342 1.351 1.362
2 8.0671 682 0 0 0 0 0 0 0 0 0 0 0 0 0 0 0 0 0 0 0 0 0 0 0 0 0 0 0 0 0 0 0 0 0 0 0 0 0 0 0 0 0 0 0 0.919 0.919 0.918 0.914 0.91 0.91 0.903 0.892 0.889 0.877 0.877 0.877 0.875 0.874 0.874 0.867 0.864 0.859 0.859 0.853 0.853 0.864 0 0 0 0 0 0 0 0 0 0 0 0 0 0 0 0 0 0 0 0 0 0 0 0 0 0 0 0 0 0 0 0 0 0 0 0 0 0 0 0 0 0 0 0 0 0 0 0 0 0 0 0 0 0 2.016 2.008 2.008 2.001 2.008 2.01 2.013 2.015 2.016 2.022 2.027 2.035 2.035 2.042 2.043 2.048 2.05 2.054 2.061 2.062 2.068 2.073 2.08 2.08 2.09 2.092 2.094 2.104 2.106 2.12 2.785 2.796 2.797 2.808 2.811 2.826 2.826 2.846 2.848 2.848 2.865 2.871 2.89 2.915 2.918 2.919 2.924 2.924 2.941 2.958 2.966 2.968 0 0 0 0 0 0 0 0 0 0 0 0 0 0 0 0 0 0 0 0 0 0 0 0 0 0 0 0 0 0 0 0 0 0 0 0 0 0 2.704 2.704 2.704 2.72 2.737 2.77 2.77 2.798 2.814 2.837 2.854 2.864 2.884 2.924 2.931 2.955 3.081 0 0 0 0 0 0 0 0 0 0 0 0 0 0 0 0 0 0 0 0 0 0 0 0 0 0 0 0 0 0 0 0 0 0.613 0.613 0.613 0.614 0.615 0.617 0.617 0.623 0.623 0.623 0.62 0.626 0.632 0 0 0 0 0 0 0 0 0 0 0 0 0 0 0 0 0 0 0 0 0 0 0 0 0 0 0 0 0 0 0 0 0 0 0 0 0 0 0 0 0 0 0 0 0 0 0 0 0 0 0 4.867 4.867 4.864 4.864 4.867 4.847 4.822 0.696 0.681 0.681 0.675 0.663 0.663 0.663 0.663 0.66 0.66 0.66 0.66 0.66 0.658 0.658 0.657 0.654 0.654 0.653 0.654 0.652 0.654 0.652 0.654 0.655 0.664 0.673 0 0 0 0 0 0 0 0 0 0 0 0 0 0 0 0 0 0 0 0 0 0 0 0 0 0 0 0 0 0 0 0 0 0 0 0 0 0 0 0 0 0 0 0 1.26 1.243 1.243 1.245 1.256 1.256 1.258 1.262 1.262 1.262 1.262 1.256 1.25 1.243 1.22 1.208 1.182 1.17 1.157 1.134 1.117 1.095 1.086 1.065 1.053 1.028 1.019 1.012 0.986 0.978 0.973 0.962 0.946 0.943 0.931 0.914 0.908 0.89 0.887 0.874 0.865 0.863 0.855 0.854 0.852 0.854 0.855 0.856 0.859 0.867 0.869 0.873 0.881 0.892 0.892 0.892 0.901 0.901 0.903 0.905 0.907 0.915 0.919 0.923 0.923 0.934 0.937 0.938 0.958 0.958 0.959 0.967 0.97 0.974 0.974 0.97 0.96 0.96 0.96 0.96 0.949 0.932 0.93 0.922 0.912 0.912 0.909 0.901 0.898 0.885 0.878 0.877 0.877 0.868 0.865 0.862 0.853 0.852 0.848 0.831 0.831 0.829 0.824 0.823 0.816 0.812 0.797 0.797 0.796 0.796 0.793 0.792 0.781 0.781 0.779 0.775 0.766 0.766 0.765 0.755 0.751 0.751 0.75 0.748 0.747 0.741 0.741 0.74 0.74 0.728 0.727 0.725 0.724 0.719 0.712 0.707 0.707 0.705 0.705 0.705 0.704 0.696 0.695 0.695 0.693 0.682 0.679 0.679 0.679 0.679 0.681 0.681 0.681 0.674 0.673 0.67 0.67 0.667 0.667 0.662 0.664 0.664 0.662 0.661 0.662 0.66 0.66 0.66 0.663 0.658 0.663 0.666 0.663 0.661 0.663 0.663 0.661 0.661 0.661 0.661 0.661 0.661 0.673 0.673 0.673 0.674 0.675 0.674 0.675 0.675 0.675 0.676 0.678 0.682 0.683 0.689 0.689 0.689 0.689 0.687 0.686 0.686 0.685 0.686 0.684 0.684 0.684 0.685 0.685 0.685 0.685 0.685 0.685 0.685 0.685 0.68 0.679 0.679 0.679 0.678 0.678 0.676 0.67 0.666 0.664 0.664 0.659 0.659 0.659 0.659 0.662 0.662 0.662 0.661 0.658 0.658 0.658 0.658 0.66 0.661 0.663 0.666 0.663 0.661 0.663 0.663 0.663 0.664 0.667 0.668 0.669 0.669 0.674 0.674 0.677 0.684 0.686 0.687 0.688 0.693 0.696 0.697 1.29 1.296 1.298 1.298 1.311 1.311 1.318 1.318 1.318 1.33 1.331 1.332 1.337 1.337 1.337 1.34 1.341 1.355 1.356
2 8.1671 682 0 0 0 0 0 0 0 0 0 0 0 0 0 0 0 0 0 0 0 0 0 0 0 0 0 0 0 0 0 0 0 0 0 0 0 0 0 0 0 0 0 0 0 0.93 0.913 0.913 0.915 0.913 0.91 0.91 0.894 0.884 0.882 0.882 0.884 0.882 0.882 0.879 0.873 0.859 0.856 0.856 0.854 0.856 0.866 0 0 0 0 0 0 0 0 0 0 0 0 0 0 0 0 0 0 0 0 0 0 0 0 0 0 0 0 0 0 0 0 0 0 0 0 0 0 0 0 0 0 0 0 0 0 0 0 0 0 0 0 0 0 2.014 2.005 2.005 2.005 2.006 2.007 2.01 2.019 2.021 2.021 2.027 2.031 2.035 2.037 2.047 2.049 2.053 2.063 2.064 2.067 2.074 2.075 2.078 2.079 2.089 2.093 2.096 2.103 2.106 2.128 2.787 2.798 2.8 2.808 2.814 2.823 2.833 2.841 2.842 2.861 2.863 2.873 2.891 2.912 2.919 2.924 2.925 2.928 2.945 2.957 2.968 2.977 0 0 0 0 0 0 0 0 0 0 0 0 0 0 0 0 0 0 0 0 0 0 0 0 0 0 0 0 0 0 0 0 0 0 0 0 0 0 2.711 2.711 2.711 2.716 2.74 2.751 2.782 2.801 2.814 2.842 2.861 2.861 2.889 2.924 2.938 2.955 0 0 0 0 0 0 0 0 0 0 0 0 0 0 0 0 0 0 0 0 0 0 0 0 0 0 0 0 0 0 0 0 0 0 0 0 0 0 0 0 0 0 0 0 0 0 0 0 0 0 0 0 0 0 0 0 0 0 0 0 0 0.668 0.662 0.662 0.668 0 0 0 0 0 0 0 0 0 0 0 0 0 0 0 0 0 0 0 0 0 0 0 0 0 0 0 0 0 0 0 0 0 4.878 4.874 4.863 4.858 4.857 4.846 4.846 4.842 4.828 4.828 4.828 0 0 0 0 0.722 0.688 0.685 0.685 0.685 0.685 0.683 0.682 0.682 0.682 0.682 0.678 0.677 0.677 0.678 0.685 0.685 0.685 0.669 0.669 0.669 0.687 0.691 0 0 0 0 0 0 0 0 0 0 0 0 0 0 0 0 0 0 0 0 0 0 0 0 0 0 0 0 0 0 0 0 0 0 0 0 0 0 0 0 1.249 1.245 1.245 1.245 1.249 1.25 1.251 1.258 1.267 1.267 1.267 1.253 1.253 1.24 1.233 1.214 1.19 1.182 1.157 1.139 1.119 1.1 1.084 1.062 1.046 1.029 1.023 1.005 0.99 0.978 0.965 0.955 0.952 0.942 0.926 0.914 0.911 0.894 0.885 0.875 0.87 0.864 0.862 0.854 0.854 0.856 0.862 0.863 0.867 0.87 0.873 0.878 0.879 0.886 0.891 0.891 0.898 0.898 0.905 0.911 0.911 0.918 0.919 0.93 0.93 0.931 0.931 0.942 0.955 0.957 0.964 0.97 0.979 0.979 0.979 0.972 0.964 0.964 0.964 0.958 0.951 0.93 0.925 0.924 0.919 0.909 0.907 0.896 0.887 0.886 0.885 0.88 0.868 0.868 0.857 0.854 0.848 0.847 0.843 0.84 0.84 0.833 0.829 0.818 0.818 0.812 0.807 0.801 0.8 0.799 0.795 0.792 0.784 0.784 0.78 0.772 0.771 0.771 0.761 0.76 0.759 0.751 0.746 0.745 0.744 0.736 0.736 0.735 0.735 0.73 0.727 0.725 0.724 0.714 0.711 0.709 0.706 0.705 0.705 0.705 0.704 0.698 0.695 0.69 0.689 0.688 0.686 0.678 0.678 0.678 0.688 0.688 0.688 0.67 0.669 0.669 0.669 0.669 0.667 0.667 0.667 0.661 0.661 0.661 0.658 0.658 0.658 0.658 0.658 0.66 0.666 0.666 0.66 0.66 0.66 0.66 0.66 0.664 0.664 0.664 0.664 0.667 0.67 0.678 0.678 0.678 0.678 0.677 0.677 0.677 0.677 0.682 0.682 0.682 0.685 0.688 0.688 0.688 0.688 0.688 0.684 0.688 0.688 0.688 0.688 0.688 0.684 0.684 0.684 0.684 0.684 0.684 0.684 0.684 0.684 0.677 0.677 0.677 0.677 0.68 0.68 0.677 0.673 0.673 0.672 0.669 0.671 0.671 0.668 0.668 0.668 0.668 0.661 0.661 0.659 0.659 0.659 0.659 0.658 0.658 0.663 0.663 0.659 0.66 0.666 0.664 0.664 0.664 0.667 0.669 0.67 0.673 0.676 0.676 0.68 0.682 0.687 0.687 0.688 0.689 0.692 0.703 1.296 1.302 1.307 1.307 1.31 1.31 1.315 1.315 1.318 1.319 1.331 1.331 1.333 1.332 1.333 1.337 1.345 1.354 1.361
2 8.2661 682 0 0 0 0 0 0 0 0 0 0 0 0 0 0 0 0 0 0 0 0 0 0 0 0 0 0 0 0 0 0 0 0 0 0 0 0 0 0 0 0 0 0 0 0 0.923 0.923 0.923 0.91 0.908 0.904 0.9 0.898 0.887 0.882 0.88 0.88 0.878 0.878 0.87 0.86 0.859 0.859 0.855 0.855 0.86 0 0 0 0 0 0 0 0 0 0 0 0 0 0 0 0 0 0 0 0 0 0 0 0 0 0 0 0 0 0 0 0 0 0 0 0 0 0 0 0 0 0 0 0 0 0 0 0 0 0 0 0 0 0 2.012 2.001 2.001 2.001 2.007 2.012 2.014 2.017 2.02 2.024 2.025 2.034 2.036 2.037 2.047 2.048 2.055 2.055 2.056 2.062 2.063 2.066 2.08 2.082 2.086 2.094 2.095 2.1 2.105 2.118 2.782 2.791 2.8 2.804 2.809 2.821 2.823 2.842 2.842 2.852 2.869 2.871 2.879 2.919 2.919 2.927 2.93 2.93 2.935 2.964 2.969 2.97 0 0 0 0 0 0 0 0 0 0 0 0 0 0 0 0 0 0 0 0 0 0 0 0 0 0 0 0 0 0 0 0 0 0 0 0 0 0 2.704 2.704 2.704 2.715 2.746 2.762 2.779 2.796 2.816 2.841 2.86 2.867 2.888 2.924 2.924 2.952 0 0 0 0 0 0 0 0 0 0 0 0 0 0 0 0 0 0 0 0 0 0 0 0 0 0 0 0 0 0 0 0 0 0 0 0 0 0 0 0 0 0 0 0 0 0 0 0 0 0 0 0 0 0 0 0 0 0 0 0 0 0 0 0 0 0 0 0 0 0 0 0 0 0 0 0 0 0 0 0 0 0 0.721 0.721 0.721 0.725 0.728 0.728 0.728 0.729 0 0 0 0 0 0 0 0 0 0 4.862 4.86 4.858 4.857 4.851 4.834 4.831 4.831 4.831 0 0 0 0 0.761 0.753 0.75 0.749 0.729 0.729 0.704 0.704 0.7 0.702 0.7 0.702 0.7 0.702 0.701 0.701 0.701 0.701 0.7 0.7 0.699 0.693 0.693 0.702 0.702 0.703 0 0 0 0 0 0 0 0 0 0 0 0 0 0 0 0 0 0 0 0 0 0 0 0 0 0 0 0 0 0 0 0 0 0 0 0 0 1.254 1.244 1.244 1.244 1.251 1.251 1.256 1.263 1.263 1.263 1.263 1.258 1.254 1.241 1.221 1.205 1.192 1.18 1.147 1.132 1.114 1.09 1.087 1.063 1.049 1.029 1.022 1.007 0.997 0.984 0.967 0.949 0.944 0.936 0.931 0.921 0.904 0.892 0.885 0.879 0.868 0.865 0.854 0.854 0.854 0.861 0.861 0.864 0.864 0.869 0.876 0.878 0.884 0.885 0.889 0.889 0.892 0.905 0.908 0.911 0.912 0.916 0.919 0.921 0.921 0.931 0.937 0.938 0.954 0.956 0.959 0.972 0.972 0.97 0.97 0.968 0.967 0.967 0.967 0.967 0.956 0.928 0.925 0.923 0.914 0.914 0.912 0.899 0.889 0.888 0.881 0.878 0.877 0.876 0.861 0.86 0.851 0.848 0.843 0.839 0.831 0.828 0.826 0.825 0.822 0.81 0.808 0.803 0.8 0.795 0.791 0.791 0.788 0.785 0.777 0.776 0.765 0.768 0.761 0.76 0.755 0.754 0.749 0.747 0.746 0.741 0.74 0.737 0.733 0.731 0.73 0.726 0.726 0.72 0.719 0.711 0.711 0.705 0.705 0.705 0.705 0.699 0.696 0.696 0.696 0.685 0.685 0.684 0.683 0.684 0.684 0.683 0.683 0.672 0.672 0.669 0.666 0.664 0.666 0.666 0.664 0.664 0.661 0.66 0.659 0.659 0.659 0.659 0.66 0.669 0.669 0.669 0.663 0.661 0.661 0.661 0.663 0.663 0.663 0.663 0.667 0.663 0.667 0.669 0.673 0.673 0.674 0.679 0.68 0.682 0.683 0.684 0.684 0.684 0.687 0.693 0.693 0.693 0.693 0.691 0.685 0.685 0.685 0.685 0.691 0.691 0.683 0.683 0.683 0.683 0.685 0.685 0.686 0.685 0.685 0.683 0.681 0.681 0.681 0.677 0.677 0.674 0.67 0.669 0.669 0.669 0.663 0.664 0.663 0.663 0.66 0.664 0.661 0.661 0.66 0.659 0.659 0.659 0.659 0.659 0.659 0.662 0.662 0.662 0.662 0.662 0.662 0.668 0.669 0.671 0.673 0.673 0.677 0.679 0.681 0.683 0.683 0.685 0.686 0.687 0.693 0.698 1.29 1.301 1.303 1.303 1.311 1.312 1.312 1.312 1.315 1.327 1.327 1.327 1.331 1.331 1.336 1.338 1.341 1.349 1.359
2 8.3661 682 0 0 0 0 0 0 0 0 0 0 0 0 0 0 0 0 0 0 0 0 0 0 0 0 0 0 0 0 0 0 0 0 0 0 0 0 0 0 0 0 0 0 0 0.918 0.916 0.915 0.91 0.908 0.905 0.904 0.902 0.899 0.88 0.88 0.88 0.88 0.88 0.878 0.872 0.861 0.857 0.857 0.85 0.85 0.86 0 0 0 0 0 0 0 0 0 0 0 0 0 0 0 0 0 0 0 0 0 0 0 0 0 0 0 0 0 0 0 0 0 0 0 0 0 0 0 0 0 0 0 0 0 0 0 0 0 0 0 0 0 0 2.009 2.003 2.003 2.003 2.006 2.012 2.014 2.018 2.02 2.021 2.026 2.033 2.034 2.038 2.041 2.047 2.054 2.059 2.062 2.062 2.064 2.071 2.081 2.082 2.092 2.097 2.098 2.098 2.101 2.121 2.789 2.792 2.803 2.803 2.82 2.823 2.829 2.841 2.852 2.853 2.869 2.87 2.88 2.919 2.919 2.921 2.932 2.932 2.944 2.958 2.966 2.973 0 0 0 0 0 0 0 0 0 0 0 0 0 0 0 0 0 0 0 0 0 0 0 0 0 0 0 0 0 0 0 0 0 0 0 0 0 0 2.71 2.71 2.71 2.716 2.731 2.76 2.788 2.803 2.815 2.832 2.85 2.864 2.892 2.917 2.931 2.956 0 0 0 0 0 0 0 0 0 0 0 0 0 0 0 0 0 0 0 0 0 0 0 0 0 0 0 0 0 0 0 0 0 0 0 0 0 0 0 0 0 0 0 0 0 0 0 0 0 0 0 0 0 0 0 0 0 0 0 0 0 0 0 0 0 0 0 0 0 0 0 0 0 0 0 0 0 0 0 0 0 0 0 0 0 0 0 0 0 0 0 0 0 0 0 0 0.824 0.817 0.817 0.817 0.818 0.826 0.83 0.83 0.836 0.839 0.84 0.84 0.85 0 0 0 0 4.795 4.765 0.776 0.769 0.768 0.768 0.753 0.752 0.741 0.722 0.716 0.716 0.716 0.716 0.716 0.716 0.714 0.713 0.712 0.712 0.713 0.719 0.719 0.719 0.719 0.716 0.716 0.719 0 0 0 0 0 0 0 0 0 0 0 0 0 0 0 0 0 0 0 0 0 0 0 0 0 0 0 0 0 0 0 0 0 0 0 1.254 1.25 1.246 1.246 1.246 1.246 1.256 1.268 1.268 1.268 1.259 1.253 1.25 1.242 1.223 1.201 1.191 1.172 1.145 1.132 1.118 1.1 1.082 1.058 1.054 1.027 1.024 1.007 0.988 0.98 0.969 0.958 0.948 0.941 0.93 0.919 0.911 0.894 0.89 0.88 0.869 0.866 0.851 0.851 0.851 0.853 0.861 0.862 0.865 0.872 0.873 0.882 0.882 0.885 0.888 0.89 0.897 0.899 0.903 0.909 0.912 0.924 0.925 0.927 0.927 0.93 0.933 0.933 0.949 0.954 0.968 0.969 0.97 0.974 0.974 0.974 0.96 0.96 0.96 0.958 0.953 0.932 0.926 0.922 0.92 0.912 0.909 0.897 0.896 0.886 0.879 0.877 0.875 0.869 0.854 0.854 0.85 0.843 0.841 0.838 0.833 0.833 0.829 0.825 0.823 0.811 0.807 0.801 0.799 0.796 0.794 0.788 0.787 0.787 0.781 0.774 0.771 0.769 0.767 0.763 0.757 0.754 0.748 0.746 0.743 0.739 0.737 0.733 0.73 0.727 0.727 0.725 0.723 0.721 0.719 0.708 0.701 0.701 0.701 0.701 0.701 0.696 0.693 0.691 0.689 0.688 0.688 0.683 0.682 0.682 0.683 0.682 0.679 0.677 0.673 0.672 0.672 0.672 0.669 0.669 0.661 0.659 0.663 0.663 0.66 0.66 0.66 0.66 0.66 0.661 0.667 0.667 0.661 0.661 0.661 0.661 0.663 0.663 0.663 0.663 0.67 0.673 0.673 0.673 0.675 0.675 0.678 0.68 0.681 0.682 0.682 0.683 0.683 0.684 0.687 0.687 0.686 0.686 0.686 0.686 0.688 0.688 0.688 0.688 0.688 0.684 0.684 0.684 0.682 0.682 0.687 0.682 0.682 0.678 0.678 0.678 0.678 0.678 0.678 0.678 0.678 0.676 0.673 0.669 0.669 0.671 0.666 0.666 0.663 0.663 0.662 0.661 0.662 0.661 0.661 0.661 0.661 0.658 0.657 0.657 0.658 0.662 0.662 0.662 0.662 0.662 0.663 0.666 0.672 0.672 0.674 0.673 0.673 0.677 0.679 0.679 0.682 0.682 0.689 0.689 0.692 0.706 1.293 1.295 1.312 1.312 1.312 1.312 1.312 1.314 1.319 1.327 1.333 1.335 1.335 1.335 1.336 1.338 1.349 1.356 1.362
2 8.4661 682 0 0 0 0 0 0 0 0 0 0 0 0 0 0 0 0 0 0 0 0 0 0 0 0 0 0 0 0 0 0 0 0 0 0 0 0 0 0 0 0 0 0 0.93 0.923 0.923 0.92 0.92 0.902 0.9 0.896 0.894 0.887 0.881 0.881 0.879 0.88 0.88 0.88 0.876 0.857 0.857 0.857 0.851 0.851 0.864 0 0 0 0 0 0 0 0 0 0 0 0 0 0 0 0 0 0 0 0 0 0 0 0 0 0 0 0 0 0 0 0 0 0 0 0 0 0 0 0 0 0 0 0 0 0 0 0 0 0 0 0 0 0 2.018 2.007 2.003 2.003 2.007 2.015 2.015 2.016 2.017 2.019 2.021 2.025 2.036 2.037 2.042 2.045 2.055 2.057 2.062 2.063 2.068 2.077 2.087 2.088 2.088 2.089 2.094 2.104 2.116 2.116 2.775 2.799 2.803 2.809 2.812 2.83 2.833 2.835 2.858 2.86 2.861 2.875 2.884 2.917 2.918 2.918 2.929 2.929 2.943 2.96 2.971 2.976 0 0 0 0 0 0 0 0 0 0 0 0 0 0 0 0 0 0 0 0 0 0 0 0 0 0 0 0 0 0 0 0 0 0 0 0 0 0 2.699 2.699 2.699 2.718 2.745 2.765 2.787 2.798 2.819 2.832 2.858 2.881 2.889 2.934 2.937 2.952 3.058 0 0 0 0 0 0 0 0 0 0 0 0 0 0 0 0 0 0 0 0 0 0 0 0 0 0 0 0 0 0 0 0 0 0 0 0 0 0 0 0 0 0 0 0 0 0 0 0 0 0 0 0 0 0 0 0 0 0 0 0 0 0 0 0 0 0 0 0 0 0 0 0 0 0 0 0 0 0 0 0 0 0 0 0 0 0 0 0 0 0 0 0 0 0 0 0 0 0.93 0.927 0.927 0.927 0.927 0.926 0.926 0.932 0.932 0.932 0.938 0.938 0.941 0.942 0.955 0.964 0.97 0.97 0.97 0.794 0.793 0.787 0.786 0.779 0.774 0.768 0.764 0.745 0.745 0.745 0.742 0.744 0.744 0.743 0.743 0.744 0.744 0.748 0.748 0.748 0.748 0.739 0.739 0.739 0 0 0 0 0 0 0 0 0 0 0 0 0 0 0 0 0 0 0 0 0 0 0 0 0 0 0 0 0 0 0 0 0 0 1.251 1.247 1.247 1.251 1.254 1.256 1.256 1.262 1.264 1.264 1.264 1.252 1.25 1.246 1.228 1.209 1.182 1.182 1.164 1.141 1.118 1.099 1.085 1.066 1.047 1.028 1.024 1.009 0.993 0.974 0.969 0.952 0.946 0.94 0.926 0.918 0.908 0.891 0.884 0.88 0.869 0.868 0.854 0.854 0.854 0.856 0.859 0.863 0.863 0.875 0.878 0.879 0.879 0.891 0.891 0.891 0.892 0.903 0.904 0.914 0.918 0.918 0.923 0.925 0.925 0.93 0.933 0.933 0.953 0.957 0.968 0.968 0.97 0.972 0.972 0.972 0.966 0.966 0.966 0.959 0.953 0.935 0.935 0.93 0.924 0.909 0.903 0.9 0.889 0.887 0.887 0.882 0.878 0.874 0.863 0.863 0.852 0.851 0.841 0.84 0.834 0.83 0.829 0.825 0.823 0.814 0.805 0.799 0.797 0.794 0.791 0.783 0.783 0.781 0.774 0.772 0.769 0.769 0.763 0.763 0.76 0.759 0.748 0.742 0.742 0.742 0.737 0.734 0.731 0.731 0.73 0.729 0.719 0.716 0.715 0.714 0.712 0.706 0.706 0.704 0.704 0.696 0.695 0.691 0.691 0.688 0.684 0.684 0.682 0.682 0.684 0.684 0.677 0.674 0.67 0.67 0.67 0.67 0.666 0.667 0.661 0.661 0.661 0.662 0.661 0.662 0.662 0.667 0.667 0.667 0.669 0.669 0.667 0.661 0.661 0.661 0.661 0.661 0.666 0.667 0.667 0.669 0.672 0.673 0.673 0.68 0.68 0.68 0.682 0.68 0.68 0.68 0.681 0.681 0.687 0.69 0.691 0.691 0.691 0.691 0.689 0.689 0.686 0.686 0.687 0.687 0.687 0.687 0.685 0.685 0.685 0.684 0.684 0.683 0.682 0.68 0.679 0.679 0.679 0.678 0.676 0.675 0.674 0.67 0.67 0.67 0.666 0.666 0.666 0.663 0.663 0.659 0.659 0.659 0.658 0.658 0.66 0.66 0.66 0.66 0.663 0.663 0.661 0.661 0.661 0.661 0.663 0.667 0.668 0.669 0.669 0.669 0.672 0.678 0.678 0.683 0.685 0.687 0.688 0.688 0.693 0.698 1.295 1.297 1.304 1.304 1.311 1.311 1.313 1.313 1.315 1.315 1.335 1.335 1.337 1.336 1.337 1.338 1.348 1.354 1.361
2 8.5651 682 0 0 0 0 0 0 0 0 0 0 0 0 0 0 0 0 0 0 0 0 0 0 0 0 0 0 0 0 0 0 0 0 0 0 0 0 0 0 0 0 0 0 0.928 0.923 0.923 0.918 0.915 0.913 0.904 0.897 0.889 0.888 0.882 0.882 0.88 0.88 0.88 0.879 0.878 0.86 0.859 0.859 0.851 0.851 0.851 0 0 0 0 0 0 0 0 0 0 0 0 0 0 0 0 0 0 0 0 0 0 0 0 0 0 0 0 0 0 0 0 0 0 0 0 0 0 0 0 0 0 0 0 0 0 0 0 0 0 0 0 0 0 2.013 2.005 2.005 2.005 2.012 2.014 2.015 2.017 2.017 2.022 2.022 2.037 2.037 2.037 2.038 2.039 2.058 2.058 2.06 2.061 2.068 2.072 2.081 2.084 2.091 2.096 2.098 2.105 2.111 2.121 2.781 2.784 2.799 2.803 2.806 2.826 2.831 2.841 2.851 2.856 2.868 2.884 2.886 2.923 2.924 2.924 2.927 2.933 2.941 2.954 2.975 2.977 0 0 0 0 0 0 0 0 0 0 0 0 0 0 0 0 0 0 0 0 0 0 0 0 0 0 0 0 0 0 0 0 0 0 0 0 0 0 2.707 2.707 2.707 2.723 2.741 2.764 2.786 2.8 2.807 2.838 2.853 2.866 2.892 2.924 2.924 2.936 2.955 0 0 0 0 0 0 0 0 0 0 0 0 0 0 0 0 0 0 0 0 0 0 0 0 0 0 0 0 0 0 0 0 0 0 0 0 0 0 0 0 0 0 0 0 0 0 0 0 0 0 0 0 0 0 0 0 0 0 0 0 0 0 0 0 0 0 0 0 0 0 0 0 0 0 0 0 0 0 0 0 0 0 0 0 0 0 0 0 0 0 0 0 0 0 0 0 0 4.87 4.869 4.802 1.156 1.125 1.112 1.111 1.111 1.111 1.113 1.123 1.125 1.127 1.13 1.139 1.149 1.166 1.17 1.17 1.17 0.847 0.84 0.839 0.838 0.826 0.818 0.797 0.788 0.788 0.791 0.791 0.791 0.791 0.791 0.791 0.791 0.795 0.797 0.797 0.797 0.795 0.797 0.797 0 0 0 0 0 0 0 0 0 0 0 0 0 0 0 0 0 0 0 0 0 0 0 0 0 0 0 0 0 0 0 0 0 0 0 1.256 1.249 1.249 1.249 1.249 1.249 1.251 1.264 1.264 1.264 1.264 1.263 1.252 1.243 1.226 1.212 1.183 1.18 1.162 1.136 1.112 1.098 1.092 1.067 1.049 1.035 1.023 1.005 0.997 0.975 0.974 0.953 0.946 0.936 0.918 0.918 0.909 0.892 0.887 0.874 0.868 0.866 0.852 0.852 0.851 0.852 0.852 0.855 0.859 0.868 0.879 0.88 0.884 0.889 0.889 0.889 0.889 0.897 0.9 0.913 0.913 0.919 0.925 0.928 0.928 0.927 0.935 0.938 0.955 0.957 0.965 0.974 0.974 0.974 0.974 0.973 0.963 0.963 0.963 0.959 0.952 0.933 0.932 0.927 0.924 0.912 0.907 0.897 0.891 0.888 0.887 0.88 0.875 0.869 0.863 0.855 0.852 0.849 0.841 0.838 0.831 0.831 0.826 0.825 0.824 0.809 0.801 0.801 0.799 0.792 0.788 0.786 0.783 0.783 0.781 0.771 0.769 0.768 0.764 0.761 0.758 0.758 0.754 0.748 0.746 0.745 0.74 0.739 0.735 0.727 0.726 0.724 0.723 0.719 0.719 0.71 0.71 0.708 0.707 0.706 0.705 0.702 0.697 0.695 0.693 0.692 0.691 0.686 0.684 0.684 0.686 0.683 0.683 0.672 0.672 0.672 0.671 0.671 0.671 0.671 0.661 0.661 0.663 0.663 0.663 0.663 0.662 0.662 0.666 0.664 0.664 0.664 0.663 0.662 0.662 0.663 0.663 0.663 0.669 0.67 0.673 0.674 0.674 0.675 0.676 0.677 0.678 0.679 0.682 0.682 0.682 0.682 0.682 0.682 0.689 0.689 0.689 0.689 0.687 0.686 0.686 0.686 0.685 0.685 0.689 0.689 0.685 0.689 0.688 0.687 0.688 0.688 0.688 0.687 0.685 0.679 0.679 0.679 0.679 0.679 0.679 0.679 0.674 0.663 0.661 0.661 0.661 0.661 0.661 0.666 0.666 0.666 0.666 0.662 0.659 0.659 0.659 0.657 0.657 0.657 0.66 0.662 0.662 0.662 0.662 0.662 0.67 0.67 0.67 0.67 0.67 0.672 0.679 0.679 0.679 0.681 0.685 0.685 0.688 0.691 0.699 0.699 1.281 1.298 1.309 1.309 1.31 1.31 1.31 1.316 1.32 1.321 1.329 1.333 1.336 1.336 1.339 1.34 1.342 1.355 1.364
2 8.6651 682 0 0 0 0 0 0 0 0 0 0 0 0 0 0 0 0 0 0 0 0 0 0 0 0 0 0 0 0 0 0 0 0 0 0 0 0 0 0 0 0 0 0 0 0 0.921 0.916 0.915 0.912 0.912 0.903 0.889 0.884 0.884 0.88 0.88 0.88 0.88 0.879 0.879 0.86 0.854 0.854 0.85 0.854 0.861 0 0 0 0 0 0 0 0 0 0 0 0 0 0 0 0 0 0 0 0 0 0 0 0 0 0 0 0 0 0 0 0 0 0 0 0 0 0 0 0 0 2.651 2.651 2.651 0 0 0 0 0 0 0 0 0 0 2.014 2.004 2.004 2.004 2.006 2.012 2.018 2.018 2.019 2.021 2.023 2.031 2.036 2.037 2.039 2.053 2.054 2.057 2.067 2.067 2.068 2.075 2.079 2.084 2.087 2.09 2.098 2.106 2.106 2.123 2.785 2.794 2.797 2.808 2.82 2.831 2.834 2.84 2.841 2.865 2.867 2.873 2.874 2.924 2.924 2.93 2.932 2.94 2.94 2.949 2.958 2.976 0 0 0 0 0 0 0 0 0 0 0 0 0 0 0 0 0 0 0 0 0 0 0 0 0 0 0 0 0 0 0 0 0 0 0 0 0 0 2.698 2.698 2.698 2.717 2.736 2.763 2.781 2.797 2.812 2.841 2.854 2.862 2.879 2.93 2.936 2.948 3.071 0 0 0 0 0 0 0 0 0 0 0 0 0 0 0 0 0 0 0 0 0 0 0 0 0 0 0 0 0 0 0 0 0 0 0 0 0 0 0 0 0 0 0 0 0 0 0 0 0 0 0 0 0 0 0 0 0 0 0 0 0 0 0 0 0 0 0 0 0 0 0 0 0 0 0 0 0 0 0 0 0 0 0 0 0 0 0 0 0 0 0 0 0 0 0 0 0 4.878 4.87 4.865 4.87 4.854 4.845 1.272 1.255 1.237 1.237 1.237 1.276 1.279 1.287 1.287 1.287 1.296 1.297 1.301 1.314 4.723 4.723 4.723 0.958 0.944 0.944 0.944 0.94 0.938 0.927 0.919 0.912 0.891 0.891 0.891 0.9 0.9 0.902 0.911 0.911 0.911 0.903 0.903 0.903 0.92 0 0 0 0 0 0 0 0 0 0 0 0 0 0 0 0 0 0 0 0 0 0 0 0 0 0 0 0 0 0 0 0 0 1.25 1.247 1.247 1.247 1.25 1.25 1.251 1.258 1.258 1.258 1.26 1.258 1.25 1.237 1.224 1.211 1.189 1.18 1.155 1.143 1.121 1.094 1.089 1.062 1.052 1.029 1.023 1.007 0.991 0.975 0.969 0.952 0.951 0.948 0.92 0.916 0.905 0.89 0.887 0.881 0.879 0.866 0.862 0.855 0.853 0.855 0.862 0.863 0.864 0.872 0.873 0.88 0.884 0.888 0.892 0.893 0.897 0.898 0.9 0.908 0.919 0.92 0.922 0.923 0.923 0.925 0.93 0.937 0.954 0.957 0.959 0.972 0.975 0.975 0.975 0.969 0.96 0.96 0.96 0.958 0.958 0.931 0.922 0.919 0.919 0.913 0.907 0.893 0.893 0.89 0.89 0.886 0.874 0.872 0.865 0.857 0.851 0.844 0.842 0.841 0.834 0.831 0.823 0.823 0.818 0.813 0.805 0.801 0.799 0.798 0.795 0.787 0.785 0.781 0.775 0.774 0.77 0.77 0.766 0.76 0.758 0.757 0.752 0.743 0.741 0.741 0.741 0.735 0.734 0.733 0.731 0.717 0.717 0.715 0.71 0.709 0.707 0.706 0.706 0.703 0.7 0.699 0.693 0.692 0.69 0.689 0.683 0.682 0.682 0.683 0.686 0.686 0.686 0.675 0.672 0.67 0.67 0.669 0.667 0.666 0.666 0.666 0.663 0.663 0.663 0.663 0.663 0.663 0.658 0.658 0.664 0.664 0.662 0.662 0.662 0.662 0.667 0.667 0.667 0.668 0.675 0.675 0.675 0.675 0.675 0.677 0.677 0.678 0.678 0.678 0.678 0.68 0.68 0.683 0.686 0.688 0.688 0.688 0.688 0.687 0.682 0.687 0.687 0.687 0.689 0.689 0.689 0.689 0.684 0.684 0.687 0.684 0.684 0.684 0.683 0.679 0.679 0.679 0.679 0.678 0.678 0.673 0.673 0.672 0.669 0.662 0.662 0.663 0.663 0.663 0.663 0.663 0.663 0.663 0.66 0.66 0.659 0.659 0.658 0.659 0.659 0.661 0.661 0.664 0.666 0.666 0.667 0.667 0.668 0.668 0.676 0.676 0.676 0.677 0.681 0.684 0.686 0.688 0.692 0.692 0.697 0.702 1.295 1.307 1.307 1.307 1.312 1.316 1.316 1.318 1.318 1.324 1.331 1.337 1.338 1.337 1.337 1.337 1.339 1.358 1.358
2 8.7641 682 0 0 0 0 0 0 0 0 0 0 0 0 0 0 0 0 0 0 0 0 0 0 0 0 0 0 0 0 0 0 0 0 0 0 0 0 0 0 0 0 0 0.921 0.918 0.916 0.916 0.912 0.912 0.911 0.901 0.9 0.899 0.891 0.886 0.886 0.882 0.879 0.879 0.876 0.869 0.862 0.855 0.855 0.854 0.854 0.867 0 0 0 0 0 0 0 0 0 0 0 0 0 0 0 0 0 0 0 0 0 0 0 0 0 0 0 0 0 0 0 0 0 0 0 0 0 0 0 0 0 2.652 2.652 2.652 0 0 0 0 0 0 0 0 0 0 2.014 2.004 2.004 2.004 2.008 2.012 2.013 2.016 2.02 2.022 2.025 2.031 2.036 2.038 2.043 2.044 2.05 2.056 2.063 2.063 2.064 2.064 2.084 2.088 2.088 2.092 2.096 2.101 2.105 2.118 2.78 2.793 2.802 2.811 2.819 2.828 2.835 2.842 2.85 2.86 2.863 2.878 2.881 2.914 2.924 2.932 2.936 2.936 2.951 2.958 2.971 2.972 0 0 0 0 0 0 0 0 0 0 0 0 0 0 0 0 0 0 0 0 0 0 0 0 0 0 0 0 0 0 0 0 0 0 0 0 0 0 2.71 2.71 2.71 2.726 2.739 2.766 2.778 2.798 2.817 2.829 2.852 2.869 2.892 2.915 2.94 2.951 3.071 0 0 0 0 0 0 0 0 0 0 0 0 0 0 0 0 0 0 0 0 0 0 0 0 0 0 0 0 0 0 0 0 0 0 0 0 0 0 0 0 0 0 0 0 0 0 0 0 0 0 0 0 0 0 0 0 0 0 0 0 0 0 0 0 0 0 0 0 0 0 0 0 0 0 0 0 0 0 0 0 0 0 0 0 0 0 0 0 0 0 0 0 0 0 0 0 0 0 0 4.863 4.858 4.858 4.858 4.852 1.354 1.348 1.348 1.346 1.346 1.359 1.362 1.367 1.373 1.373 1.381 1.377 1.381 1.381 4.789 4.791 4.791 4.792 4.791 4.783 1.067 1.062 1.056 1.052 1.052 1.051 1.048 1.043 1.027 1.015 1.013 1.013 1.013 1.013 1.014 1.018 1.026 1.034 0 0 0 0 0 0 0 0 0 0 0 0 0 0 0 0 0 0 0 0 0 0 0 0 0 0 0 0 0 0 0 0 0 1.252 1.252 1.25 1.25 1.251 1.251 1.251 1.262 1.262 1.262 1.26 1.253 1.249 1.24 1.232 1.207 1.188 1.177 1.156 1.137 1.116 1.105 1.085 1.066 1.052 1.028 1.017 1.001 0.993 0.982 0.97 0.962 0.949 0.94 0.931 0.919 0.902 0.892 0.888 0.872 0.869 0.863 0.857 0.852 0.852 0.852 0.86 0.861 0.876 0.874 0.876 0.878 0.884 0.886 0.886 0.894 0.896 0.902 0.903 0.915 0.918 0.921 0.926 0.932 0.932 0.932 0.932 0.932 0.948 0.959 0.965 0.967 0.972 0.973 0.973 0.972 0.965 0.965 0.965 0.962 0.952 0.937 0.93 0.926 0.921 0.911 0.908 0.898 0.893 0.888 0.887 0.875 0.872 0.87 0.869 0.863 0.852 0.85 0.847 0.84 0.834 0.83 0.829 0.825 0.823 0.813 0.811 0.805 0.8 0.793 0.788 0.787 0.787 0.78 0.777 0.776 0.771 0.765 0.765 0.764 0.757 0.753 0.747 0.746 0.742 0.741 0.741 0.739 0.735 0.731 0.726 0.724 0.722 0.72 0.714 0.705 0.705 0.702 0.702 0.702 0.697 0.697 0.693 0.693 0.692 0.689 0.686 0.682 0.682 0.682 0.682 0.682 0.682 0.676 0.672 0.669 0.669 0.669 0.667 0.667 0.664 0.661 0.664 0.664 0.664 0.664 0.664 0.666 0.663 0.663 0.664 0.664 0.663 0.662 0.662 0.662 0.666 0.666 0.666 0.666 0.667 0.667 0.674 0.678 0.678 0.679 0.681 0.68 0.68 0.682 0.685 0.687 0.687 0.687 0.687 0.688 0.688 0.688 0.688 0.686 0.686 0.686 0.686 0.686 0.687 0.689 0.69 0.69 0.689 0.688 0.687 0.683 0.685 0.683 0.683 0.683 0.685 0.685 0.685 0.685 0.685 0.679 0.672 0.672 0.664 0.664 0.664 0.664 0.664 0.663 0.66 0.66 0.66 0.66 0.658 0.657 0.657 0.657 0.657 0.66 0.664 0.664 0.664 0.664 0.666 0.666 0.667 0.668 0.668 0.668 0.669 0.675 0.675 0.678 0.68 0.682 0.683 0.685 0.686 0.687 0.692 0.701 1.296 1.298 1.303 1.303 1.31 1.313 1.318 1.318 1.319 1.32 1.333 1.333 1.336 1.336 1.339 1.341 1.345 1.351 1.361
2 8.8641 682 0 0 0 0 0 0 0 0 0 0 0 0 0 0 0 0 0 0 0 0 0 0 0 0 0 0 0 0 0 0 0 0 0 0 0 0 0 0 0 0 0 0 0.927 0.925 0.914 0.911 0.907 0.907 0.907 0.903 0.898 0.882 0.882 0.884 0.881 0.881 0.879 0.878 0.872 0.862 0.861 0.861 0.851 0.851 0.856 0 0 0 0 0 0 0 0 0 0 0 0 0 0 0 0 0 0 0 0 0 0 0 0 0 0 0 0 0 0 0 0 0 0 0 0 0 0 0 0 0 0 0 0 0 0 0 0 0 0 0 0 0 0 2.014 2.006 2.006 2.006 2.009 2.014 2.014 2.016 2.021 2.023 2.027 2.033 2.035 2.036 2.039 2.048 2.052 2.058 2.061 2.062 2.072 2.073 2.076 2.08 2.082 2.097 2.102 2.108 2.112 2.122 2.781 2.797 2.803 2.804 2.817 2.817 2.83 2.842 2.846 2.851 2.864 2.865 2.883 2.92 2.922 2.929 2.938 2.946 2.946 2.959 2.971 2.971 0 0 0 0 0 0 0 0 0 0 0 0 0 0 0 0 0 0 0 0 0 0 0 0 0 0 0 0 0 0 0 0 0 0 0 0 0 0 2.71 2.71 2.71 2.723 2.741 2.758 2.785 2.792 2.833 2.849 2.861 2.871 2.886 2.916 2.932 2.956 3.081 0 0 0 0 0 0 0 0 0 0 0 0 0 0 0 0 0 0 0 0 0 0 0 0 0 0 0 0 0 0 0 0 0 0 0 0 0 0 0 0 0 0 0 0 0 0 0 0 0 0 0 0 0 0 0 0 0 0 0 0 0 0 0 0 0 0 0 0 0 0 0 0 0 0 0 0 0 0 0 0 0 0 0 0 0 0 0 0 0 0 0 0 0 0 0 0 0 0 4.859 4.855 4.852 4.851 4.851 4.843 4.769 1.402 1.397 1.394 1.394 1.397 1.399 1.402 1.419 1.421 1.423 1.429 1.444 1.445 4.792 4.792 4.794 4.794 4.794 4.794 4.794 1.215 1.214 1.2 1.198 1.183 1.183 1.183 1.18 1.167 1.162 1.156 1.156 1.167 0 0 0 0 0 0 0 0 0 0 0 0 0 0 0 0 0 0 0 0 0 0 0 0 0 0 0 0 0 0 0 0 0 0 0 0 0 1.252 1.25 1.249 1.249 1.249 1.249 1.249 1.261 1.264 1.264 1.264 1.253 1.246 1.24 1.221 1.219 1.186 1.175 1.158 1.139 1.121 1.108 1.084 1.061 1.053 1.032 1.025 1.003 0.995 0.974 0.969 0.951 0.947 0.942 0.926 0.91 0.905 0.897 0.893 0.872 0.869 0.864 0.859 0.85 0.85 0.85 0.857 0.864 0.865 0.868 0.874 0.875 0.888 0.889 0.889 0.89 0.892 0.9 0.907 0.912 0.915 0.915 0.919 0.919 0.919 0.927 0.935 0.938 0.956 0.958 0.964 0.969 0.975 0.975 0.975 0.97 0.964 0.964 0.964 0.957 0.956 0.928 0.928 0.926 0.924 0.914 0.901 0.892 0.89 0.889 0.887 0.887 0.87 0.865 0.863 0.861 0.849 0.845 0.842 0.841 0.833 0.829 0.826 0.826 0.82 0.808 0.805 0.799 0.796 0.796 0.795 0.788 0.788 0.779 0.775 0.771 0.771 0.77 0.769 0.762 0.762 0.75 0.75 0.748 0.748 0.746 0.74 0.736 0.735 0.73 0.73 0.723 0.722 0.722 0.719 0.711 0.711 0.709 0.706 0.705 0.705 0.701 0.699 0.698 0.695 0.685 0.685 0.685 0.684 0.684 0.687 0.684 0.684 0.673 0.671 0.669 0.666 0.663 0.663 0.669 0.663 0.663 0.662 0.662 0.662 0.662 0.658 0.666 0.656 0.656 0.661 0.668 0.661 0.663 0.663 0.663 0.663 0.663 0.661 0.661 0.669 0.669 0.67 0.672 0.674 0.675 0.677 0.678 0.678 0.678 0.678 0.682 0.682 0.685 0.685 0.69 0.69 0.69 0.69 0.691 0.687 0.691 0.691 0.689 0.689 0.689 0.688 0.688 0.688 0.687 0.688 0.687 0.688 0.687 0.681 0.679 0.681 0.678 0.678 0.678 0.678 0.676 0.676 0.666 0.663 0.661 0.661 0.662 0.662 0.662 0.662 0.663 0.661 0.661 0.659 0.66 0.66 0.66 0.66 0.66 0.661 0.664 0.662 0.662 0.662 0.662 0.662 0.667 0.672 0.672 0.672 0.672 0.672 0.677 0.682 0.682 0.689 0.689 0.69 0.69 0.695 0.697 1.288 1.303 1.312 1.312 1.312 1.313 1.313 1.316 1.316 1.319 1.33 1.33 1.335 1.335 1.341 1.342 1.347 1.354 1.357
2 8.9641 682 0 0 0 0 0 0 0 0 0 0 0 0 0 0 0 0 0 0 0 0 0 0 0 0 0 0 0 0 0 0 0 0 0 0 0 0 0 0 0 0 0 0 0 0.935 0.923 0.92 0.916 0.914 0.909 0.905 0.896 0.892 0.886 0.881 0.881 0.88 0.877 0.877 0.875 0.861 0.859 0.859 0.857 0.857 0.86 0 0 0 0 0 0 0 0 0 0 0 0 0 0 0 0 0 0 0 0 0 0 0 0 0 0 0 0 0 0 0 0 0 0 0 0 0 0 0 0 0 2.644 2.644 2.644 0 0 0 0 0 0 0 0 0 0 2.007 2.004 2.004 2.004 2.006 2.009 2.017 2.017 2.022 2.022 2.026 2.032 2.035 2.038 2.039 2.049 2.055 2.056 2.06 2.064 2.068 2.068 2.083 2.087 2.091 2.092 2.099 2.103 2.111 2.127 2.786 2.802 2.809 2.809 2.818 2.82 2.822 2.835 2.859 2.865 2.865 2.876 2.881 2.921 2.921 2.925 2.927 2.927 2.938 2.958 2.968 2.977 0 0 0 0 0 0 0 0 0 0 0 0 0 0 0 0 0 0 0 0 0 0 0 0 0 0 0 0 0 0 0 0 0 0 0 0 0 0 2.704 2.704 2.704 2.727 2.739 2.76 2.786 2.798 2.822 2.828 2.858 2.863 2.876 2.925 2.939 2.948 3.069 0 0 0 0 0 0 0 0 0 0 0 0 0 0 0 0 0 0 0 0 0 0 0 0 0 0 0 0 0 0 0 0 0 0 0 0 0 0 0 0 0 0 0 0 0 0 0 0 0 0 0 0 0 0 0 0 0 0 0 0 0 0 0 0 0 0 0 0 0 0 0 0 0 0 0 0 0 0 0 0 0 0 0 0 0 0 0 0 0 0 0 0 0 0 0 0 0 0 4.868 4.861 4.856 4.854 4.848 4.848 4.847 4.827 1.423 1.418 1.418 1.418 1.423 1.424 1.427 1.437 1.438 1.446 1.461 1.465 1.47 4.709 4.791 4.794 4.794 4.791 1.405 1.398 1.388 1.379 1.368 1.368 1.366 1.364 1.347 1.347 1.347 1.379 0 0 0 0 0 0 0 0 0 0 0 0 0 0 0 0 0 0 0 0 0 0 0 0 0 0 0 0 0 0 0 0 0 0 0 0 0 0 0 1.253 1.246 1.246 1.246 1.249 1.249 1.252 1.259 1.261 1.261 1.261 1.258 1.251 1.234 1.224 1.207 1.19 1.185 1.157 1.132 1.113 1.111 1.093 1.068 1.053 1.025 1.018 1.005 0.997 0.985 0.969 0.959 0.947 0.946 0.931 0.913 0.903 0.897 0.889 0.872 0.868 0.861 0.861 0.861 0.855 0.861 0.862 0.863 0.865 0.868 0.874 0.876 0.88 0.893 0.898 0.898 0.899 0.899 0.903 0.907 0.911 0.918 0.921 0.924 0.924 0.926 0.93 0.933 0.945 0.96 0.963 0.966 0.979 0.979 0.979 0.976 0.965 0.965 0.965 0.965 0.947 0.931 0.927 0.924 0.923 0.915 0.909 0.899 0.896 0.893 0.89 0.885 0.877 0.874 0.857 0.855 0.849 0.845 0.843 0.842 0.835 0.833 0.833 0.829 0.82 0.803 0.803 0.803 0.796 0.795 0.792 0.79 0.788 0.786 0.785 0.78 0.772 0.772 0.762 0.761 0.759 0.759 0.754 0.744 0.744 0.736 0.736 0.734 0.733 0.729 0.727 0.723 0.723 0.721 0.716 0.704 0.704 0.704 0.704 0.704 0.7 0.697 0.696 0.695 0.69 0.685 0.684 0.683 0.681 0.681 0.681 0.681 0.681 0.675 0.673 0.668 0.667 0.663 0.663 0.668 0.661 0.661 0.662 0.662 0.662 0.662 0.663 0.664 0.664 0.664 0.664 0.664 0.664 0.664 0.664 0.664 0.666 0.662 0.66 0.66 0.669 0.672 0.672 0.673 0.673 0.673 0.674 0.677 0.682 0.683 0.686 0.687 0.687 0.687 0.687 0.687 0.689 0.689 0.689 0.689 0.689 0.688 0.687 0.687 0.687 0.685 0.682 0.682 0.682 0.682 0.683 0.684 0.684 0.684 0.684 0.684 0.679 0.679 0.679 0.676 0.676 0.675 0.671 0.669 0.666 0.669 0.669 0.666 0.668 0.668 0.667 0.667 0.667 0.658 0.658 0.658 0.658 0.66 0.66 0.66 0.66 0.661 0.66 0.66 0.662 0.663 0.663 0.663 0.663 0.673 0.674 0.675 0.677 0.679 0.679 0.681 0.682 0.682 0.682 0.683 0.697 0.699 1.289 1.304 1.31 1.31 1.312 1.313 1.314 1.314 1.316 1.324 1.325 1.333 1.335 1.335 1.337 1.338 1.346 1.355 1.361
2 9.0631 682 0 0 0 0 0 0 0 0 0 0 0 0 0 0 0 0 0 0 0 0 0 0 0 0 0 0 0 0 0 0 0 0 0 0 0 0 0 0 0 0 0 0 0 0.934 0.925 0.918 0.918 0.918 0.912 0.91 0.899 0.889 0.884 0.884 0.88 0.88 0.88 0.877 0.873 0.855 0.854 0.847 0.847 0.847 0.847 0.866 0 0 0 0 0 0 0 0 0 0 0 0 0 0 0 0 0 0 0 0 0 0 0 0 0 0 0 0 0 0 0 0 0 0 0 0 0 0 0 0 0 0 0 0 0 0 0 0 0 0 0 0 0 2.01 2.004 2.004 2.004 2.005 2.01 2.015 2.015 2.022 2.025 2.032 2.036 2.038 2.038 2.038 2.051 2.054 2.058 2.064 2.067 2.068 2.07 2.086 2.086 2.088 2.095 2.099 2.103 2.104 2.117 2.782 2.801 2.805 2.808 2.823 2.825 2.827 2.835 2.851 2.852 2.866 2.876 2.887 2.915 2.918 2.918 2.92 2.924 2.946 2.968 2.968 2.972 0 0 0 0 0 0 0 0 0 0 0 0 0 0 0 0 0 0 0 0 0 0 0 0 0 0 0 0 0 0 0 0 0 0 0 0 0 0 2.704 2.704 2.704 2.724 2.743 2.764 2.784 2.804 2.809 2.834 2.859 2.875 2.884 2.924 2.934 2.956 0 0 0 0 0 0 0 0 0 0 0 0 0 0 0 0 0 0 0 0 0 0 0 0 0 0 0 0 0 0 0 0 0 0 0 0 0 0 0 0 0 0 0 0 0 0 0 0 0 0 0 0 0 0 0 0 0 0 0 0 0 0 0 0 0 0 0 0 0 0 0 0 0 0 0 0 0 0 0 0 0 0 0 0 0 0 0 0 0 0 0 0 0 0 0 0 0 0 0 4.864 4.864 4.855 4.845 4.845 4.841 4.836 4.829 1.482 1.437 1.437 1.437 1.437 1.438 1.441 1.447 1.458 1.459 1.472 1.477 1.49 1.499 1.64 1.64 1.64 1.594 1.588 1.572 1.564 1.56 1.558 1.545 1.545 1.545 0 0 0 0 0 0 0 0 0 0 0 0 0 0 0 0 0 0 0 0 0 0 0 0 0 0 0 0 0 0 0 0 0 0 0 0 0 0 0 0 0 0 0 1.254 1.25 1.25 1.25 1.252 1.252 1.252 1.262 1.263 1.263 1.263 1.261 1.252 1.244 1.22 1.202 1.193 1.181 1.157 1.145 1.123 1.099 1.091 1.064 1.061 1.034 1.03 1.01 0.994 0.982 0.967 0.947 0.947 0.944 0.931 0.919 0.911 0.899 0.885 0.874 0.87 0.87 0.865 0.857 0.857 0.859 0.856 0.859 0.862 0.872 0.876 0.877 0.88 0.884 0.889 0.898 0.901 0.903 0.907 0.91 0.911 0.92 0.921 0.924 0.924 0.932 0.934 0.936 0.951 0.962 0.966 0.97 0.979 0.979 0.979 0.974 0.964 0.964 0.964 0.964 0.951 0.927 0.926 0.923 0.922 0.912 0.911 0.908 0.901 0.89 0.888 0.884 0.877 0.874 0.86 0.857 0.85 0.85 0.843 0.837 0.837 0.827 0.826 0.824 0.818 0.809 0.802 0.801 0.798 0.796 0.793 0.788 0.787 0.786 0.778 0.772 0.768 0.766 0.762 0.759 0.759 0.758 0.754 0.751 0.744 0.74 0.74 0.735 0.735 0.732 0.731 0.72 0.72 0.72 0.717 0.712 0.711 0.706 0.705 0.704 0.704 0.702 0.698 0.696 0.692 0.684 0.684 0.683 0.682 0.682 0.684 0.682 0.681 0.674 0.674 0.672 0.672 0.667 0.666 0.666 0.664 0.662 0.662 0.662 0.661 0.66 0.66 0.661 0.66 0.66 0.661 0.667 0.66 0.661 0.667 0.668 0.668 0.668 0.668 0.668 0.668 0.668 0.669 0.673 0.679 0.682 0.682 0.682 0.683 0.682 0.682 0.682 0.68 0.68 0.691 0.692 0.692 0.692 0.693 0.693 0.688 0.686 0.686 0.686 0.684 0.685 0.685 0.686 0.686 0.687 0.687 0.686 0.685 0.684 0.683 0.682 0.681 0.681 0.68 0.68 0.68 0.677 0.667 0.667 0.667 0.667 0.663 0.663 0.661 0.66 0.66 0.66 0.66 0.659 0.659 0.659 0.658 0.658 0.658 0.658 0.658 0.659 0.659 0.659 0.661 0.662 0.662 0.664 0.667 0.664 0.668 0.672 0.672 0.676 0.681 0.681 0.684 0.687 0.687 0.691 0.691 0.702 1.29 1.303 1.304 1.304 1.306 1.311 1.313 1.314 1.315 1.318 1.336 1.336 1.336 1.336 1.336 1.336 1.348 1.353 1.357
2 9.1631 682 0 0 0 0 0 0 0 0 0 0 0 0 0 0 0 0 0 0 0 0 0 0 0 0 0 0 0 0 0 0 0 0 0 0 0 0 0 0 0 0 0 0 0 0.928 0.923 0.912 0.912 0.908 0.907 0.903 0.896 0.89 0.885 0.885 0.884 0.882 0.877 0.874 0.864 0.857 0.855 0.849 0.849 0.849 0.849 0.865 0 0 0 0 0 0 0 0 0 0 0 0 0 0 0 0 0 0 0 0 0 0 0 0 0 0 0 0 0 0 0 0 0 0 0 0 0 0 0 0 0 0 0 0 0 0 0 0 0 0 0 0 0 2.017 2.01 2.01 2.01 2.01 2.014 2.016 2.018 2.019 2.024 2.026 2.036 2.037 2.04 2.045 2.045 2.055 2.059 2.063 2.064 2.069 2.071 2.081 2.081 2.084 2.092 2.093 2.101 2.108 2.121 2.778 2.801 2.802 2.812 2.824 2.829 2.841 2.843 2.847 2.857 2.86 2.873 2.883 2.918 2.928 2.934 2.936 2.945 2.945 2.952 2.97 2.98 0 0 0 0 0 0 0 0 0 0 0 0 0 0 0 0 0 0 0 0 0 0 0 0 0 0 0 0 0 0 0 0 0 0 0 0 0 0 2.706 2.706 2.706 2.716 2.742 2.767 2.778 2.804 2.825 2.838 2.857 2.869 2.875 2.924 2.928 2.951 3.082 0 0 0 0 0 0 0 0 0 0 0 0 0 0 0 0 0 0 0 0 0 0 0 0 0 0 0 0 0 0 0 0 0 0 0 0 0 0 0 0 0 0 0 0 0 0 0 0 0 0 0 0 0 0 0 0 0 0 0 0 0 0 0 0 0 0 0 0 0 0 0 0 0 0 0 0 0 0 0 0 0 0 0 0 0 0 0 0 0 0 0 0 0 0 0 0 0 0 4.865 4.863 4.86 4.859 4.854 4.847 4.841 4.834 4.819 1.506 1.481 1.477 1.477 1.477 1.481 1.487 1.488 1.488 1.508 1.515 1.533 1.553 1.802 1.802 1.802 1.797 1.794 1.791 1.783 1.783 1.783 0 0 0 0 0 0 0 0 0 0 0 0 0 0 0 0 0 0 0 0 0 0 0 0 0 0 0 0 0 0 0 0 0 0 0 0 0 0 0 0 0 0 0 0 0 0 1.247 1.247 1.247 1.249 1.251 1.251 1.254 1.262 1.262 1.262 1.262 1.261 1.251 1.237 1.22 1.211 1.184 1.177 1.156 1.132 1.118 1.107 1.084 1.072 1.049 1.032 1.015 1.009 1.001 0.979 0.97 0.955 0.945 0.944 0.924 0.92 0.911 0.89 0.889 0.874 0.873 0.872 0.857 0.854 0.854 0.854 0.861 0.864 0.866 0.872 0.876 0.881 0.881 0.884 0.89 0.896 0.892 0.898 0.902 0.912 0.913 0.914 0.922 0.923 0.923 0.93 0.931 0.937 0.954 0.956 0.966 0.969 0.978 0.978 0.978 0.973 0.962 0.962 0.962 0.962 3.876 0 0.931 0.924 0.922 0.911 0.908 0.904 0.902 0.886 0.885 0.882 0.877 0.869 0.86 0.853 0.852 0.852 0.85 0.841 0.834 0.824 0.823 0.82 0.818 0.812 0.808 0.799 0.795 0.791 0.791 0.787 0.787 0.784 0.777 0.777 0.772 0.772 0.767 0.765 0.761 0.75 0.75 0.75 0.745 0.739 0.739 0.734 0.727 0.725 0.725 0.724 0.722 0.721 0.713 0.713 0.709 0.707 0.706 0.705 0.702 0.698 0.69 0.69 0.69 0.689 0.683 0.679 0.679 0.683 0.684 0.684 0.684 0.675 0.673 0.67 0.669 0.663 0.663 0.663 0.661 0.662 0.661 0.662 0.661 0.661 0.661 0.663 0.657 0.663 0.666 0.666 0.659 0.659 0.659 0.659 0.657 0.657 0.66 0.66 0.66 0.667 0.672 0.673 0.673 0.677 0.677 0.678 0.68 0.68 0.68 0.68 0.68 0.685 0.688 0.689 0.688 0.688 0.686 0.686 0.682 0.686 0.686 0.689 0.688 0.688 0.686 0.686 0.686 0.686 0.686 0.685 0.685 0.683 0.683 0.682 0.678 0.678 0.68 0.678 0.678 0.672 0.668 0.668 0.668 0.666 0.663 0.668 0.663 0.663 0.663 0.663 0.663 0.66 0.659 0.655 0.655 0.655 0.658 0.659 0.661 0.662 0.662 0.662 0.662 0.666 0.666 0.668 0.669 0.669 0.674 0.674 0.674 0.676 0.676 0.683 0.684 0.688 0.689 0.689 0.697 0.698 1.288 1.295 1.299 1.299 1.311 1.312 1.312 1.312 1.321 1.322 1.325 1.328 1.332 1.332 1.337 1.34 1.341 1.355 1.361
2 9.2622 682 0 0 0 0 0 0 0 0 0 0 0 0 0 0 0 0 0 0 0 0 0 0 0 0 0 0 0 0 0 0 0 0 0 0 0 0 0 0 0 0 0 0 0.928 0.921 0.916 0.916 0.913 0.907 0.905 0.904 0.899 0.893 0.89 0.885 0.881 0.881 0.881 0.874 0.872 0.863 0.854 0.854 0.852 0.852 0.857 0 0 0 0 0 0 0 0 0 0 0 0 0 0 0 0 0 0 0 0 0 0 0 0 0 0 0 0 0 0 0 0 0 0 0 0 0 0 0 0 0 0 0 0 0 0 0 0 0 0 0 0 0 0 2.009 2.009 2.007 2.007 2.009 2.013 2.013 2.015 2.021 2.024 2.026 2.034 2.035 2.036 2.044 2.044 2.057 2.059 2.062 2.066 2.066 2.07 2.08 2.083 2.089 2.094 2.1 2.102 2.106 2.128 2.772 2.797 2.801 2.804 2.814 2.834 2.835 2.836 2.844 2.844 2.858 2.871 2.891 2.922 2.922 2.933 2.933 2.937 2.938 2.967 2.97 2.97 0 0 0 0 0 0 0 0 0 0 0 0 0 0 0 0 0 0 0 0 0 0 0 0 0 0 0 0 0 0 0 0 0 0 0 0 0 0 2.711 2.711 2.711 2.724 2.734 2.761 2.786 2.796 2.816 2.834 2.855 2.879 2.879 2.922 2.931 2.959 3.073 0 0 0 0 0 0 0 0 0 0 0 0 0 0 0 0 0 0 0 0 0 0 0 0 0 0 0 0 0 0 0 0 0 0 0 0 0 0 0 0 0 0 0 0 0 0 0 0 0 0 0 0 0 0 0 0 0 0 0 0 0 0 0 0 0 0 0 0 0 0 0 0 0 0 0 0 0 0 0 0 0 0 0 0 0 0 0 0 0 0 0 0 0 0 0 0 0 0 4.867 4.862 4.856 4.852 4.852 4.841 4.841 4.841 4.84 4.824 1.59 1.589 1.589 1.589 1.59 1.597 1.601 1.611 1.619 1.622 1.633 1.64 2.004 2.004 2.005 2.005 2.005 2.022 2.025 2.043 0 0 0 0 0 0 0 0 0 0 0 0 0 0 0 0 0 0 0 0 0 0 0 0 0 0 0 0 0 0 0 0 0 0 0 0 0 0 0 0 0 0 0 0 0 0 0 1.249 1.245 1.245 1.246 1.249 1.254 1.254 1.254 1.266 1.266 1.266 1.255 1.254 1.243 1.229 1.205 1.184 1.177 1.156 1.128 1.126 1.092 1.089 1.073 1.052 1.032 1.018 1.004 0.993 0.982 0.965 0.957 0.952 0.945 0.923 0.912 0.909 0.896 0.888 0.873 0.869 0.863 0.857 0.856 0.854 0.854 0.855 0.855 0.86 0.868 0.869 0.873 0.878 0.881 0.884 0.889 0.896 0.901 0.908 0.911 0.912 0.912 0.926 0.927 0.927 0.933 0.936 0.94 0.957 0.959 0.96 0.973 0.982 0.982 0.982 0.975 0.963 0.963 0.963 0.963 0.956 0.934 0.931 0.924 0.923 0.912 0.905 0.898 0.89 0.89 0.888 0.888 0.879 0.876 0.864 0.863 0.853 0.849 0.848 0.84 0.834 0.826 0.826 0.825 0.824 0.813 0.808 0.805 0.798 0.794 0.791 0.787 0.786 0.782 0.777 0.774 0.772 0.764 0.764 0.764 0.762 0.753 0.745 0.745 0.745 0.743 0.743 0.739 0.736 0.726 0.723 0.722 0.722 0.722 0.721 0.711 0.708 0.707 0.707 0.706 0.706 0.701 0.7 0.697 0.695 0.691 0.685 0.683 0.683 0.683 0.683 0.683 0.683 0.676 0.675 0.674 0.669 0.667 0.669 0.669 0.668 0.668 0.668 0.666 0.662 0.662 0.662 0.662 0.662 0.659 0.659 0.659 0.659 0.659 0.659 0.66 0.661 0.66 0.661 0.672 0.672 0.673 0.675 0.676 0.676 0.677 0.677 0.682 0.678 0.678 0.678 0.682 0.681 0.684 0.686 0.686 0.69 0.69 0.69 0.69 0.688 0.688 0.686 0.686 0.684 0.684 0.683 0.683 0.683 0.685 0.685 0.687 0.687 0.685 0.685 0.685 0.682 0.682 0.682 0.678 0.678 0.676 0.675 0.674 0.664 0.664 0.662 0.662 0.662 0.662 0.659 0.659 0.658 0.657 0.657 0.658 0.658 0.659 0.659 0.659 0.663 0.657 0.657 0.657 0.658 0.658 0.668 0.67 0.67 0.671 0.675 0.675 0.677 0.677 0.679 0.683 0.688 0.688 0.691 0.693 0.696 0.7 1.302 1.303 1.306 1.306 1.31 1.312 1.313 1.32 1.323 1.324 1.329 1.333 1.336 1.336 1.338 1.347 1.351 1.355 1.357
2 9.3622 682 0 0 0 0 0 0 0 0 0 0 0 0 0 0 0 0 0 0 0 0 0 0 0 0 0 0 0 0 0 0 0 0 0 0 0 0 0 0 0 0 0 0 0 0.923 0.92 0.915 0.915 0.914 0.912 0.901 0.889 0.888 0.886 0.881 0.879 0.878 0.877 0.874 0.873 0.862 0.854 0.854 0.854 0.854 0.861 0 0 0 0 0 0 0 0 0 0 0 0 0 0 0 0 0 0 0 0 0 0 0 0 0 0 0 0 0 0 0 0 0 0 0 0 0 0 0 0 0 0 0 0 0 0 0 0 0 0 0 0 0 0 2.005 2.004 2.004 2.004 2.005 2.008 2.017 2.018 2.018 2.024 2.029 2.033 2.036 2.038 2.039 2.044 2.05 2.055 2.056 2.066 2.069 2.069 2.076 2.083 2.09 2.094 2.103 2.104 2.11 2.12 2.78 2.789 2.804 2.807 2.818 2.82 2.833 2.841 2.851 2.854 2.864 2.874 2.885 2.916 2.926 2.926 2.928 2.928 2.928 2.959 2.971 2.973 0 0 0 0 0 0 0 0 0 0 0 0 0 0 0 0 0 0 0 0 0 0 0 0 0 0 0 0 0 0 0 0 0 0 0 0 0 0 2.71 2.71 2.71 2.719 2.733 2.762 2.773 2.806 2.82 2.839 2.85 2.87 2.883 2.919 2.935 2.955 3.067 0 0 0 0 0 0 0 0 0 0 0 0 0 0 0 0 0 0 0 0 0 0 0 0 0 0 0 0 0 0 0 0 0 0 0 0 0 0 0 0 0 0 0 0 0 0 0 0 0 0 0 0 0 0 0 0 0 0 0 0 0 0 0 0 0 0 0 0 0 0 0 0 0 0 0 0 0 0 0 0 0 0 0 0 0 0 0 0 0 0 0 0 0 0 0 0 0 0 4.877 4.865 4.858 4.858 4.858 4.858 4.847 4.841 1.724 1.722 1.718 1.72 1.72 1.72 1.721 1.733 1.748 1.751 1.763 1.764 2.128 2.128 2.128 2.12 2.119 2.119 2.119 2.129 2.138 2.149 0 0 0 0 0 0 0 0 0 0 0 0 0 0 0 0 0 0 0 0 0 0 0 0 0 0 0 0 0 0 0 0 0 0 0 0 0 0 0 0 0 0 0 0 0 0 0 1.249 1.249 1.246 1.246 1.249 1.249 1.259 1.26 1.263 1.263 1.263 1.254 1.253 1.238 1.224 1.206 1.191 1.168 1.156 1.138 1.122 1.099 1.087 1.068 1.052 1.03 1.022 1.01 0.996 0.977 0.974 0.954 0.947 0.944 0.918 0.918 0.918 0.909 0.898 0.875 0.866 0.866 0.856 0.856 0.855 0.855 0.861 0.865 0.865 0.872 0.872 0.878 0.884 0.886 0.888 0.888 0.888 0.898 0.901 0.904 0.915 0.922 0.925 0.93 0.93 0.93 0.934 0.934 0.954 0.96 0.964 0.969 0.973 0.973 0.974 0.974 0.969 0.969 0.974 0.955 0.946 0.932 0.926 0.92 0.916 0.911 0.902 0.896 0.894 0.892 0.889 0.884 0.873 0.87 0.865 0.864 0.857 0.852 0.842 0.834 0.834 0.831 0.829 0.824 0.822 0.811 0.809 0.806 0.802 0.792 0.792 0.791 0.787 0.781 0.778 0.771 0.771 0.769 0.768 0.764 0.761 0.751 0.75 0.749 0.747 0.74 0.737 0.735 0.73 0.73 0.726 0.724 0.719 0.717 0.71 0.708 0.708 0.706 0.703 0.7 0.7 0.699 0.697 0.693 0.69 0.685 0.685 0.682 0.682 0.682 0.686 0.686 0.686 0.675 0.672 0.671 0.666 0.664 0.662 0.662 0.664 0.663 0.663 0.663 0.663 0.661 0.661 0.663 0.661 0.659 0.659 0.659 0.659 0.659 0.661 0.662 0.664 0.664 0.664 0.664 0.669 0.671 0.671 0.673 0.673 0.674 0.679 0.68 0.68 0.68 0.68 0.681 0.681 0.687 0.691 0.691 0.69 0.69 0.689 0.689 0.685 0.689 0.685 0.681 0.681 0.681 0.681 0.685 0.685 0.685 0.685 0.685 0.685 0.685 0.682 0.682 0.677 0.677 0.677 0.677 0.677 0.677 0.673 0.669 0.667 0.664 0.664 0.664 0.664 0.664 0.667 0.667 0.667 0.667 0.662 0.659 0.659 0.659 0.659 0.659 0.661 0.662 0.661 0.661 0.662 0.659 0.659 0.659 0.663 0.668 0.671 0.673 0.673 0.674 0.681 0.682 0.685 0.686 0.688 0.689 0.695 0.703 1.289 1.302 1.304 1.304 1.313 1.313 1.314 1.315 1.319 1.321 1.321 1.333 1.344 1.344 1.344 1.346 1.347 1.357 1.361
2 9.4622 682 0 0 0 0 0 0 0 0 0 0 0 0 0 0 0 0 0 0 0 0 0 0 0 0 0 0 0 0 0 0 0 0 0 0 0 0 0 0 0 0 0 0 0 0.926 0.924 0.921 0.921 0.918 0.914 0.901 0.894 0.887 0.885 0.882 0.881 0.881 0.881 0.879 0.873 0.863 0.863 0.863 0.859 0.855 0.859 0 0 0 0 0 0 0 0 0 0 0 0 0 0 0 0 0 0 0 0 0 0 0 0 0 0 0 0 0 0 0 0 0 0 0 0 0 0 0 0 0 0 0 0 0 0 0 0 0 0 0 0 0 0 2.007 2.005 2.005 2.005 2.009 2.013 2.014 2.021 2.023 2.027 2.029 2.036 2.037 2.04 2.043 2.047 2.052 2.056 2.059 2.068 2.068 2.07 2.075 2.086 2.086 2.097 2.104 2.105 2.111 2.118 2.783 2.794 2.8 2.803 2.821 2.823 2.824 2.835 2.847 2.854 2.861 2.878 2.891 2.919 2.92 2.922 2.937 2.943 2.943 2.959 2.964 2.977 0 0 0 0 0 0 0 0 0 0 0 0 0 0 0 0 0 0 0 0 0 0 0 0 0 0 0 0 0 0 0 0 0 0 0 0 0 0 2.703 2.703 2.703 2.713 2.74 2.758 2.784 2.802 2.823 2.845 2.847 2.867 2.883 2.923 2.923 2.944 3.074 0 0 0 0 0 0 0 0 0 0 0 0 0 0 0 0 0 0 0 0 0 0 0 0 0 0 0 0 0 0 0 0 0 0 0 0 0 0 0 0 0 0 0 0 0 0 0 0 0 0 0 0 0 0 0 0 0 0 0 0 0 0 0 0 0 0 0 0 0 0 0 0 0 0 0 0 0 0 0 0 0 0 0 0 0 0 0 0 0 0 0 0 0 0 0 0 0 4.879 4.868 4.857 4.855 4.855 4.854 4.843 1.864 1.864 1.863 1.862 1.862 1.863 1.864 1.864 1.887 1.906 1.925 4.792 4.792 4.792 2.216 2.21 2.204 2.199 2.18 2.18 2.174 2.18 2.182 0 0 0 0 0 0 0 0 0 0 0 0 0 0 0 0 0 0 0 0 0 0 0 0 0 0 0 0 0 0 0 0 0 0 0 0 0 0 0 0 0 0 0 0 0 0 0 0 1.244 1.244 1.244 1.244 1.246 1.249 1.252 1.261 1.261 1.261 1.261 1.251 1.249 1.24 1.22 1.211 1.186 1.174 1.153 1.132 1.114 1.105 1.089 1.063 1.055 1.028 1.026 1.007 0.988 0.974 0.972 0.957 0.953 0.941 0.93 0.92 0.91 0.897 0.894 0.869 0.864 0.862 0.855 0.849 0.849 0.849 0.857 0.86 0.868 0.87 0.873 0.877 0.882 0.887 0.89 0.89 0.896 0.898 0.905 0.91 0.915 0.919 0.923 0.923 0.923 0.93 0.931 0.932 0.948 0.956 0.963 0.966 0.976 0.976 0.976 0.966 0.965 0.965 0.966 0.966 0.952 0.932 0.931 0.923 0.92 0.913 0.912 0.892 0.89 0.884 0.882 0.882 0.874 0.87 0.863 0.863 0.852 0.849 0.848 0.838 0.836 0.827 0.824 0.823 0.818 0.812 0.811 0.803 0.8 0.8 0.792 0.791 0.786 0.785 0.775 0.774 0.772 0.772 0.768 0.763 0.758 0.75 0.748 0.747 0.745 0.741 0.736 0.735 0.73 0.73 0.729 0.726 0.726 0.719 0.713 0.707 0.706 0.703 0.703 0.703 0.703 0.703 0.695 0.695 0.689 0.686 0.686 0.686 0.683 0.683 0.687 0.683 0.683 0.671 0.671 0.668 0.668 0.667 0.668 0.669 0.669 0.667 0.666 0.662 0.662 0.658 0.658 0.659 0.659 0.659 0.662 0.662 0.659 0.659 0.659 0.659 0.661 0.661 0.661 0.667 0.668 0.668 0.669 0.676 0.676 0.677 0.678 0.677 0.68 0.68 0.68 0.68 0.683 0.684 0.686 0.689 0.689 0.689 0.689 0.69 0.687 0.69 0.69 0.689 0.688 0.688 0.686 0.686 0.686 0.682 0.682 0.682 0.683 0.682 0.682 0.681 0.681 0.681 0.681 0.679 0.679 0.679 0.675 0.675 0.67 0.67 0.669 0.659 0.659 0.662 0.662 0.662 0.662 0.662 0.662 0.662 0.662 0.662 0.662 0.662 0.662 0.661 0.66 0.657 0.66 0.661 0.663 0.666 0.67 0.671 0.671 0.672 0.675 0.677 0.679 0.68 0.683 0.688 0.689 0.69 0.69 0.699 1.29 1.295 1.306 1.306 1.311 1.311 1.315 1.315 1.315 1.316 1.329 1.331 1.335 1.335 1.335 1.34 1.347 1.348 1.358
2 9.5611 682 0 0 0 0 0 0 0 0 0 0 0 0 0 0 0 0 0 0 0 0 0 0 0 0 0 0 0 0 0 0 0 0 0 0 0 0 0 0 0 0 0 0 0.921 0.92 0.92 0.915 0.912 0.909 0.904 0.904 0.896 0.891 0.886 0.881 0.88 0.88 0.88 0.875 0.874 0.863 0.859 0.859 0.853 0.853 0.863 0 0 0 0 0 0 0 0 0 0 0 0 0 0 0 0 0 0 0 0 0 0 0 0 0 0 0 0 0 0 0 0 0 0 0 0 0 0 0 0 0 2.65 2.65 2.65 0 0 0 0 0 0 0 0 0 0 2.015 1.997 1.997 1.997 2.006 2.008 2.014 2.016 2.02 2.024 2.033 2.034 2.034 2.039 2.039 2.042 2.05 2.058 2.067 2.069 2.07 2.07 2.077 2.082 2.092 2.094 2.099 2.104 2.104 2.125 2.785 2.785 2.797 2.798 2.815 2.827 2.829 2.842 2.854 2.856 2.86 2.86 2.878 2.928 2.928 2.928 2.928 2.928 2.937 2.957 2.969 2.972 0 0 0 0 0 0 0 0 0 0 0 0 0 0 0 0 0 0 0 0 0 0 0 0 0 0 0 0 0 0 0 0 0 0 0 0 0 0 2.713 2.713 2.713 2.714 2.738 2.759 2.783 2.804 2.812 2.836 2.85 2.87 2.894 2.931 2.936 2.945 0 0 0 0 0 0 0 0 0 0 0 0 0 0 0 0 0 0 0 0 0 0 0 0 0 0 0 0 0 0 0 0 0 0 0 0 0 0 0 0 0 0 0 0 0 0 0 0 0 0 0 0 0 0 0 0 0 0 0 0 0 0 0 0 0 0 0 0 0 0 0 0 0 0 0 0 0 0 0 0 0 0 0 0 0 0 0 0 0 0 0 0 0 0 0 0 0 0 4.878 4.878 4.857 4.856 4.854 4.854 4.839 2.106 2.089 2.072 2.071 2.071 2.072 2.087 2.112 2.15 4.792 4.795 4.797 4.795 4.792 2.263 2.247 2.242 2.238 2.21 2.209 2.209 2.21 0 0 0 0 0 0 0 0 0 0 0 0 0 0 0 0 0 0 0 0 0 0 0 0 0 0 0 0 0 0 0 0 0 0 0 0 0 0 0 0 0 0 0 0 0 0 0 0 0 1.247 1.247 1.247 1.247 1.251 1.252 1.252 1.267 1.267 1.267 1.26 1.255 1.246 1.238 1.227 1.203 1.184 1.174 1.148 1.131 1.118 1.089 1.089 1.065 1.057 1.033 1.027 1.012 0.996 0.976 0.972 0.956 0.948 0.937 0.926 0.912 0.909 0.892 0.884 0.866 0.865 0.864 0.854 0.851 0.851 0.854 0.854 0.862 0.866 0.873 0.874 0.882 0.882 0.886 0.889 0.894 0.899 0.902 0.902 0.902 0.914 0.918 0.923 0.926 0.926 0.926 0.93 0.932 0.946 0.958 0.96 0.974 0.974 0.974 0.974 0.972 0.96 0.96 0.96 0.955 0.954 0.928 0.928 0.927 0.918 0.91 0.902 0.901 0.894 0.893 0.884 0.882 0.877 0.876 0.863 0.859 0.847 0.847 0.845 0.841 0.837 0.826 0.826 0.823 0.82 0.805 0.803 0.801 0.797 0.792 0.792 0.79 0.785 0.783 0.775 0.775 0.77 0.766 0.765 0.764 0.753 0.752 0.746 0.746 0.744 0.744 0.736 0.734 0.734 0.732 0.728 0.724 0.722 0.721 0.714 0.714 0.712 0.706 0.705 0.705 0.697 0.697 0.696 0.693 0.692 0.69 0.685 0.684 0.684 0.684 0.689 0.689 0.689 0.671 0.671 0.67 0.67 0.668 0.666 0.666 0.666 0.664 0.662 0.66 0.66 0.661 0.661 0.661 0.663 0.668 0.672 0.672 0.668 0.663 0.663 0.663 0.661 0.661 0.663 0.663 0.663 0.666 0.673 0.673 0.672 0.676 0.677 0.682 0.683 0.683 0.683 0.685 0.685 0.685 0.69 0.691 0.69 0.69 0.687 0.685 0.685 0.685 0.685 0.685 0.689 0.689 0.684 0.688 0.684 0.683 0.683 0.683 0.683 0.683 0.682 0.682 0.682 0.677 0.68 0.677 0.677 0.673 0.672 0.67 0.667 0.668 0.667 0.661 0.661 0.663 0.661 0.66 0.663 0.66 0.66 0.66 0.658 0.658 0.658 0.658 0.66 0.662 0.661 0.662 0.663 0.664 0.664 0.67 0.671 0.671 0.671 0.671 0.676 0.678 0.679 0.685 0.686 0.686 0.688 0.688 0.696 0.7 1.29 1.298 1.299 1.299 1.306 1.306 1.31 1.31 1.313 1.324 1.325 1.331 1.332 1.332 1.332 1.342 1.344 1.357 1.358
2 9.6611 682 0 0 0 0 0 0 0 0 0 0 0 0 0 0 0 0 0 0 0 0 0 0 0 0 0 0 0 0 0 0 0 0 0 0 0 0 0 0 0 0 0 0 0.934 0.934 0.921 0.92 0.92 0.92 0.908 0.903 0.901 0.885 0.882 0.882 0.881 0.879 0.879 0.876 0.87 0.867 0.86 0.86 0.851 0.851 0.859 0 0 0 0 0 0 0 0 0 0 0 0 0 0 0 0 0 0 0 0 0 0 0 0 0 0 0 0 0 0 0 0 0 0 0 0 0 0 0 0 0 2.656 2.656 2.656 0 0 0 0 0 0 0 0 0 0 2.014 2.004 2.004 2.004 2.006 2.012 2.012 2.014 2.017 2.018 2.02 2.031 2.031 2.035 2.041 2.045 2.052 2.054 2.06 2.061 2.069 2.075 2.079 2.087 2.092 2.093 2.095 2.102 2.115 2.123 2.783 2.798 2.804 2.805 2.81 2.821 2.822 2.832 2.843 2.852 2.855 2.877 2.883 2.919 2.922 2.926 2.934 2.955 2.955 2.958 2.968 2.97 0 0 0 0 0 0 0 0 0 0 0 0 0 0 0 0 0 0 0 0 0 0 0 0 0 0 0 0 0 0 0 0 0 0 0 0 0 0 2.716 2.716 2.716 2.719 2.745 2.748 2.78 2.808 2.818 2.836 2.854 2.875 2.887 2.924 2.939 2.956 3.074 0 0 0 0 0 0 0 0 0 0 0 0 0 0 0 0 0 0 0 0 0 0 0 0 0 0 0 0 0 0 0 0 0 0 0 0 0 0 0 0 0 0 0 0 0 0 0 0 0 0 0 0 0 0 0 0 0 0 0 0 0 0 0 0 0 0 0 0 0 0 0 0 0 0 0 0 0 0 0 0 0 0 0 0 0 0 0 0 0 0 0 0 0 0 0 0 0 4.87 4.87 4.863 4.859 4.859 4.859 4.858 4.856 2.342 2.326 2.319 2.319 2.322 2.322 2.342 2.378 4.786 4.796 4.797 4.796 4.786 2.272 2.268 2.258 2.252 2.236 2.234 2.234 2.236 0 0 0 0 0 0 0 0 0 0 0 0 0 0 0 0 0 0 0 0 0 0 0 0 0 0 0 0 0 0 0 0 0 0 0 0 0 0 0 0 0 0 0 0 0 0 0 0 0 1.247 1.246 1.246 1.246 1.247 1.256 1.262 1.27 1.27 1.27 1.266 1.26 1.252 1.237 1.218 1.207 1.189 1.164 1.159 1.136 1.125 1.1 1.086 1.064 1.058 1.034 1.027 1.006 0.984 0.976 0.967 0.957 0.949 0.949 0.941 0.926 0.9 0.891 0.887 0.877 0.874 0.868 0.851 0.849 0.849 0.849 0.859 0.862 0.867 0.868 0.87 0.879 0.88 0.885 0.891 0.896 0.896 0.901 0.902 0.904 0.911 0.922 0.928 0.931 0.931 0.932 0.932 0.932 0.955 0.955 0.965 0.968 0.973 0.973 0.973 0.973 0.958 0.958 0.958 0.956 0.949 0.931 0.927 0.923 0.921 0.909 0.904 0.897 0.892 0.89 0.89 0.88 0.875 0.873 0.859 0.854 0.85 0.849 0.843 0.835 0.831 0.83 0.828 0.822 0.82 0.803 0.801 0.798 0.797 0.794 0.793 0.79 0.786 0.785 0.777 0.772 0.768 0.772 0.768 0.768 0.758 0.751 0.747 0.745 0.744 0.744 0.742 0.741 0.732 0.729 0.725 0.719 0.717 0.714 0.713 0.713 0.708 0.707 0.703 0.703 0.702 0.697 0.696 0.691 0.69 0.69 0.689 0.685 0.683 0.683 0.685 0.683 0.673 0.673 0.673 0.671 0.669 0.669 0.669 0.669 0.669 0.669 0.666 0.666 0.662 0.662 0.657 0.657 0.657 0.657 0.661 0.661 0.661 0.659 0.661 0.66 0.66 0.664 0.669 0.669 0.669 0.672 0.674 0.676 0.675 0.676 0.676 0.679 0.682 0.682 0.682 0.685 0.685 0.685 0.689 0.691 0.689 0.69 0.69 0.69 0.685 0.689 0.685 0.685 0.684 0.685 0.685 0.685 0.688 0.689 0.688 0.685 0.686 0.685 0.685 0.685 0.681 0.681 0.681 0.675 0.675 0.675 0.669 0.666 0.666 0.666 0.662 0.666 0.666 0.666 0.664 0.666 0.666 0.664 0.658 0.659 0.659 0.659 0.659 0.659 0.66 0.664 0.664 0.664 0.659 0.659 0.659 0.669 0.669 0.671 0.67 0.671 0.674 0.676 0.68 0.683 0.684 0.685 0.688 0.69 0.698 0.701 1.294 1.296 1.304 1.304 1.304 1.311 1.312 1.314 1.315 1.316 1.33 1.331 1.335 1.335 1.34 1.345 1.347 1.356 1.357
2 9.7611 682 0 0 0 0 0 0 0 0 0 0 0 0 0 0 0 0 0 0 0 0 0 0 0 0 0 0 0 0 0 0 0 0 0 0 0 0 0 0 0 0 0 0 0 0 0.915 0.915 0.918 0.915 0.915 0.902 0.894 0.891 0.88 0.88 0.88 0.879 0.879 0.879 0.869 0.862 0.855 0.855 0.852 0.852 0.862 0 0 0 0 0 0 0 0 0 0 0 0 0 0 0 0 0 0 0 0 0 0 0 0 0 0 0 0 0 0 0 0 0 0 0 0 0 0 0 0 0 2.649 2.649 2.649 0 0 0 0 0 0 0 0 0 0 2.009 2.001 2.001 2.001 2.004 2.008 2.013 2.019 2.019 2.022 2.025 2.032 2.032 2.035 2.043 2.047 2.052 2.053 2.06 2.061 2.068 2.069 2.087 2.089 2.089 2.09 2.098 2.102 2.111 2.122 2.776 2.796 2.803 2.804 2.81 2.825 2.83 2.837 2.847 2.861 2.862 2.872 2.881 2.924 2.924 2.924 2.928 2.928 2.955 2.955 2.966 2.978 0 0 0 0 0 0 0 0 0 0 0 0 0 0 0 0 0 0 0 0 0 0 0 0 0 0 0 0 0 0 0 0 0 0 0 0 0 0 2.701 2.701 2.701 2.72 2.736 2.755 2.785 2.8 2.812 2.829 2.851 2.864 2.889 2.915 2.932 2.943 3.057 0 0 0 0 0 0 0 0 0 0 0 0 0 0 0 0 0 0 0 0 0 0 0 0 0 0 0 0 0 0 0 0 0 0 0 0 0 0 0 0 0 0 0 0 0 0 0 0 0 0 0 0 0 0 0 0 0 0 0 0 0 0 0 0 0 0 0 0 0 0 0 0 0 0 0 0 0 0 0 0 0 0 0 0 0 0 0 0 0 0 0 0 0 0 0 0 0 4.873 4.867 4.859 4.854 4.854 4.856 4.854 4.846 4.846 2.586 2.536 2.526 2.526 2.526 2.542 2.582 2.603 4.787 4.787 4.787 2.307 2.304 2.302 2.285 2.273 2.27 2.27 2.273 0 0 0 0 0 0 0 0 0 0 0 0 0 0 0 0 0 0 0 0 0 0 0 0 0 0 0 0 0 0 0 0 0 0 0 0 0 0 0 0 0 0 0 0 0 0 0 0 0 0 1.251 1.246 1.246 1.246 1.246 1.246 1.246 1.264 1.264 1.264 1.261 1.26 1.256 1.237 1.227 1.207 1.193 1.179 1.158 1.141 1.116 1.098 1.084 1.064 1.049 1.02 1.017 1.004 1 0.979 0.969 0.954 0.952 0.945 0.925 0.914 0.9 0.893 0.891 0.869 0.868 0.867 0.854 0.849 0.849 0.849 0.851 0.86 0.866 0.876 0.878 0.879 0.886 0.886 0.891 0.894 0.902 0.907 0.908 0.908 0.913 0.916 0.926 0.927 0.927 0.931 0.936 0.937 0.948 0.958 0.959 0.973 0.976 0.976 0.976 0.972 0.964 0.964 0.964 0.963 0.948 0.926 0.923 0.923 0.922 0.913 0.909 0.899 0.892 0.888 0.884 0.882 0.87 0.868 0.864 0.86 0.855 0.85 0.847 0.841 0.834 0.829 0.827 0.821 0.817 0.81 0.802 0.799 0.797 0.794 0.785 0.785 0.782 0.782 0.782 0.771 0.771 0.771 0.765 0.764 0.759 0.749 0.749 0.747 0.742 0.741 0.74 0.736 0.736 0.736 0.73 0.729 0.727 0.723 0.711 0.707 0.706 0.702 0.702 0.7 0.7 0.7 0.696 0.692 0.689 0.688 0.686 0.684 0.684 0.686 0.686 0.686 0.686 0.674 0.671 0.671 0.671 0.67 0.67 0.667 0.666 0.661 0.663 0.663 0.661 0.661 0.659 0.659 0.659 0.66 0.668 0.668 0.663 0.66 0.661 0.661 0.661 0.664 0.664 0.669 0.668 0.668 0.674 0.676 0.674 0.676 0.676 0.677 0.677 0.677 0.681 0.685 0.681 0.688 0.689 0.688 0.689 0.689 0.689 0.688 0.689 0.689 0.688 0.689 0.689 0.686 0.686 0.686 0.686 0.686 0.686 0.685 0.685 0.684 0.684 0.684 0.684 0.682 0.681 0.677 0.677 0.677 0.672 0.663 0.663 0.663 0.663 0.662 0.663 0.658 0.664 0.663 0.663 0.663 0.663 0.663 0.662 0.662 0.659 0.659 0.659 0.66 0.661 0.661 0.666 0.663 0.661 0.663 0.667 0.666 0.671 0.674 0.674 0.675 0.677 0.686 0.686 0.686 0.686 0.689 0.696 0.702 1.294 1.302 1.303 1.303 1.312 1.312 1.314 1.312 1.312 1.316 1.323 1.331 1.333 1.332 1.333 1.336 1.345 1.359 1.361
2 9.8601 682 0 0 0 0 0 0 0 0 0 0 0 0 0 0 0 0 0 0 0 0 0 0 0 0 0 0 0 0 0 0 0 0 0 0 0 0 0 0 0 0 0 0 0 0.924 0.92 0.919 0.918 0.914 0.91 0.899 0.896 0.892 0.888 0.882 0.882 0.881 0.881 0.881 0.874 0.864 0.86 0.86 0.855 0.855 0.857 0 0 0 0 0 0 0 0 0 0 0 0 0 0 0 0 0 0 0 0 0 0 0 0 0 0 0 0 0 0 0 0 0 0 0 0 0 0 0 0 0 2.679 2.679 2.679 0 0 0 0 0 0 0 0 0 0 2.01 2.009 2.004 2.004 2.009 2.01 2.015 2.017 2.018 2.02 2.03 2.03 2.031 2.036 2.044 2.048 2.055 2.056 2.058 2.061 2.066 2.069 2.081 2.082 2.082 2.094 2.102 2.104 2.112 2.131 2.781 2.788 2.804 2.81 2.819 2.823 2.831 2.834 2.858 2.858 2.86 2.869 2.876 2.92 2.92 2.923 2.932 2.932 2.946 2.953 2.969 2.978 0 0 0 0 0 0 0 0 0 0 0 0 0 0 0 0 0 0 0 0 0 0 0 0 0 0 0 0 0 0 0 0 0 0 0 0 0 0 2.702 2.702 2.702 2.724 2.739 2.761 2.778 2.79 2.816 2.829 2.857 2.868 2.891 2.929 2.934 2.957 0 0 0 0 0 0 0 0 0 0 0 0 0 0 0 0 0 0 0 0 0 0 0 0 0 0 0 0 0 0 0 0 0 0 0 0 0 0 0 0 0 0 0 0 0 0 0 0 0 0 0 0 0 0 0 0 0 0 0 0 0 0 0 0 0 0 0 0 0 0 0 0 0 0 0 0 0 0 0 0 0 0 0 0 0 0 0 0 0 0 0 0 0 0 0 0 0 0 4.869 4.86 4.859 4.85 4.85 4.85 4.846 4.845 4.846 4.833 4.832 2.768 2.768 2.768 2.786 2.802 2.802 2.802 2.421 2.398 2.389 2.389 2.385 2.383 2.374 2.374 2.374 2.383 0 0 0 0 0 0 0 0 0 0 0 0 0 0 0 0 0 0 0 0 0 0 0 0 0 0 0 0 0 0 0 0 0 0 0 0 0 0 0 0 0 0 0 0 0 0 0 0 0 0 1.246 1.246 1.246 1.247 1.247 1.25 1.25 1.261 1.262 1.262 1.262 1.26 1.249 1.237 1.224 1.211 1.184 1.177 1.149 1.129 1.114 1.095 1.087 1.067 1.053 1.033 1.025 1.007 0.99 0.976 0.964 0.954 0.946 0.938 0.934 0.919 0.908 0.89 0.888 0.873 0.869 0.868 0.863 0.857 0.853 0.853 0.857 0.864 0.865 0.87 0.875 0.876 0.881 0.886 0.888 0.89 0.899 0.899 0.902 0.904 0.911 0.911 0.924 0.928 0.928 0.931 0.936 0.936 0.954 0.955 0.958 0.965 0.972 0.972 0.972 0.968 0.957 0.957 0.957 0.957 0.952 0.935 0.934 0.923 0.923 0.912 0.903 0.901 0.886 0.882 0.881 0.88 0.873 0.864 0.863 0.851 0.85 0.849 0.843 0.838 0.837 0.833 0.826 0.824 0.82 0.82 0.808 0.806 0.802 0.798 0.792 0.79 0.786 0.785 0.777 0.772 0.772 0.769 0.768 0.766 0.755 0.754 0.754 0.749 0.741 0.74 0.74 0.739 0.737 0.733 0.728 0.726 0.726 0.715 0.713 0.713 0.706 0.704 0.704 0.704 0.701 0.697 0.693 0.693 0.692 0.692 0.692 0.682 0.682 0.682 0.683 0.683 0.683 0.673 0.672 0.67 0.67 0.669 0.669 0.669 0.669 0.669 0.662 0.662 0.659 0.661 0.661 0.661 0.661 0.661 0.666 0.666 0.661 0.661 0.661 0.661 0.663 0.663 0.663 0.663 0.663 0.663 0.673 0.676 0.676 0.678 0.679 0.679 0.679 0.68 0.681 0.682 0.682 0.688 0.689 0.69 0.69 0.69 0.688 0.688 0.687 0.688 0.688 0.684 0.684 0.684 0.684 0.685 0.685 0.683 0.684 0.683 0.683 0.683 0.683 0.683 0.682 0.681 0.68 0.676 0.676 0.673 0.673 0.67 0.67 0.67 0.664 0.664 0.664 0.664 0.664 0.664 0.663 0.661 0.661 0.656 0.656 0.656 0.657 0.661 0.661 0.659 0.659 0.659 0.659 0.66 0.663 0.664 0.666 0.672 0.674 0.674 0.675 0.674 0.675 0.675 0.684 0.684 0.687 0.688 0.691 0.702 1.287 1.297 1.302 1.302 1.309 1.309 1.312 1.319 1.32 1.325 1.329 1.332 1.338 1.335 1.338 1.34 1.349 1.357 1.363
2 9.9601 682 0 0 0 0 0 0 0 0 0 0 0 0 0 0 0 0 0 0 0 0 0 0 0 0 0 0 0 0 0 0 0 0 0 0 0 0 0 0 0 0 0 0 0.926 0.918 0.918 0.914 0.916 0.914 0.914 0.905 0.893 0.89 0.888 0.881 0.88 0.881 0.881 0.879 0.869 0.86 0.857 0.857 0.855 0.855 0.865 0 0 0 0 0 0 0 0 0 0 0 0 0 0 0 0 0 0 0 0 0 0 0 0 0 0 0 0 0 0 0 0 0 0 0 0 0 0 0 0 0 0 0 0 0 0 0 0 0 0 0 0 0 0 2.014 2.007 2.007 2.005 2.007 2.007 2.014 2.019 2.02 2.025 2.026 2.031 2.033 2.04 2.042 2.052 2.053 2.057 2.06 2.068 2.069 2.069 2.079 2.09 2.092 2.096 2.101 2.103 2.109 2.125 2.771 2.788 2.802 2.813 2.819 2.822 2.829 2.841 2.845 2.853 2.856 2.879 2.884 2.903 2.91 2.915 2.919 2.919 2.945 2.957 2.97 2.978 0 0 0 0 0 0 0 0 0 0 0 0 0 0 0 0 0 0 0 0 0 0 0 0 0 0 0 0 0 0 0 0 0 0 0 0 0 0 2.705 2.705 2.705 2.718 2.736 2.758 2.777 2.795 2.816 2.84 2.848 2.866 2.895 2.931 2.936 2.95 3.069 0 0 0 0 0 0 0 0 0 0 0 0 0 0 0 0 0 0 0 0 0 0 0 0 0 0 0 0 0 0 0 0 0 0 0 0 0 0 0 0 0 0 0 0 0 0 0 0 0 0 0 0 0 0 0 0 0 0 0 0 0 0 0 0 0 0 0 0 0 0 0 0 0 0 0 0 0 0 0 0 0 0 0 0 0 0 0 0 0 0 0 0 0 0 0 0 0 4.872 4.864 4.862 4.857 4.855 4.85 4.848 4.848 4.848 4.837 4.835 2.916 2.906 2.906 2.906 2.924 2.928 4.792 0 0 4.792 2.536 2.536 2.528 2.511 2.511 2.511 2.512 0 0 0 0 0 0 0 0 0 0 0 0 0 0 0 0 0 0 0 0 0 0 0 0 0 0 0 0 0 0 0 0 0 0 0 0 0 0 0 0 0 0 0 0 0 0 0 0 0 0 1.254 1.246 1.246 1.246 1.246 1.246 1.249 1.262 1.263 1.263 1.263 1.256 1.255 1.232 1.223 1.209 1.186 1.177 1.155 1.144 1.12 1.1 1.084 1.061 1.055 1.024 1.017 1.016 0.991 0.977 0.977 0.969 0.959 0.943 0.921 0.92 0.907 0.897 0.885 0.876 0.865 0.862 0.853 0.853 0.853 0.855 0.856 0.86 0.863 0.872 0.873 0.877 0.881 0.881 0.887 0.887 0.896 0.901 0.901 0.91 0.912 0.915 0.916 0.922 0.922 0.931 0.934 0.935 0.945 0.957 0.965 0.967 0.978 0.978 0.978 0.966 0.964 0.964 0.966 0.966 0.946 0.933 0.923 0.921 0.921 0.915 0.908 0.897 0.893 0.887 0.885 0.885 0.875 0.867 0.859 0.859 0.854 0.849 0.847 0.842 0.833 0.83 0.829 0.829 0.822 0.814 0.807 0.801 0.797 0.796 0.79 0.788 0.786 0.784 0.774 0.772 0.772 0.772 0.758 0.758 0.758 0.753 0.749 0.744 0.743 0.74 0.74 0.737 0.736 0.736 0.727 0.724 0.722 0.716 0.712 0.708 0.707 0.707 0.706 0.704 0.698 0.698 0.698 0.697 0.686 0.686 0.685 0.683 0.683 0.685 0.687 0.687 0.687 0.672 0.668 0.667 0.667 0.667 0.667 0.667 0.667 0.667 0.664 0.664 0.658 0.658 0.658 0.659 0.659 0.66 0.667 0.667 0.661 0.66 0.661 0.661 0.662 0.662 0.662 0.662 0.662 0.672 0.672 0.672 0.673 0.673 0.673 0.673 0.678 0.679 0.679 0.685 0.685 0.686 0.687 0.687 0.687 0.687 0.687 0.687 0.687 0.687 0.687 0.687 0.685 0.685 0.685 0.685 0.685 0.685 0.686 0.683 0.683 0.683 0.681 0.681 0.681 0.678 0.677 0.675 0.675 0.674 0.672 0.672 0.668 0.67 0.667 0.667 0.663 0.663 0.661 0.663 0.663 0.662 0.659 0.659 0.659 0.66 0.66 0.66 0.662 0.662 0.662 0.66 0.663 0.663 0.661 0.668 0.671 0.673 0.675 0.675 0.675 0.675 0.676 0.679 0.684 0.684 0.69 0.69 0.693 0.703 1.297 1.297 1.297 1.297 1.309 1.31 1.312 1.313 1.314 1.321 1.324 1.328 1.335 1.335 1.34 1.34 1.353 1.355 1.359
2 10.059 682 0 0 0 0 0 0 0 0 0 0 0 0 0 0 0 0 0 0 0 0 0 0 0 0 0 0 0 0 0 0 0 0 0 0 0 0 0 0 0 0 0 0 0.922 0.916 0.916 0.912 0.91 0.907 0.9 0.896 0.891 0.888 0.884 0.884 0.88 0.882 0.882 0.878 0.872 0.86 0.855 0.855 0.854 0.854 0.856 0 0 0 0 0 0 0 0 0 0 0 0 0 0 0 0 0 0 0 0 0 0 0 0 0 0 0 0 0 0 0 0 0 0 0 0 0 0 0 0 0 2.645 2.645 2.645 0 0 0 0 0 0 0 0 0 0 2.013 2.004 2.004 2.004 2.005 2.005 2.017 2.019 2.02 2.021 2.024 2.029 2.036 2.036 2.045 2.047 2.051 2.054 2.06 2.067 2.068 2.07 2.081 2.081 2.093 2.095 2.096 2.1 2.109 2.116 2.775 2.792 2.804 2.809 2.825 2.829 2.83 2.833 2.848 2.863 2.863 2.867 2.876 2.922 2.924 2.928 2.929 2.931 2.952 2.966 2.971 2.975 0 0 0 0 0 0 0 0 0 0 0 0 0 0 0 0 0 0 0 0 0 0 0 0 0 0 0 0 0 0 0 0 0 0 0 0 0 0 2.706 2.706 2.706 2.725 2.739 2.766 2.775 2.806 2.818 2.841 2.853 2.858 2.89 2.926 2.929 2.953 0 0 0 0 0 0 0 0 0 0 0 0 0 0 0 0 0 0 0 0 0 0 0 0 0 0 0 0 0 0 0 0 0 0 0 0 0 0 0 0 0 0 0 0 0 0 0 0 0 0 0 0 0 0 0 0 0 0 0 0 0 0 0 0 0 0 0 0 0 0 0 0 0 0 0 0 0 0 0 0 0 0 0 0 0 0 0 0 0 0 0 0 0 0 0 0 0 0 0 0 4.88 4.863 4.852 4.847 4.846 4.839 4.839 4.83 4.827 2.959 2.959 2.959 2.971 2.991 3.015 4.795 4.803 4.803 4.795 2.672 2.669 2.659 2.645 2.645 2.645 2.647 0 0 0 0 0 0 0 0 0 0 0 0 0 0 0 0 0 0 0 0 0 0 0 0 0 0 0 0 0 0 0 0 0 0 0 0 0 0 0 0 0 0 0 0 0 0 0 0 0 0 1.254 1.242 1.242 1.242 1.254 1.255 1.259 1.261 1.262 1.262 1.262 1.261 1.251 1.24 1.227 1.206 1.192 1.174 1.154 1.137 1.111 1.101 1.083 1.068 1.054 1.028 1.019 1.003 0.989 0.976 0.968 0.953 0.949 0.944 0.922 0.915 0.911 0.894 0.891 0.873 0.873 0.867 0.862 0.852 0.852 0.852 0.862 0.862 0.864 0.867 0.874 0.876 0.879 0.884 0.889 0.89 0.894 0.899 0.902 0.904 0.913 0.918 0.921 0.926 0.926 0.932 0.935 0.936 0.953 0.958 0.969 0.976 0.976 0.976 0.976 0.97 0.968 0.968 0.968 0.966 0.952 0.928 0.926 0.926 0.922 0.912 0.91 0.894 0.887 0.887 0.885 0.879 0.875 0.873 0.87 0.854 0.853 0.848 0.848 0.838 0.837 0.831 0.826 0.824 0.824 0.808 0.803 0.799 0.799 0.795 0.79 0.787 0.785 0.783 0.774 0.769 0.767 0.769 0.767 0.766 0.757 0.754 0.75 0.747 0.744 0.742 0.742 0.731 0.729 0.729 0.728 0.725 0.725 0.722 0.719 0.708 0.708 0.708 0.707 0.706 0.705 0.7 0.696 0.695 0.688 0.687 0.685 0.682 0.682 0.683 0.685 0.683 0.683 0.672 0.671 0.669 0.663 0.663 0.663 0.663 0.663 0.663 0.661 0.661 0.658 0.657 0.658 0.658 0.658 0.658 0.662 0.666 0.662 0.658 0.666 0.668 0.669 0.669 0.669 0.663 0.663 0.663 0.663 0.677 0.677 0.677 0.677 0.676 0.676 0.676 0.676 0.681 0.681 0.684 0.687 0.688 0.687 0.687 0.687 0.687 0.687 0.687 0.687 0.688 0.688 0.688 0.688 0.688 0.688 0.686 0.685 0.681 0.683 0.681 0.681 0.681 0.677 0.677 0.679 0.679 0.679 0.679 0.672 0.668 0.667 0.662 0.661 0.66 0.66 0.66 0.66 0.659 0.662 0.659 0.659 0.66 0.661 0.66 0.66 0.66 0.663 0.663 0.663 0.663 0.663 0.664 0.668 0.67 0.673 0.673 0.671 0.673 0.675 0.682 0.682 0.683 0.683 0.689 0.689 0.69 0.691 0.699 1.294 1.297 1.302 1.302 1.307 1.31 1.313 1.314 1.314 1.314 1.323 1.328 1.335 1.335 1.337 1.345 1.348 1.351 1.351
2 10.159 682 0 0 0 0 0 0 0 0 0 0 0 0 0 0 0 0 0 0 0 0 0 0 0 0 0 0 0 0 0 0 0 0 0 0 0 0 0 0 0 0 0 0.938 0.93 0.921 0.914 0.912 0.911 0.909 0.909 0.907 0.897 0.894 0.882 0.882 0.88 0.88 0.88 0.88 0.87 0.86 0.859 0.859 0.851 0.851 0.862 0 0 0 0 0 0 0 0 0 0 0 0 0 0 0 0 0 0 0 0 0 0 0 0 0 0 0 0 0 0 0 0 0 0 0 0 0 0 0 0 0 0 0 0 0 0 0 0 0 0 0 0 0 0 2.006 2.003 2.003 2.003 2.009 2.012 2.014 2.016 2.02 2.023 2.023 2.031 2.033 2.037 2.037 2.037 2.056 2.057 2.061 2.062 2.069 2.074 2.078 2.087 2.089 2.092 2.094 2.103 2.109 2.125 2.78 2.792 2.796 2.809 2.823 2.826 2.829 2.846 2.848 2.85 2.855 2.873 2.881 2.918 2.918 2.924 2.924 2.924 2.934 2.956 2.976 2.979 0 0 0 0 0 0 0 0 0 0 0 0 0 0 0 0 0 0 0 0 0 0 0 0 0 0 0 0 0 0 0 0 0 0 0 0 0 0 2.7 2.7 2.7 2.723 2.743 2.756 2.777 2.796 2.814 2.833 2.858 2.867 2.879 2.927 2.937 2.954 3.077 0 0 0 0 0 0 0 0 0 0 0 0 0 0 0 0 0 0 0 0 0 0 0 0 0 0 0 0 0 0 0 0 0 0 0 0 0 0 0 0 0 0 0 0 0 0 0 0 0 0 0 0 0 0 0 0 0 0 0 0 0 0 0 0 0 0 0 0 0 0 0 0 0 0 0 0 0 0 0 0 0 0 0 0 0 0 0 0 0 0 0 0 0 0 0 0 0 0 4.875 4.872 4.866 4.859 4.855 4.848 4.841 4.841 4.838 4.833 2.988 2.988 2.988 2.993 3.017 3.028 4.793 4.8 4.8 4.793 2.857 2.831 2.827 2.827 2.827 0 0 0 0 0 0 0 0 0 0 0 0 0 0 0 0 0 0 0 0 0 0 0 0 0 0 0 0 0 0 0 0 0 0 0 0 0 0 0 0 0 0 0 0 0 0 0 0 0 0 0 0 1.251 1.25 1.247 1.247 1.25 1.25 1.252 1.263 1.269 1.269 1.269 1.259 1.25 1.236 1.225 1.2 1.19 1.17 1.15 1.138 1.109 1.099 1.087 1.061 1.056 1.03 1.015 1.001 0.994 0.98 0.962 0.949 0.943 0.936 0.926 0.909 0.905 0.892 0.892 0.88 0.877 0.872 0.861 0.857 0.855 0.857 0.861 0.861 0.866 0.869 0.877 0.879 0.882 0.884 0.89 0.892 0.894 0.901 0.904 0.91 0.916 0.919 0.919 0.925 0.919 0.925 0.936 0.941 0.953 0.955 0.967 0.972 0.974 0.974 0.974 0.96 0.959 0.959 0.959 0.959 0.954 0.936 0.93 0.926 0.921 0.913 0.908 0.901 0.891 0.89 0.886 0.882 0.881 0.868 0.865 0.854 0.85 0.848 0.847 0.838 0.831 0.828 0.828 0.824 0.822 0.812 0.811 0.799 0.798 0.795 0.784 0.784 0.78 0.78 0.774 0.774 0.774 0.77 0.761 0.761 0.761 0.755 0.751 0.75 0.746 0.746 0.74 0.739 0.735 0.729 0.723 0.717 0.717 0.717 0.714 0.713 0.711 0.706 0.705 0.704 0.7 0.7 0.698 0.697 0.693 0.689 0.684 0.681 0.681 0.683 0.683 0.683 0.683 0.675 0.675 0.671 0.671 0.666 0.666 0.666 0.666 0.666 0.661 0.659 0.659 0.659 0.659 0.66 0.66 0.658 0.658 0.659 0.658 0.658 0.659 0.659 0.662 0.662 0.663 0.668 0.672 0.672 0.672 0.675 0.675 0.675 0.675 0.68 0.68 0.68 0.68 0.682 0.683 0.688 0.688 0.689 0.686 0.686 0.686 0.686 0.686 0.686 0.686 0.686 0.686 0.687 0.686 0.686 0.688 0.686 0.686 0.686 0.686 0.682 0.682 0.682 0.682 0.682 0.68 0.676 0.676 0.673 0.671 0.671 0.67 0.667 0.664 0.663 0.66 0.663 0.66 0.66 0.662 0.662 0.658 0.658 0.657 0.657 0.657 0.657 0.657 0.657 0.657 0.662 0.662 0.663 0.663 0.666 0.673 0.673 0.674 0.674 0.674 0.676 0.676 0.681 0.684 0.684 0.688 0.689 0.692 0.698 1.289 1.293 1.302 1.302 1.311 1.311 1.313 1.315 1.316 1.316 1.318 1.336 1.336 1.336 1.337 1.338 1.346 1.356 1.356
2 10.258 682 0 0 0 0 0 0 0 0 0 0 0 0 0 0 0 0 0 0 0 0 0 0 0 0 0 0 0 0 0 0 0 0 0 0 0 0 0 0 0 0 0 0 0.925 0.918 0.913 0.911 0.909 0.907 0.904 0.899 0.89 0.888 0.885 0.884 0.882 0.88 0.88 0.879 0.878 0.859 0.856 0.856 0.856 0.856 0.857 0 0 0 0 0 0 0 0 0 0 0 0 0 0 0 0 0 0 0 0 0 0 0 0 0 0 0 0 0 0 0 0 0 0 0 0 0 0 0 0 0 2.643 2.643 2.643 0 0 0 0 0 0 0 0 0 0 2.016 2.006 2.006 2.006 2.01 2.012 2.013 2.014 2.019 2.023 2.027 2.029 2.036 2.038 2.041 2.044 2.054 2.055 2.063 2.063 2.068 2.074 2.081 2.088 2.09 2.096 2.099 2.1 2.108 2.127 2.779 2.794 2.804 2.809 2.82 2.823 2.827 2.839 2.847 2.859 2.86 2.877 2.879 2.919 2.924 2.926 2.929 2.929 2.932 2.952 2.97 2.971 0 0 0 0 0 0 0 0 0 0 0 0 0 0 0 0 0 0 0 0 0 0 0 0 0 0 0 0 0 0 0 0 0 0 0 0 0 0 2.7 2.7 2.7 2.71 2.747 2.756 2.782 2.799 2.809 2.841 2.858 2.867 2.887 2.914 2.931 2.948 3.062 0 0 0 0 0 0 0 0 0 0 0 0 0 0 0 0 0 0 0 0 0 0 0 0 0 0 0 0 0 0 0 0 0 0 0 0 0 0 0 0 0 0 0 0 0 0 0 0 0 0 0 0 0 0 0 0 0 0 0 0 0 0 0 0 0 0 0 0 0 0 0 0 0 0 0 0 0 0 0 0 0 0 0 0 0 0 0 0 0 0 0 0 0 0 0 0 0 0 4.882 4.868 4.859 4.856 4.855 4.851 4.841 4.841 4.831 4.821 3.005 3.005 3.005 3.005 3.022 3.042 4.802 0 4.802 3.083 3.049 3.043 3.028 3.028 3.028 0 0 0 0 0 0 0 0 0 0 0 0 0 0 0 0 0 0 0 0 0 0 0 0 0 0 0 0 0 0 0 0 0 0 0 0 0 0 0 0 0 0 0 0 0 0 0 0 0 0 0 0 1.244 1.244 1.244 1.244 1.245 1.247 1.253 1.264 1.266 1.266 1.266 1.258 1.255 1.235 1.217 1.203 1.188 1.173 1.158 1.137 1.116 1.101 1.09 1.074 1.047 1.033 1.024 1.024 1.007 0.999 0.973 0.948 0.945 0.944 0.928 0.912 0.907 0.894 0.891 0.874 0.867 0.866 0.86 0.854 0.85 0.85 0.855 0.855 0.856 0.865 0.868 0.874 0.879 0.88 0.884 0.892 0.896 0.9 0.903 0.91 0.911 0.918 0.922 0.923 0.923 0.931 0.935 0.944 0.956 0.96 0.96 0.967 0.982 0.982 0.982 0.969 0.964 0.964 0.964 0.957 0.952 0.934 0.927 0.923 0.921 0.909 0.907 0.905 0.888 0.887 0.886 0.877 0.875 0.866 0.863 0.86 0.853 0.847 0.843 0.838 0.838 0.834 0.827 0.822 0.815 0.814 0.813 0.81 0.796 0.793 0.786 0.786 0.783 0.781 0.776 0.774 0.769 0.766 0.766 0.764 0.754 0.754 0.747 0.747 0.745 0.744 0.742 0.741 0.741 0.728 0.726 0.724 0.722 0.717 0.714 0.711 0.71 0.707 0.706 0.706 0.706 0.705 0.692 0.692 0.688 0.687 0.683 0.683 0.683 0.683 0.685 0.685 0.685 0.676 0.669 0.668 0.669 0.668 0.668 0.668 0.668 0.66 0.668 0.666 0.663 0.663 0.663 0.663 0.663 0.661 0.664 0.664 0.657 0.657 0.657 0.657 0.666 0.666 0.666 0.664 0.664 0.664 0.674 0.674 0.674 0.676 0.677 0.679 0.679 0.679 0.679 0.684 0.686 0.689 0.689 0.691 0.689 0.689 0.689 0.685 0.685 0.685 0.685 0.686 0.688 0.688 0.688 0.688 0.684 0.684 0.684 0.684 0.685 0.685 0.684 0.678 0.678 0.677 0.678 0.677 0.677 0.675 0.671 0.671 0.671 0.671 0.664 0.669 0.669 0.669 0.669 0.669 0.667 0.664 0.662 0.659 0.655 0.655 0.657 0.657 0.66 0.662 0.662 0.66 0.662 0.666 0.668 0.668 0.669 0.669 0.669 0.673 0.677 0.683 0.683 0.685 0.686 0.686 0.692 0.692 0.695 0.702 1.288 1.299 1.304 1.304 1.309 1.309 1.315 1.315 1.32 1.323 1.327 1.333 1.335 1.335 1.34 1.341 1.351 1.354 1.357
2 10.358 682 0 0 0 0 0 0 0 0 0 0 0 0 0 0 0 0 0 0 0 0 0 0 0 0 0 0 0 0 0 0 0 0 0 0 0 0 0 0 0 0 0 0 0.933 0.923 0.913 0.914 0.913 0.911 0.902 0.899 0.896 0.893 0.886 0.886 0.882 0.88 0.88 0.872 0.87 0.859 0.856 0.856 0.852 0.852 0.857 0 0 0 0 0 0 0 0 0 0 0 0 0 0 0 0 0 0 0 0 0 0 0 0 0 0 0 0 0 0 0 0 0 0 0 0 0 0 0 0 0 0 0 0 0 0 0 0 0 0 0 0 0 0 2.018 2.001 2.001 2.001 2.002 2.002 2.013 2.014 2.02 2.022 2.029 2.03 2.032 2.036 2.043 2.043 2.051 2.058 2.058 2.06 2.061 2.074 2.08 2.081 2.091 2.091 2.099 2.105 2.109 2.119 2.785 2.789 2.811 2.812 2.822 2.827 2.831 2.832 2.845 2.858 2.862 2.87 2.883 2.915 2.915 2.921 2.922 2.936 2.943 2.961 2.97 2.973 0 0 0 0 0 0 0 0 0 0 0 0 0 0 0 0 0 0 0 0 0 0 0 0 0 0 0 0 0 0 0 0 0 0 0 0 0 0 2.692 2.692 2.692 2.728 2.738 2.761 2.796 2.796 2.821 2.825 2.854 2.868 2.885 2.927 2.935 2.945 0 0 0 0 0 0 0 0 0 0 0 0 0 0 0 0 0 0 0 0 0 0 0 0 0 0 0 0 0 0 0 0 0 0 0 0 0 0 0 0 0 0 0 0 0 0 0 0 0 0 0 0 0 0 0 0 0 0 0 0 0 0 0 0 0 0 0 0 0 0 0 0 0 0 0 0 0 0 0 0 0 0 0 0 0 0 0 0 0 0 0 0 0 0 0 0 0 0 0 0 0 4.851 4.851 4.851 4.85 4.843 4.843 4.832 4.829 3.052 3.037 3.037 3.037 3.06 3.063 3.281 3.281 3.281 3.259 3.258 3.258 3.259 3.273 3.339 0 0 0 0 0 0 0 0 0 0 0 0 0 0 0 0 0 0 0 0 0 0 0 0 0 0 0 0 0 0 0 0 0 0 0 0 0 0 0 0 0 0 0 0 0 0 0 0 0 0 0 0 1.246 1.246 1.245 1.245 1.245 1.252 1.252 1.261 1.262 1.262 1.263 1.261 1.258 1.24 1.227 1.205 1.185 1.168 1.153 1.144 1.11 1.107 1.077 1.067 1.049 1.029 1.026 1.005 0.984 0.973 0.967 0.956 0.955 0.946 0.927 0.918 0.903 0.891 0.888 0.872 0.865 0.863 0.856 0.853 0.853 0.853 0.857 0.859 0.868 0.874 0.875 0.876 0.885 0.885 0.89 0.891 0.893 0.901 0.903 0.909 0.912 0.913 0.923 0.926 0.926 0.928 0.931 0.932 0.943 0.955 0.958 0.968 0.976 0.976 0.976 0.967 0.966 0.966 0.966 0.966 0.943 0.928 0.926 0.921 0.92 0.91 0.902 0.894 0.893 0.89 0.884 0.879 0.874 0.862 0.861 0.861 0.853 0.851 0.849 0.845 0.834 0.83 0.829 0.828 0.825 0.813 0.808 0.803 0.795 0.794 0.788 0.788 0.787 0.783 0.779 0.774 0.769 0.769 0.765 0.76 0.754 0.754 0.747 0.747 0.746 0.736 0.736 0.736 0.727 0.731 0.727 0.721 0.72 0.72 0.71 0.71 0.706 0.705 0.704 0.702 0.702 0.7 0.699 0.699 0.698 0.689 0.688 0.687 0.685 0.685 0.685 0.683 0.679 0.675 0.672 0.669 0.669 0.668 0.666 0.666 0.664 0.664 0.664 0.659 0.658 0.659 0.659 0.659 0.66 0.66 0.66 0.66 0.658 0.655 0.658 0.658 0.661 0.666 0.666 0.666 0.67 0.666 0.669 0.67 0.674 0.679 0.679 0.679 0.679 0.682 0.682 0.682 0.682 0.683 0.683 0.687 0.689 0.689 0.687 0.688 0.684 0.684 0.685 0.687 0.685 0.685 0.685 0.682 0.682 0.682 0.685 0.685 0.685 0.685 0.684 0.682 0.68 0.68 0.679 0.679 0.679 0.679 0.673 0.666 0.664 0.661 0.661 0.662 0.661 0.661 0.661 0.661 0.661 0.661 0.662 0.662 0.661 0.661 0.661 0.661 0.662 0.662 0.662 0.662 0.662 0.662 0.664 0.667 0.668 0.67 0.672 0.673 0.676 0.678 0.679 0.682 0.682 0.683 0.683 0.683 0.699 0.705 1.292 1.303 1.303 1.303 1.306 1.307 1.307 1.311 1.313 1.313 1.328 1.331 1.335 1.335 1.338 1.342 1.342 1.355 1.364
2 10.458 682 0 0 0 0 0 0 0 0 0 0 0 0 0 0 0 0 0 0 0 0 0 0 0 0 0 0 0 0 0 0 0 0 0 0 0 0 0 0 0 0 0 0 0.924 0.923 0.92 0.913 0.912 0.91 0.909 0.901 0.898 0.888 0.882 0.882 0.88 0.88 0.879 0.875 0.874 0.857 0.853 0.853 0.85 0.85 0.861 0 0 0 0 0 0 0 0 0 0 0 0 0 0 0 0 0 0 0 0 0 0 0 0 0 0 0 0 0 0 0 0 0 0 0 0 0 0 0 0 0 0 0 0 0 0 0 0 0 0 0 0 0 0 2.016 2 2 2 2.004 2.012 2.016 2.017 2.022 2.023 2.024 2.026 2.035 2.038 2.042 2.043 2.051 2.054 2.058 2.063 2.066 2.072 2.081 2.084 2.095 2.096 2.1 2.106 2.109 2.123 2.781 2.798 2.804 2.807 2.809 2.823 2.832 2.84 2.854 2.863 2.863 2.871 2.88 2.91 2.914 2.923 2.929 2.929 2.951 2.952 2.964 2.976 0 0 0 0 0 0 0 0 0 0 0 0 0 0 0 0 0 0 0 0 0 0 0 0 0 0 0 0 0 0 0 0 0 0 0 0 0 0 2.698 2.698 2.698 2.723 2.742 2.762 2.78 2.796 2.816 2.834 2.851 2.862 2.89 2.919 2.93 2.955 3.076 0 0 0 0 0 0 0 0 0 0 0 0 0 0 0 0 0 0 0 0 0 0 0 0 0 0 0 0 0 0 0 0 0 0 0 0 0 0 0 0 0 0 0 0 0 0 0 0 0 0 0 0 0 0 0 0 0 0 0 0 0 0 0 0 0 0 0 0 0 0 0 0 0 0 0 0 0 0 0 0 0 0 0 0 0 0 0 0 0 0 0 0 0 0 0 0 0 4.86 4.86 4.857 4.855 4.852 4.847 4.842 4.832 4.831 4.827 4.824 3.121 3.101 3.101 3.101 3.101 3.119 3.134 3.481 3.486 3.499 0 0 0 0 0 0 0 0 0 0 0 0 0 0 0 0 0 0 0 0 0 0 0 0 0 0 0 0 0 0 0 0 0 0 0 0 0 0 0 0 0 0 0 0 0 0 0 0 0 0 0 0 0 0 0 0 0 1.245 1.245 1.245 1.249 1.253 1.256 1.256 1.26 1.26 1.26 1.266 1.26 1.254 1.236 1.223 1.209 1.183 1.179 1.153 1.132 1.111 1.101 1.084 1.068 1.056 1.032 1.022 1.007 0.985 0.969 0.965 0.953 0.948 0.936 0.925 0.922 0.905 0.9 0.892 0.877 0.867 0.862 0.859 0.852 0.852 0.855 0.857 0.857 0.862 0.867 0.876 0.878 0.878 0.887 0.89 0.891 0.896 0.9 0.905 0.908 0.911 0.92 0.92 0.921 0.92 0.93 0.931 0.931 0.952 0.963 0.966 0.969 0.97 0.97 0.97 0.969 0.965 0.965 0.965 0.965 0.952 0.934 0.93 0.914 0.912 0.911 0.904 0.898 0.893 0.887 0.88 0.88 0.878 0.87 0.859 0.854 0.849 0.844 0.842 0.84 0.836 0.828 0.826 0.822 0.812 0.808 0.8 0.797 0.797 0.792 0.791 0.791 0.784 0.783 0.775 0.77 0.77 0.768 0.766 0.764 0.758 0.75 0.75 0.749 0.748 0.745 0.744 0.732 0.731 0.728 0.723 0.722 0.72 0.719 0.716 0.708 0.707 0.707 0.705 0.704 0.698 0.695 0.691 0.691 0.69 0.686 0.684 0.683 0.683 0.683 0.683 0.683 0.683 0.68 0.677 0.671 0.669 0.668 0.669 0.668 0.663 0.659 0.663 0.662 0.656 0.662 0.662 0.662 0.659 0.659 0.659 0.658 0.658 0.658 0.663 0.663 0.67 0.67 0.67 0.668 0.668 0.668 0.67 0.672 0.674 0.679 0.68 0.679 0.68 0.68 0.68 0.684 0.684 0.684 0.689 0.69 0.689 0.689 0.69 0.687 0.685 0.687 0.687 0.687 0.689 0.689 0.685 0.685 0.685 0.685 0.684 0.68 0.68 0.68 0.68 0.679 0.679 0.678 0.676 0.676 0.676 0.678 0.674 0.677 0.674 0.667 0.667 0.667 0.666 0.666 0.666 0.664 0.662 0.66 0.66 0.66 0.66 0.659 0.658 0.658 0.658 0.658 0.658 0.658 0.661 0.661 0.664 0.666 0.671 0.672 0.672 0.675 0.676 0.68 0.682 0.681 0.684 0.685 0.685 0.685 0.696 0.702 1.292 1.295 1.301 1.301 1.31 1.31 1.311 1.316 1.319 1.324 1.325 1.331 1.333 1.333 1.336 1.338 1.346 1.355 1.356
2 10.558 682 0 0 0 0 0 0 0 0 0 0 0 0 0 0 0 0 0 0 0 0 0 0 0 0 0 0 0 0 0 0 0 0 0 0 0 0 0 0 0 0 0 0 0.934 0.93 0.92 0.918 0.918 0.913 0.912 0.905 0.893 0.887 0.878 0.878 0.877 0.878 0.877 0.877 0.875 0.862 0.856 0.847 0.847 0.847 0.856 0.862 0 0 0 0 0 0 0 0 0 0 0 0 0 0 0 0 0 0 0 0 0 0 0 0 0 0 0 0 0 0 0 0 0 0 0 0 0 0 0 0 0 0 0 0 0 0 0 0 0 0 0 0 0 2.005 1.999 1.999 1.999 2.007 2.008 2.009 2.016 2.019 2.02 2.024 2.032 2.035 2.036 2.039 2.043 2.054 2.06 2.062 2.066 2.066 2.067 2.081 2.087 2.089 2.092 2.099 2.102 2.104 2.12 2.778 2.796 2.806 2.806 2.812 2.829 2.835 2.838 2.847 2.85 2.87 2.873 2.878 2.921 2.921 2.924 2.93 2.945 2.943 2.945 2.966 2.973 0 0 0 0 0 0 0 0 0 0 0 0 0 0 0 0 0 0 0 0 0 0 0 0 0 0 0 0 0 0 0 0 0 0 0 0 0 0 2.697 2.697 2.697 2.723 2.74 2.766 2.785 2.806 2.822 2.839 2.852 2.87 2.887 2.92 2.932 2.956 3.089 0 0 0 0 0 0 0 0 0 0 0 0 0 0 0 0 0 0 0 0 0 0 0 0 0 0 0 0 0 0 0 0 0 0 0 0 0 0 0 0 0 0 0 0 0 0 0 0 0 0 0 0 0 0 0 0 0 0 0 0 0 0 0 0 0 0 0 0 0 0 0 0 0 0 0 0 0 0 0 0 0 0 0 0 0 0 0 0 0 0 0 0 0 0 0 0 0 0 4.872 4.86 4.855 4.854 4.854 4.845 4.844 4.831 4.826 4.813 3.199 3.199 3.199 3.212 3.212 3.231 3.252 3.603 3.618 3.641 3.641 4.787 4.787 4.791 4.791 0 0 0 0 0 0 0 0 0 0 0 0 0 0 0 0 0 0 0 0 0 0 0 0 0 0 0 0 0 0 0 0 0 0 0 0 0 0 0 0 0 0 0 0 0 0 0 0 0 0 0 0 1.253 1.247 1.245 1.245 1.245 1.245 1.253 1.253 1.261 1.261 1.264 1.261 1.253 1.251 1.221 1.215 1.184 1.183 1.156 1.139 1.114 1.101 1.091 1.067 1.067 1.054 1.032 1.01 0.993 0.977 0.972 0.955 0.947 0.936 0.928 0.915 0.909 0.889 0.888 0.877 0.873 0.864 0.855 0.851 0.851 0.855 0.859 0.866 0.867 0.87 0.874 0.877 0.88 0.881 0.881 0.888 0.896 0.9 0.909 0.909 0.913 0.914 0.921 0.923 0.923 0.926 0.932 0.94 0.953 0.953 0.965 0.974 0.976 0.976 0.976 0.968 0.965 0.965 0.965 0.958 0.956 0.938 0.928 0.925 0.919 0.913 0.901 0.898 0.892 0.89 0.885 0.885 0.877 0.876 0.861 0.859 0.856 0.845 0.844 0.838 0.83 0.827 0.822 0.82 0.818 0.811 0.808 0.807 0.806 0.794 0.791 0.785 0.784 0.782 0.781 0.774 0.77 0.77 0.764 0.762 0.76 0.753 0.752 0.747 0.747 0.744 0.743 0.742 0.742 0.729 0.724 0.724 0.724 0.723 0.706 0.706 0.702 0.702 0.702 0.702 0.701 0.699 0.695 0.695 0.691 0.686 0.682 0.682 0.682 0.682 0.682 0.682 0.682 0.669 0.669 0.669 0.669 0.668 0.668 0.669 0.666 0.666 0.664 0.664 0.663 0.66 0.657 0.66 0.66 0.66 0.664 0.664 0.663 0.661 0.663 0.663 0.667 0.667 0.668 0.672 0.672 0.672 0.674 0.675 0.676 0.676 0.678 0.678 0.682 0.684 0.684 0.684 0.684 0.684 0.688 0.687 0.687 0.687 0.687 0.686 0.686 0.686 0.686 0.686 0.686 0.686 0.686 0.686 0.683 0.684 0.683 0.682 0.683 0.682 0.681 0.681 0.681 0.681 0.68 0.678 0.678 0.67 0.669 0.669 0.669 0.666 0.662 0.666 0.668 0.662 0.661 0.667 0.661 0.66 0.66 0.659 0.659 0.659 0.657 0.659 0.659 0.659 0.663 0.663 0.664 0.664 0.664 0.667 0.667 0.667 0.669 0.673 0.674 0.674 0.681 0.681 0.682 0.682 0.685 0.686 0.699 0.706 1.296 1.305 1.309 1.307 1.309 1.31 1.312 1.314 1.315 1.318 1.323 1.332 1.34 1.336 1.34 1.341 1.346 1.357 1.359
2 10.657 682 0 0 0 0 0 0 0 0 0 0 0 0 0 0 0 0 0 0 0 0 0 0 0 0 0 0 0 0 0 0 0 0 0 0 0 0 0 0 0 0 0 0 0.924 0.919 0.919 0.913 0.913 0.913 0.913 0.899 0.899 0.888 0.885 0.885 0.881 0.881 0.881 0.876 0.873 0.86 0.859 0.859 0.851 0.851 0.86 0 0 0 0 0 0 0 0 0 0 0 0 0 0 0 0 0 0 0 0 0 0 0 0 0 0 0 0 0 0 0 0 0 0 0 0 0 0 0 0 0 2.657 2.657 2.657 0 0 0 0 0 0 0 0 0 0 2.013 2.005 2.005 2.005 2.006 2.007 2.012 2.017 2.022 2.025 2.027 2.03 2.031 2.041 2.041 2.045 2.047 2.06 2.062 2.062 2.064 2.073 2.079 2.083 2.092 2.092 2.101 2.101 2.104 2.132 2.775 2.8 2.806 2.807 2.817 2.825 2.829 2.839 2.851 2.853 2.861 2.871 2.878 2.909 2.911 2.924 2.927 2.941 2.941 2.955 2.979 2.981 0 0 0 0 0 0 0 0 0 0 0 0 0 0 0 0 0 0 0 0 0 0 0 0 0 0 0 0 0 0 0 0 0 0 0 0 0 0 2.705 2.705 2.705 2.715 2.736 2.765 2.784 2.807 2.816 2.841 2.851 2.869 2.888 2.916 2.927 2.95 3.079 0 0 0 0 0 0 0 0 0 0 0 0 0 0 0 0 0 0 0 0 0 0 0 0 0 0 0 0 0 0 0 0 0 0 0 0 0 0 0 0 0 0 0 0 0 0 0 0 0 0 0 0 0 0 0 0 0 0 0 0 0 0 0 0 0 0 0 0 0 0 0 0 0 0 0 0 0 0 0 0 0 0 0 0 0 0 0 0 0 0 0 0 0 0 0 0 0 0 4.866 4.864 4.863 4.863 4.845 4.838 4.838 4.834 4.829 3.322 3.322 3.322 3.325 3.358 3.372 3.69 3.69 3.708 3.708 3.708 3.728 4.789 4.789 4.791 4.791 0 0 0 0 0 0 0 0 0 0 0 0 0 0 0 0 0 0 0 0 0 0 0 0 0 0 0 0 0 0 0 0 0 0 0 0 0 0 0 0 0 0 0 0 0 0 0 0 0 0 0 0 1.25 1.247 1.247 1.247 1.25 1.25 1.255 1.256 1.263 1.263 1.263 1.259 1.255 1.246 1.226 1.205 1.188 1.171 1.154 1.134 1.117 1.103 1.084 1.066 1.051 1.027 1.018 1.003 0.998 0.982 0.968 0.955 0.949 0.941 0.927 0.915 0.907 0.891 0.885 0.877 0.868 0.867 0.857 0.854 0.854 0.854 0.856 0.861 0.863 0.865 0.87 0.877 0.882 0.891 0.896 0.896 0.896 0.899 0.903 0.911 0.919 0.919 0.919 0.92 0.92 0.928 0.93 0.93 0.941 0.957 0.966 0.968 0.977 0.977 0.977 0.97 0.97 0.97 0.97 0.963 0.953 0.934 0.93 0.927 0.923 0.919 0.907 0.896 0.892 0.888 0.884 0.882 0.88 0.864 0.864 0.857 0.852 0.845 0.843 0.842 0.831 0.829 0.825 0.823 0.822 0.808 0.806 0.799 0.797 0.793 0.793 0.792 0.785 0.778 0.774 0.772 0.768 0.766 0.763 0.761 0.758 0.749 0.746 0.746 0.746 0.745 0.744 0.735 0.735 0.729 0.727 0.726 0.723 0.716 0.712 0.71 0.704 0.702 0.702 0.702 0.7 0.699 0.697 0.695 0.695 0.695 0.684 0.679 0.679 0.679 0.684 0.684 0.684 0.672 0.671 0.67 0.669 0.668 0.669 0.669 0.668 0.668 0.666 0.666 0.664 0.664 0.664 0.664 0.66 0.666 0.666 0.664 0.664 0.664 0.664 0.666 0.666 0.666 0.668 0.668 0.669 0.669 0.67 0.671 0.672 0.676 0.676 0.68 0.68 0.681 0.681 0.683 0.683 0.687 0.688 0.689 0.689 0.689 0.688 0.688 0.686 0.688 0.686 0.686 0.687 0.687 0.687 0.687 0.687 0.687 0.689 0.689 0.689 0.683 0.683 0.681 0.681 0.681 0.681 0.679 0.679 0.677 0.677 0.674 0.668 0.666 0.663 0.663 0.663 0.664 0.662 0.664 0.666 0.666 0.662 0.662 0.66 0.66 0.657 0.66 0.66 0.66 0.662 0.662 0.662 0.662 0.663 0.664 0.666 0.67 0.67 0.67 0.67 0.675 0.68 0.682 0.682 0.683 0.687 0.692 0.692 0.703 1.296 1.303 1.306 1.306 1.31 1.31 1.31 1.314 1.314 1.314 1.329 1.338 1.339 1.338 1.339 1.34 1.342 1.362 1.364
2 10.757 682 0 0 0 0 0 0 0 0 0 0 0 0 0 0 0 0 0 0 0 0 0 0 0 0 0 0 0 0 0 0 0 0 0 0 0 0 0 0 0 0 0 0 0 0.924 0.92 0.912 0.912 0.911 0.911 0.904 0.893 0.891 0.886 0.886 0.882 0.885 0.885 0.875 0.87 0.856 0.852 0.852 0.851 0.851 0.863 0 0 0 0 0 0 0 0 0 0 0 0 0 0 0 0 0 0 0 0 0 0 0 0 0 0 0 0 0 0 0 0 0 0 0 0 0 0 0 0 0 0 0 0 0 0 0 0 0 0 0 0 0 0 2.008 2 2 2 2.004 2.004 2.009 2.021 2.023 2.026 2.029 2.031 2.033 2.037 2.037 2.041 2.049 2.058 2.059 2.063 2.064 2.071 2.082 2.089 2.09 2.091 2.097 2.1 2.108 2.117 2.781 2.788 2.803 2.806 2.817 2.821 2.828 2.849 2.849 2.858 2.86 2.868 2.885 2.931 2.931 2.931 2.932 2.936 2.936 2.955 2.964 0 0 0 0 0 0 0 0 0 0 0 0 0 0 0 0 0 0 0 0 0 0 0 0 0 0 0 0 0 0 0 0 0 0 0 0 0 0 0 2.701 2.701 2.701 2.722 2.735 2.761 2.782 2.792 2.816 2.832 2.854 2.855 2.89 2.917 2.927 2.956 3.074 0 0 0 0 0 0 0 0 0 0 0 0 0 0 0 0 0 0 0 0 0 0 0 0 0 0 0 0 0 0 0 0 0 0 0 0 0 0 0 0 0 0 0 0 0 0 0 0 0 0 0 0 0 0 0 0 0 0 0 0 0 0 0 0 0 0 0 0 0 0 0 0 0 0 0 0 0 0 0 0 0 0 0 0 0 0 0 0 0 0 0 0 0 0 0 0 0 4.869 4.865 4.864 4.856 4.852 4.852 4.852 4.852 4.847 4.847 3.451 3.451 3.451 4.795 4.795 4.795 4.779 3.771 3.746 3.746 3.746 3.751 4.793 4.793 4.796 4.796 0 0 0 0 0 0 0 0 0 0 0 0 0 0 0 0 0 0 0 0 0 0 0 0 0 0 0 0 0 0 0 0 0 0 0 0 0 0 0 0 0 0 0 0 0 0 0 0 0 0 0 0 1.252 1.246 1.246 1.249 1.249 1.249 1.25 1.261 1.262 1.262 1.261 1.256 1.254 1.242 1.223 1.21 1.188 1.174 1.164 1.141 1.12 1.096 1.081 1.058 1.056 1.027 1.025 1.005 0.988 0.979 0.969 0.962 0.947 0.944 0.925 0.913 0.912 0.898 0.888 0.876 0.869 0.866 0.85 0.85 0.85 0.85 0.852 0.857 0.863 0.877 0.878 0.88 0.881 0.884 0.886 0.887 0.891 0.898 0.907 0.911 0.911 0.913 0.922 0.923 0.923 0.93 0.94 0.941 0.947 0.953 0.965 0.967 0.976 0.976 0.976 0.969 0.967 0.967 0.969 0.956 0.945 0.931 0.93 0.926 0.924 0.912 0.904 0.901 0.893 0.882 0.881 0.88 0.872 0.872 0.87 0.864 0.848 0.848 0.843 0.839 0.831 0.83 0.826 0.824 0.82 0.805 0.805 0.805 0.797 0.787 0.787 0.787 0.785 0.783 0.779 0.775 0.775 0.769 0.767 0.761 0.761 0.758 0.755 0.751 0.744 0.744 0.741 0.74 0.736 0.733 0.729 0.727 0.723 0.719 0.715 0.71 0.707 0.706 0.706 0.706 0.699 0.696 0.695 0.693 0.691 0.69 0.687 0.684 0.684 0.684 0.687 0.684 0.684 0.676 0.671 0.671 0.672 0.67 0.67 0.67 0.666 0.666 0.667 0.667 0.667 0.667 0.658 0.658 0.658 0.66 0.66 0.66 0.66 0.66 0.661 0.664 0.664 0.663 0.663 0.662 0.662 0.662 0.668 0.669 0.671 0.671 0.677 0.68 0.68 0.681 0.683 0.683 0.681 0.681 0.683 0.683 0.683 0.683 0.683 0.687 0.685 0.689 0.689 0.687 0.687 0.687 0.682 0.682 0.682 0.682 0.683 0.684 0.686 0.686 0.683 0.68 0.68 0.68 0.68 0.679 0.679 0.672 0.671 0.667 0.664 0.664 0.664 0.664 0.664 0.659 0.659 0.661 0.661 0.659 0.659 0.659 0.659 0.658 0.656 0.656 0.662 0.662 0.662 0.662 0.664 0.668 0.668 0.669 0.671 0.671 0.674 0.674 0.675 0.679 0.681 0.685 0.686 0.685 0.686 0.695 0.696 0.705 1.29 1.302 1.303 1.303 1.309 1.311 1.313 1.314 1.315 1.315 1.329 1.33 1.332 1.332 1.336 1.337 1.346 1.359 1.364
2 10.856 682 0 0 0 0 0 0 0 0 0 0 0 0 0 0 0 0 0 0 0 0 0 0 0 0 0 0 0 0 0 0 0 0 0 0 0 0 0 0 0 0 0 0 0 0.919 0.912 0.91 0.91 0.91 0.908 0.908 0.894 0.889 0.886 0.886 0.884 0.88 0.88 0.875 0.868 0.862 0.855 0.855 0.849 0.849 0.868 0 0 0 0 0 0 0 0 0 0 0 0 0 0 0 0 0 0 0 0 0 0 0 0 0 0 0 0 0 0 0 0 0 0 0 0 0 0 0 0 0 2.638 2.638 2.638 0 0 0 0 0 0 0 0 0 0 2.012 2.005 2.005 2.005 2.007 2.012 2.014 2.017 2.02 2.021 2.03 2.03 2.031 2.037 2.038 2.043 2.054 2.06 2.06 2.062 2.062 2.067 2.074 2.079 2.089 2.095 2.095 2.111 2.111 2.118 2.767 2.793 2.806 2.813 2.816 2.826 2.839 2.839 2.843 2.846 2.867 2.867 2.884 2.92 2.92 2.921 2.93 2.936 2.952 2.955 2.963 2.973 0 0 0 0 0 0 0 0 0 0 0 0 0 0 0 0 0 0 0 0 0 0 0 0 0 0 0 0 0 0 0 0 0 0 0 0 0 0 2.709 2.709 2.709 2.717 2.748 2.766 2.781 2.792 2.819 2.834 2.854 2.872 2.886 2.924 2.94 2.948 0 0 0 0 0 0 0 0 0 0 0 0 0 0 0 0 0 0 0 0 0 0 0 0 0 0 0 0 0 0 0 0 0 0 0 0 0 0 0 0 0 0 0 0 0 0 0 0 0 0 0 0 0 0 0 0 0 0 0 0 0 0 0 0 0 0 0 0 0 0 0 0 0 0 0 0 0 0 0 0 0 0 0 0 0 0 0 0 0 0 0 0 0 0 0 0 0 0 4.875 4.868 4.859 4.858 4.851 4.849 4.849 4.849 4.849 4.843 0 0 0 0 0 0 4.802 4.783 3.766 3.766 3.766 3.776 4.791 4.792 4.795 4.795 0 0 0 0 0 0 0 0 0 0 0 0 0 0 0 0 0 0 0 0 0 0 0 0 0 0 0 0 0 0 0 0 0 0 0 0 0 0 0 0 0 0 0 0 0 0 0 0 0 0 0 0 1.247 1.246 1.246 1.246 1.247 1.251 1.254 1.26 1.269 1.269 1.269 1.262 1.256 1.242 1.233 1.206 1.189 1.172 1.146 1.137 1.137 1.119 1.102 1.065 1.051 1.023 1.019 1.004 0.988 0.977 0.968 0.957 0.953 0.947 0.925 0.912 0.908 0.893 0.881 0.874 0.873 0.865 0.857 0.856 0.856 0.857 0.861 0.862 0.865 0.874 0.874 0.878 0.879 0.881 0.888 0.893 0.899 0.899 0.903 0.912 0.914 0.916 0.926 0.927 0.927 0.931 0.933 0.936 0.949 0.956 0.962 0.964 0.973 0.973 0.973 0.973 0.963 0.963 0.963 0.963 0.947 0.932 0.928 0.922 0.913 0.909 0.901 0.894 0.891 0.885 0.884 0.884 0.87 0.868 0.863 0.854 0.845 0.845 0.843 0.84 0.833 0.829 0.822 0.818 0.818 0.811 0.807 0.805 0.799 0.794 0.792 0.786 0.785 0.781 0.776 0.776 0.77 0.77 0.765 0.763 0.757 0.753 0.75 0.747 0.747 0.745 0.74 0.736 0.734 0.732 0.724 0.722 0.722 0.719 0.714 0.71 0.707 0.704 0.704 0.701 0.7 0.7 0.692 0.692 0.69 0.688 0.684 0.684 0.681 0.681 0.685 0.685 0.681 0.672 0.669 0.667 0.667 0.667 0.666 0.666 0.666 0.662 0.662 0.66 0.66 0.66 0.661 0.661 0.661 0.662 0.667 0.668 0.667 0.667 0.667 0.667 0.664 0.664 0.667 0.667 0.667 0.667 0.673 0.674 0.674 0.676 0.676 0.676 0.676 0.676 0.676 0.676 0.679 0.687 0.687 0.688 0.688 0.688 0.688 0.687 0.687 0.687 0.684 0.684 0.68 0.683 0.683 0.686 0.684 0.686 0.688 0.686 0.688 0.688 0.687 0.686 0.681 0.681 0.681 0.676 0.676 0.672 0.669 0.667 0.667 0.664 0.664 0.664 0.662 0.661 0.659 0.659 0.661 0.658 0.658 0.658 0.658 0.658 0.658 0.658 0.66 0.66 0.663 0.66 0.663 0.663 0.666 0.667 0.669 0.671 0.672 0.675 0.677 0.681 0.683 0.683 0.684 0.687 0.688 0.688 0.697 0.705 1.287 1.301 1.304 1.304 1.313 1.314 1.314 1.314 1.314 1.319 1.335 1.335 1.335 1.335 1.335 1.335 1.341 1.355 1.359
2 10.956 682 0 0 0 0 0 0 0 0 0 0 0 0 0 0 0 0 0 0 0 0 0 0 0 0 0 0 0 0 0 0 0 0 0 0 0 0 0 0 0 0 0 0 0 0 0.926 0.92 0.92 0.911 0.907 0.903 0.891 0.885 0.881 0.881 0.879 0.879 0.877 0.877 0.876 0.854 0.852 0.852 0.852 0.852 0.862 0 0 0 0 0 0 0 0 0 0 0 0 0 0 0 0 0 0 0 0 0 0 0 0 0 0 0 0 0 0 0 0 0 0 0 0 0 0 0 0 0 0 0 0 0 0 0 0 0 0 0 0 0 0 2.007 2.005 2.005 2.005 2.007 2.008 2.01 2.017 2.018 2.02 2.02 2.031 2.032 2.035 2.037 2.045 2.057 2.063 2.066 2.066 2.069 2.069 2.075 2.087 2.094 2.095 2.099 2.102 2.106 2.125 2.785 2.789 2.793 2.805 2.821 2.83 2.836 2.842 2.854 2.856 2.863 2.867 2.887 2.922 2.924 2.925 2.928 2.928 2.944 2.962 2.972 2.973 0 0 0 0 0 0 0 0 0 0 0 0 0 0 0 0 0 0 0 0 0 0 0 0 0 0 0 0 0 0 0 0 0 0 0 0 0 0 2.698 2.698 2.698 2.723 2.748 2.772 2.777 2.804 2.821 2.832 2.851 2.871 2.887 2.923 2.939 2.944 3.058 0 0 0 0 0 0 0 0 0 0 0 0 0 0 0 0 0 0 0 0 0 0 0 0 0 0 0 0 0 0 0 0 0 0 0 0 0 0 0 0 0 0 0 0 0 0 0 0 0 0 0 0 0 0 0 0 0 0 0 0 0 0 0 0 0 0 0 0 0 0 0 0 0 0 0 0 0 0 0 0 0 0 0 0 0 0 0 0 0 0 0 0 0 0 0 0 0 0 4.863 4.857 4.855 4.852 4.855 4.855 4.845 0 0 0 0 0 0 0 4.803 4.762 3.808 3.799 3.79 3.79 3.79 4.789 4.793 4.797 4.797 0 0 0 0 0 0 0 0 0 0 0 0 0 0 0 0 0 0 0 0 0 0 0 0 0 0 0 0 0 0 0 0 0 0 0 0 0 0 0 0 0 0 0 0 0 0 0 0 0 0 0 0 1.247 1.247 1.247 1.247 1.249 1.25 1.254 1.26 1.268 1.268 1.268 1.26 1.244 1.241 1.226 1.211 1.185 1.173 1.149 1.141 1.116 1.098 1.09 1.062 1.054 1.032 1.022 1.007 0.995 0.979 0.97 0.955 0.953 0.942 0.931 0.913 0.91 0.899 0.882 0.879 0.872 0.867 0.857 0.849 0.849 0.849 0.856 0.862 0.866 0.872 0.877 0.882 0.882 0.885 0.888 0.889 0.892 0.904 0.905 0.905 0.909 0.923 0.924 0.926 0.926 0.928 0.933 0.933 0.947 0.956 0.96 0.965 0.972 0.973 0.973 0.973 0.963 0.963 0.963 0.96 0.953 0.93 0.926 0.924 0.922 0.91 0.897 0.894 0.89 0.89 0.884 0.878 0.874 0.87 0.861 0.857 0.849 0.844 0.838 0.835 0.835 0.831 0.825 0.823 0.823 0.81 0.808 0.805 0.796 0.792 0.791 0.791 0.785 0.782 0.778 0.775 0.775 0.775 0.763 0.76 0.758 0.751 0.748 0.747 0.742 0.741 0.74 0.731 0.729 0.726 0.725 0.724 0.721 0.719 0.713 0.711 0.709 0.708 0.708 0.704 0.702 0.697 0.692 0.69 0.688 0.688 0.687 0.686 0.686 0.686 0.686 0.686 0.684 0.678 0.673 0.668 0.668 0.667 0.666 0.666 0.666 0.666 0.666 0.666 0.657 0.657 0.657 0.662 0.662 0.662 0.662 0.667 0.664 0.662 0.664 0.664 0.664 0.659 0.659 0.659 0.664 0.664 0.67 0.674 0.675 0.676 0.676 0.677 0.677 0.677 0.677 0.684 0.677 0.684 0.685 0.689 0.685 0.688 0.687 0.687 0.684 0.687 0.684 0.684 0.689 0.689 0.687 0.687 0.686 0.685 0.686 0.684 0.684 0.683 0.681 0.679 0.679 0.679 0.679 0.674 0.674 0.674 0.674 0.663 0.663 0.663 0.663 0.664 0.67 0.666 0.666 0.668 0.666 0.662 0.658 0.658 0.657 0.657 0.658 0.659 0.659 0.661 0.659 0.659 0.661 0.66 0.66 0.663 0.667 0.669 0.674 0.674 0.674 0.674 0.68 0.685 0.686 0.686 0.687 0.688 0.695 0.698 1.302 1.302 1.306 1.306 1.307 1.309 1.315 1.315 1.316 1.328 1.328 1.329 1.331 1.331 1.338 1.339 1.339 1.359 1.361
2 11.056 682 0 0 0 0 0 0 0 0 0 0 0 0 0 0 0 0 0 0 0 0 0 0 0 0 0 0 0 0 0 0 0 0 0 0 0 0 0 0 0 0 0 0 0 0.927 0.914 0.912 0.908 0.908 0.904 0.901 0.889 0.889 0.887 0.882 0.88 0.879 0.879 0.877 0.869 0.861 0.859 0.859 0.848 0.848 0.86 0 0 0 0 0 0 0 0 0 0 0 0 0 0 0 0 0 0 0 0 0 0 0 0 0 0 0 0 0 0 0 0 0 0 0 0 0 0 0 0 0 2.647 2.647 2.647 0 0 0 0 0 0 0 0 0 0 2.012 2.006 2.006 2.006 2.01 2.013 2.013 2.015 2.019 2.023 2.03 2.032 2.032 2.038 2.041 2.044 2.05 2.052 2.059 2.063 2.07 2.076 2.083 2.088 2.088 2.089 2.097 2.104 2.105 2.12 2.77 2.793 2.794 2.812 2.816 2.82 2.827 2.841 2.842 2.853 2.863 2.876 2.886 2.918 2.921 2.926 2.933 2.947 2.947 2.96 2.96 2.973 0 0 0 0 0 0 0 0 0 0 0 0 0 0 0 0 0 0 0 0 0 0 0 0 0 0 0 0 0 0 0 0 0 0 0 0 0 0 2.709 2.709 2.709 2.722 2.729 2.767 2.778 2.796 2.817 2.838 2.852 2.873 2.888 2.929 2.929 2.932 2.948 0 0 0 0 0 0 0 0 0 0 0 0 0 0 0 0 0 0 0 0 0 0 0 0 0 0 0 0 0 0 0 0 0 0 0 0 0 0 0 0 0 0 0 0 0 0 0 0 0 0 0 0 0 0 0 0 0 0 0 0 0 0 0 0 0 0 0 0 0 0 0 0 0 0 0 0 0 0 0 0 0 0 0 0 0 0 0 0 0 0 0 0 0 0 0 0 0 4.872 4.866 4.862 4.854 4.852 4.854 4.854 0 0 0 0 0 0 0 0 0 4.796 3.836 3.82 3.82 3.82 3.836 4.788 4.793 4.793 4.794 0 0 0 0 0 0 0 0 0 0 0 0 0 0 0 0 0 0 0 0 0 0 0 0 0 0 0 0 0 0 0 0 0 0 0 0 0 0 0 0 0 0 0 0 0 0 0 0 0 0 0 0 1.255 1.249 1.246 1.249 1.247 1.247 1.253 1.256 1.259 1.259 1.259 1.254 1.253 1.243 1.22 1.206 1.183 1.173 1.154 1.138 1.12 1.084 1.077 1.064 1.048 1.028 1.017 1.009 0.995 0.982 0.973 0.96 0.953 0.946 0.927 0.912 0.904 0.893 0.886 0.874 0.873 0.865 0.852 0.852 0.852 0.852 0.857 0.866 0.867 0.868 0.868 0.876 0.882 0.886 0.89 0.894 0.898 0.905 0.908 0.909 0.912 0.914 0.92 0.923 0.923 0.925 0.932 0.932 0.955 0.958 0.962 0.97 0.973 0.975 0.975 0.975 0.96 0.96 0.96 0.955 0.948 0.937 0.925 0.922 0.921 0.92 0.902 0.899 0.893 0.888 0.888 0.879 0.872 0.869 0.866 0.86 0.85 0.847 0.844 0.838 0.831 0.829 0.827 0.815 0.815 0.81 0.803 0.8 0.797 0.794 0.79 0.788 0.786 0.785 0.777 0.776 0.776 0.77 0.77 0.763 0.758 0.755 0.753 0.745 0.743 0.74 0.74 0.735 0.735 0.73 0.73 0.725 0.725 0.722 0.72 0.711 0.707 0.703 0.703 0.699 0.699 0.699 0.699 0.693 0.693 0.688 0.686 0.685 0.684 0.684 0.685 0.685 0.679 0.679 0.677 0.676 0.676 0.668 0.666 0.664 0.664 0.662 0.662 0.661 0.661 0.661 0.662 0.662 0.663 0.662 0.663 0.663 0.661 0.659 0.659 0.659 0.663 0.664 0.664 0.666 0.666 0.667 0.673 0.676 0.673 0.679 0.68 0.68 0.681 0.681 0.681 0.685 0.685 0.685 0.686 0.689 0.689 0.689 0.689 0.684 0.684 0.684 0.684 0.684 0.686 0.687 0.687 0.687 0.69 0.687 0.687 0.687 0.685 0.684 0.683 0.682 0.68 0.68 0.678 0.678 0.678 0.678 0.663 0.663 0.662 0.662 0.661 0.661 0.658 0.658 0.658 0.662 0.663 0.663 0.663 0.664 0.663 0.664 0.664 0.664 0.661 0.661 0.661 0.66 0.66 0.666 0.667 0.668 0.672 0.672 0.672 0.672 0.672 0.674 0.678 0.682 0.683 0.683 0.689 0.691 0.696 0.708 1.289 1.297 1.297 1.297 1.313 1.314 1.315 1.316 1.321 1.321 1.322 1.335 1.335 1.335 1.336 1.337 1.347 1.349 1.353
2 11.155 682 0 0 0 0 0 0 0 0 0 0 0 0 0 0 0 0 0 0 0 0 0 0 0 0 0 0 0 0 0 0 0 0 0 0 0 0 0 0 0 0 0 0 0 0.926 0.921 0.915 0.915 0.913 0.904 0.9 0.891 0.889 0.882 0.882 0.882 0.88 0.88 0.878 0.873 0.86 0.856 0.856 0.854 0.854 0.861 0 0 0 0 0 0 0 0 0 0 0 0 0 0 0 0 0 0 0 0 0 0 0 0 0 0 0 0 0 0 0 0 0 0 0 0 0 0 0 0 0 2.656 2.656 2.656 0 0 0 0 0 0 0 0 0 0 2.01 2.006 2.006 2.006 2.006 2.009 2.014 2.015 2.019 2.025 2.025 2.026 2.032 2.035 2.038 2.053 2.053 2.056 2.061 2.063 2.063 2.068 2.072 2.089 2.09 2.1 2.1 2.106 2.115 2.118 2.778 2.791 2.804 2.814 2.827 2.828 2.833 2.838 2.841 2.85 2.861 2.869 2.895 2.908 2.923 2.923 2.927 2.927 2.943 2.943 2.969 2.979 0 0 0 0 0 0 0 0 0 0 0 0 0 0 0 0 0 0 0 0 0 0 0 0 0 0 0 0 0 0 0 0 0 0 0 0 0 0 2.698 2.698 2.698 2.715 2.746 2.763 2.785 2.801 2.816 2.833 2.862 2.875 2.88 2.916 2.932 2.964 3.079 0 0 0 0 0 0 0 0 0 0 0 0 0 0 0 0 0 0 0 0 0 0 0 0 0 0 0 0 0 0 0 0 0 0 0 0 0 0 0 0 0 0 0 0 0 0 0 0 0 0 0 0 0 0 0 0 0 0 0 0 0 0 0 0 0 0 0 0 0 0 0 0 0 0 0 0 0 0 0 0 0 0 0 0 0 0 0 0 0 0 0 0 0 0 0 0 0 0 4.868 4.858 4.85 4.849 4.849 4.85 0 0 0 0 0 0 0 0 0 3.878 3.866 3.866 3.866 4.788 4.789 4.791 4.789 4.791 4.799 0 0 0 0 0 0 0 0 0 0 0 0 0 0 0 0 0 0 0 0 0 0 0 0 0 0 0 0 0 0 0 0 0 0 0 0 0 0 0 0 0 0 0 0 0 0 0 0 0 0 0 0 1.247 1.247 1.247 1.249 1.25 1.252 1.255 1.264 1.266 1.266 1.264 1.263 1.254 1.238 1.226 1.208 1.208 1.184 1.182 1.138 1.113 1.1 1.082 1.066 1.047 1.028 1.024 1.01 0.993 0.978 0.967 0.957 0.952 0.951 0.924 0.921 0.91 0.897 0.889 0.873 0.873 0.864 0.86 0.853 0.853 0.859 0.86 0.866 0.868 0.87 0.875 0.881 0.884 0.888 0.891 0.894 0.9 0.901 0.908 0.912 0.915 0.918 0.922 0.925 0.925 0.931 0.934 0.942 0.948 0.96 0.966 0.967 0.972 0.972 0.972 0.968 0.963 0.963 0.963 0.963 0.953 0.93 0.922 0.922 0.921 0.911 0.908 0.898 0.896 0.89 0.887 0.886 0.876 0.875 0.861 0.86 0.854 0.853 0.851 0.839 0.834 0.833 0.824 0.821 0.818 0.81 0.806 0.806 0.796 0.792 0.79 0.79 0.786 0.784 0.781 0.775 0.772 0.77 0.762 0.76 0.757 0.755 0.75 0.746 0.744 0.74 0.74 0.732 0.73 0.73 0.722 0.72 0.72 0.715 0.714 0.708 0.707 0.705 0.705 0.704 0.7 0.7 0.693 0.692 0.689 0.687 0.685 0.681 0.681 0.681 0.683 0.683 0.683 0.673 0.671 0.67 0.67 0.668 0.668 0.668 0.662 0.662 0.662 0.661 0.657 0.657 0.655 0.655 0.655 0.657 0.664 0.664 0.659 0.661 0.661 0.661 0.667 0.667 0.667 0.666 0.666 0.666 0.67 0.671 0.675 0.674 0.675 0.676 0.676 0.681 0.682 0.682 0.682 0.685 0.688 0.69 0.69 0.69 0.688 0.688 0.688 0.688 0.685 0.688 0.688 0.686 0.686 0.686 0.686 0.685 0.685 0.683 0.686 0.683 0.685 0.682 0.685 0.678 0.682 0.678 0.678 0.677 0.674 0.668 0.662 0.664 0.664 0.664 0.664 0.664 0.66 0.659 0.66 0.656 0.656 0.66 0.663 0.66 0.66 0.66 0.66 0.66 0.659 0.66 0.659 0.659 0.667 0.668 0.671 0.671 0.675 0.675 0.675 0.679 0.682 0.684 0.685 0.686 0.687 0.689 0.693 0.693 1.289 1.303 1.307 1.307 1.312 1.312 1.312 1.312 1.312 1.312 1.322 1.324 1.337 1.337 1.339 1.339 1.347 1.362 1.362
2 11.255 682 0 0 0 0 0 0 0 0 0 0 0 0 0 0 0 0 0 0 0 0 0 0 0 0 0 0 0 0 0 0 0 0 0 0 0 0 0 0 0 0 0 0 0 0.933 0.923 0.915 0.914 0.909 0.909 0.905 0.893 0.889 0.888 0.882 0.882 0.882 0.882 0.88 0.869 0.856 0.854 0.854 0.852 0.852 0.865 0 0 0 0 0 0 0 0 0 0 0 0 0 0 0 0 0 0 0 0 0 0 0 0 0 0 0 0 0 0 0 0 0 0 0 0 0 0 0 0 0 0 0 0 0 0 0 0 0 0 0 0 0 0 2.015 2.007 2.007 2.007 2.007 2.008 2.01 2.015 2.018 2.02 2.032 2.033 2.036 2.036 2.039 2.044 2.051 2.056 2.061 2.062 2.068 2.07 2.082 2.089 2.089 2.095 2.103 2.103 2.109 2.125 2.778 2.79 2.802 2.806 2.815 2.825 2.827 2.842 2.844 2.854 2.862 2.868 2.891 2.912 2.913 2.926 2.931 2.933 2.949 2.949 2.968 2.978 0 0 0 0 0 0 0 0 0 0 0 0 0 0 0 0 0 0 0 0 0 0 0 0 0 0 0 0 0 0 0 0 0 0 0 0 0 0 2.708 2.708 2.708 2.727 2.732 2.764 2.785 2.79 2.814 2.843 2.851 2.867 2.887 2.922 2.932 2.958 3.07 0 0 0 0 0 0 0 0 0 0 0 0 0 0 0 0 0 0 0 0 0 0 0 0 0 0 0 0 0 0 0 0 0 0 0 0 0 0 0 0 0 0 0 0 0 0 0 0 0 0 0 0 0 0 0 0 0 0 0 0 0 0 0 0 0 0 0 0 0 0 0 0 0 0 0 0 0 0 0 0 0 0 0 0 0 0 0 0 0 0 0 0 0 0 0 0 0 4.879 4.863 4.86 4.858 4.858 4.858 0 0 0 0 0 0 0 0 0 3.968 3.965 3.965 3.965 3.967 4.784 4.791 4.796 4.796 4.798 4.799 0 0 0 0 0 0 0 0 0 0 0 0 0 0 0 0 0 0 0 0 0 0 0 0 0 0 0 0 0 0 0 0 0 0 0 0 0 0 0 0 0 0 0 0 0 0 0 0 0 0 0 0 1.252 1.251 1.251 1.251 1.251 1.251 1.251 1.268 1.268 1.268 1.264 1.256 1.251 1.24 1.227 1.214 1.184 1.176 1.156 1.143 1.111 1.099 1.084 1.07 1.054 1.032 1.019 0.998 0.996 0.975 0.969 0.955 0.952 0.946 0.931 0.921 0.911 0.898 0.886 0.87 0.868 0.866 0.854 0.854 0.852 0.853 0.854 0.857 0.866 0.877 0.878 0.88 0.881 0.884 0.89 0.893 0.897 0.903 0.903 0.913 0.913 0.914 0.92 0.923 0.923 0.928 0.936 0.936 0.956 0.962 0.962 0.968 0.976 0.976 0.976 0.974 0.963 0.963 0.963 0.963 0.956 0.933 0.93 0.924 0.923 0.912 0.909 0.903 0.898 0.887 0.886 0.878 0.874 0.868 0.864 0.857 0.852 0.848 0.84 0.837 0.837 0.83 0.829 0.821 0.821 0.815 0.802 0.8 0.799 0.788 0.788 0.787 0.787 0.784 0.771 0.77 0.767 0.767 0.766 0.765 0.753 0.751 0.746 0.743 0.741 0.74 0.74 0.737 0.733 0.729 0.729 0.727 0.721 0.719 0.714 0.712 0.708 0.708 0.705 0.702 0.701 0.696 0.693 0.692 0.692 0.687 0.679 0.678 0.678 0.679 0.682 0.682 0.682 0.674 0.674 0.671 0.671 0.667 0.667 0.666 0.666 0.666 0.659 0.659 0.658 0.658 0.659 0.66 0.66 0.662 0.664 0.664 0.664 0.664 0.671 0.66 0.667 0.662 0.667 0.667 0.667 0.669 0.672 0.674 0.673 0.674 0.679 0.683 0.683 0.684 0.685 0.686 0.685 0.687 0.686 0.687 0.686 0.688 0.686 0.687 0.685 0.687 0.683 0.687 0.687 0.687 0.687 0.687 0.686 0.685 0.685 0.682 0.682 0.681 0.681 0.678 0.679 0.679 0.679 0.679 0.679 0.678 0.675 0.674 0.673 0.673 0.664 0.663 0.663 0.663 0.663 0.664 0.664 0.663 0.66 0.66 0.66 0.66 0.66 0.66 0.66 0.66 0.662 0.662 0.663 0.663 0.663 0.664 0.671 0.671 0.671 0.672 0.679 0.681 0.681 0.683 0.683 0.683 0.685 0.686 0.702 0.705 1.298 1.301 1.301 1.301 1.306 1.309 1.31 1.311 1.314 1.323 1.324 0 1.335 1.335 1.335 1.335 1.346 1.357 1.358
2 11.354 682 0 0 0 0 0 0 0 0 0 0 0 0 0 0 0 0 0 0 0 0 0 0 0 0 0 0 0 0 0 0 0 0 0 0 0 0 0 0 0 0 0 0 0 0.921 0.916 0.916 0.916 0.912 0.911 0.903 0.891 0.886 0.886 0.886 0.881 0.881 0.881 0.879 0.874 0.857 0.856 0.856 0.845 0.845 0.863 0 0 0 0 0 0 0 0 0 0 0 0 0 0 0 0 0 0 0 0 0 0 0 0 0 0 0 0 0 0 0 0 0 0 0 0 0 0 0 0 0 0 0 0 0 0 0 0 0 0 0 0 0 0 2.01 2.001 2.001 2.001 2.008 2.01 2.013 2.02 2.021 2.022 2.027 2.03 2.033 2.037 2.041 2.043 2.056 2.056 2.057 2.067 2.069 2.072 2.073 2.087 2.089 2.089 2.102 2.104 2.104 2.124 2.782 2.793 2.804 2.813 2.814 2.821 2.823 2.842 2.85 2.853 2.868 2.87 2.883 2.919 2.921 2.921 2.925 2.925 2.938 2.955 2.959 2.965 0 0 0 0 0 0 0 0 0 0 0 0 0 0 0 0 0 0 0 0 0 0 0 0 0 0 0 0 0 0 0 0 0 0 0 0 0 0 2.707 2.707 2.707 2.723 2.734 2.763 2.786 2.803 2.812 2.843 2.858 2.866 2.887 2.91 2.939 2.95 0 0 0 0 0 0 0 0 0 0 0 0 0 0 0 0 0 0 0 0 0 0 0 0 0 0 0 0 0 0 0 0 0 0 0 0 0 0 0 0 0 0 0 0 0 0 0 0 0 0 0 0 0 0 0 0 0 0 0 0 0 0 0 0 0 0 0 0 0 0 0 0 0 0 0 0 0 0 0 0 0 0 0 0 0 0 0 0 0 0 0 0 0 0 0 0 0 0 0 4.872 4.867 4.866 4.867 4.867 4.856 0 0 0 0 0 0 0 0 4.041 4.028 4.028 4.028 4.785 4.796 4.796 4.788 4.787 4.788 4.788 0 0 0 0 0 0 0 0 0 0 0 0 0 0 0 0 0 0 0 0 0 0 0 0 0 0 0 0 0 0 0 0 0 0 0 0 0 0 0 0 0 0 0 0 0 0 0 0 0 0 0 0 1.247 1.247 1.244 1.244 1.244 1.251 1.259 1.267 1.267 1.267 1.264 1.256 1.255 1.236 1.219 1.199 1.185 1.173 1.146 1.132 1.111 1.093 1.086 1.068 1.051 1.033 1.023 1.007 0.994 0.978 0.969 0.948 0.946 0.942 0.928 0.912 0.903 0.901 0.886 0.872 0.867 0.867 0.854 0.854 0.854 0.854 0.857 0.863 0.867 0.869 0.872 0.876 0.886 0.887 0.888 0.888 0.896 0.903 0.907 0.913 0.914 0.918 0.92 0.923 0.92 0.933 0.94 0.942 0.952 0.955 0.962 0.965 0.974 0.975 0.975 0.974 0.957 0.957 0.957 0.953 0.946 0.927 0.926 0.924 0.921 0.913 0.902 0.9 0.896 0.888 0.882 0.877 0.876 0.866 0.86 0.852 0.852 0.852 0.85 0.842 0.833 0.828 0.824 0.824 0.82 0.812 0.81 0.802 0.797 0.794 0.791 0.791 0.786 0.781 0.775 0.775 0.772 0.772 0.765 0.762 0.759 0.751 0.75 0.748 0.741 0.732 0.732 0.732 0.73 0.73 0.723 0.721 0.719 0.717 0.713 0.708 0.708 0.707 0.707 0.706 0.701 0.698 0.698 0.693 0.686 0.685 0.684 0.684 0.681 0.681 0.684 0.681 0.681 0.674 0.671 0.669 0.669 0.668 0.666 0.666 0.664 0.664 0.664 0.666 0.659 0.659 0.655 0.659 0.658 0.658 0.666 0.666 0.66 0.663 0.663 0.661 0.662 0.662 0.662 0.662 0.664 0.672 0.673 0.673 0.676 0.679 0.679 0.679 0.68 0.679 0.679 0.686 0.686 0.688 0.691 0.688 0.688 0.688 0.688 0.688 0.688 0.691 0.691 0.691 0.688 0.688 0.687 0.687 0.687 0.687 0.687 0.687 0.687 0.685 0.685 0.682 0.678 0.678 0.678 0.674 0.674 0.673 0.672 0.663 0.662 0.662 0.662 0.662 0.666 0.666 0.66 0.659 0.66 0.659 0.659 0.658 0.659 0.659 0.657 0.659 0.661 0.661 0.66 0.66 0.66 0.66 0.666 0.668 0.67 0.67 0.67 0.673 0.674 0.676 0.679 0.684 0.686 0.684 0.687 0.691 0.691 0.698 1.289 1.294 1.299 1.299 1.31 1.31 1.31 1.314 1.316 1.316 1.324 1.337 1.34 1.337 1.34 1.34 1.341 1.353 1.357
2 11.454 682 0 0 0 0 0 0 0 0 0 0 0 0 0 0 0 0 0 0 0 0 0 0 0 0 0 0 0 0 0 0 0 0 0 0 0 0 0 0 0 0 0 0 0 0.923 0.918 0.916 0.914 0.913 0.908 0.904 0.898 0.887 0.885 0.882 0.881 0.877 0.877 0.876 0.872 0.865 0.854 0.854 0.854 0.855 0.873 0 0 0 0 0 0 0 0 0 0 0 0 0 0 0 0 0 0 0 0 0 0 0 0 0 0 0 0 0 0 0 0 0 0 0 0 0 0 0 0 0 0 0 0 0 0 0 0 0 0 0 0 0 0 2.009 2 2 2 2.01 2.012 2.012 2.019 2.021 2.021 2.027 2.03 2.033 2.038 2.042 2.044 2.045 2.052 2.061 2.062 2.068 2.069 2.076 2.084 2.087 2.089 2.101 2.102 2.103 2.124 2.776 2.785 2.795 2.812 2.813 2.817 2.825 2.834 2.842 2.855 2.865 2.869 2.882 2.918 2.919 2.929 2.94 2.942 2.942 2.958 2.97 2.985 0 0 0 0 0 0 0 0 0 0 0 0 0 0 0 0 0 0 0 0 0 0 0 0 0 0 0 0 0 0 0 0 0 0 0 0 0 0 2.701 2.701 2.701 2.716 2.739 2.758 2.781 2.799 2.817 2.832 2.854 2.856 2.873 2.92 2.927 2.943 3.074 0 0 0 0 0 0 0 0 0 0 0 0 0 0 0 0 0 0 0 0 0 0 0 0 0 0 0 0 0 0 0 0 0 0 0 0 0 0 0 0 0 0 0 0 0 0 0 0 0 0 0 0 0 0 0 0 0 0 0 0 0 0 0 0 0 0 0 0 0 0 0 0 0 0 0 0 0 0 0 0 0 0 0 0 0 0 0 0 0 0 0 0 0 0 0 0 0 0 0 4.872 4.86 4.86 4.86 4.856 0 0 0 0 0 0 0 4.138 4.127 4.121 4.121 4.121 4.786 4.794 4.794 4.794 4.794 4.799 4.799 0 0 0 0 0 0 0 0 0 0 0 0 0 0 0 0 0 0 0 0 0 0 0 0 0 0 0 0 0 0 0 0 0 0 0 0 0 0 0 0 0 0 0 0 0 0 0 0 0 0 0 0 1.247 1.246 1.246 1.245 1.246 1.247 1.247 1.258 1.261 1.261 1.261 1.254 1.246 1.246 1.236 1.227 1.189 1.174 1.149 1.144 1.114 1.091 1.083 1.065 1.052 1.028 1.013 1.004 0.987 0.974 0.967 0.954 0.944 0.942 0.922 0.907 0.904 0.892 0.88 0.877 0.87 0.866 0.857 0.857 0.855 0.855 0.859 0.862 0.863 0.872 0.874 0.881 0.881 0.884 0.884 0.894 0.896 0.901 0.905 0.909 0.915 0.921 0.921 0.925 0.925 0.926 0.931 0.944 0.952 0.959 0.964 0.968 0.974 0.974 0.974 0.968 0.962 0.962 0.962 0.962 0.951 0.932 0.924 0.918 0.916 0.915 0.911 0.894 0.891 0.888 0.888 0.884 0.877 0.874 0.856 0.856 0.854 0.852 0.844 0.834 0.827 0.825 0.823 0.823 0.818 0.813 0.808 0.802 0.796 0.794 0.793 0.791 0.791 0.784 0.782 0.775 0.769 0.765 0.762 0.755 0.753 0.748 0.747 0.746 0.746 0.746 0.736 0.736 0.733 0.732 0.732 0.729 0.716 0.713 0.707 0.706 0.706 0.705 0.706 0.703 0.7 0.696 0.695 0.69 0.687 0.684 0.683 0.681 0.681 0.681 0.682 0.682 0.682 0.675 0.672 0.669 0.671 0.668 0.66 0.668 0.66 0.659 0.659 0.662 0.661 0.662 0.662 0.662 0.662 0.662 0.662 0.662 0.66 0.658 0.658 0.658 0.669 0.669 0.669 0.67 0.671 0.671 0.672 0.672 0.672 0.673 0.677 0.678 0.679 0.68 0.683 0.683 0.683 0.689 0.689 0.689 0.686 0.686 0.686 0.686 0.687 0.688 0.688 0.687 0.683 0.683 0.683 0.683 0.683 0.682 0.684 0.682 0.686 0.682 0.68 0.679 0.68 0.68 0.68 0.678 0.677 0.675 0.67 0.666 0.663 0.663 0.661 0.661 0.661 0.661 0.661 0.662 0.663 0.662 0.663 0.663 0.656 0.656 0.656 0.656 0.658 0.659 0.659 0.659 0.659 0.662 0.663 0.666 0.666 0.666 0.671 0.674 0.676 0.681 0.682 0.683 0.687 0.687 0.688 0.689 0.691 0.701 1.288 1.293 1.298 1.298 1.306 1.311 1.312 1.313 1.313 1.321 1.329 1.331 1.335 1.335 1.338 1.341 1.347 1.356 1.361
2 11.554 682 0 0 0 0 0 0 0 0 0 0 0 0 0 0 0 0 0 0 0 0 0 0 0 0 0 0 0 0 0 0 0 0 0 0 0 0 0 0 0 0 0 0 0.931 0.919 0.919 0.919 0.919 0.919 0.915 0.899 0.893 0.886 0.877 0.877 0.876 0.876 0.874 0.872 0.867 0.861 0.854 0.854 0.853 0.853 0.86 0 0 0 0 0 0 0 0 0 0 0 0 0 0 0 0 0 0 0 0 0 0 0 0 0 0 0 0 0 0 0 0 0 0 0 0 0 0 0 0 0 2.648 2.648 2.648 0 0 0 0 0 0 0 0 0 0 2.005 2 2 2 2.004 2.008 2.008 2.009 2.017 2.02 2.023 2.024 2.035 2.037 2.037 2.039 2.047 2.056 2.064 2.064 2.066 2.074 2.083 2.083 2.092 2.093 2.094 2.094 2.105 2.12 2.787 2.79 2.795 2.805 2.808 2.821 2.826 2.833 2.845 2.85 2.862 2.875 2.877 2.909 2.914 2.917 2.923 2.924 2.941 2.96 2.961 2.967 0 0 0 0 0 0 0 0 0 0 0 0 0 0 0 0 0 0 0 0 0 0 0 0 0 0 0 0 0 0 0 0 0 0 0 0 0 0 2.718 2.718 2.718 2.718 2.738 2.755 2.78 2.8 2.808 2.84 2.856 2.868 2.899 2.908 2.929 2.955 3.063 0 0 0 0 0 0 0 0 0 0 0 0 0 0 0 0 0 0 0 0 0 0 0 0 0 0 0 0 0 0 0 0 0 0 0 0 0 0 0 0 0 0 0 0 0 0 0 0 0 0 0 0 0 0 0 0 0 0 0 0 0 0 0 0 0 0 0 0 0 0 0 0 0 0 0 0 0 0 0 0 0 0 0 0 0 0 0 0 0 0 0 0 0 0 0 0 0 0 4.873 4.868 4.861 4.861 4.861 4.843 0 0 0 0 0 0 0 4.21 4.21 4.206 4.206 4.214 4.784 4.789 4.792 4.792 4.792 4.797 4.802 0 0 0 0 0 0 0 0 0 0 0 0 0 0 0 0 0 0 0 0 0 0 0 0 0 0 0 0 0 0 0 0 0 0 0 0 0 0 0 0 0 0 0 0 0 0 0 0 0 0 0 0 1.254 1.247 1.244 1.247 1.249 1.249 1.255 1.264 1.264 1.264 1.264 1.253 1.246 1.231 1.215 1.206 1.188 1.171 1.15 1.143 1.112 1.094 1.077 1.057 1.053 1.034 1.026 1.012 0.989 0.984 0.969 0.955 0.949 0.941 0.925 0.916 0.903 0.889 0.881 0.88 0.867 0.864 0.859 0.855 0.852 0.855 0.859 0.859 0.86 0.866 0.869 0.872 0.88 0.881 0.889 0.89 0.896 0.901 0.901 0.911 0.911 0.912 0.924 0.926 0.926 0.931 0.935 0.942 0.955 0.962 0.963 0.97 0.976 0.97 0.97 0.969 0.96 0.96 0.96 0.96 0.956 0.928 0.922 0.92 0.919 0.91 0.902 0.9 0.891 0.884 0.88 0.879 0.878 0.866 0.862 0.851 0.851 0.845 0.842 0.835 0.828 0.826 0.824 0.823 0.821 0.812 0.809 0.8 0.797 0.794 0.792 0.782 0.781 0.78 0.78 0.775 0.766 0.766 0.763 0.762 0.757 0.752 0.746 0.745 0.744 0.74 0.74 0.739 0.733 0.729 0.727 0.726 0.721 0.715 0.713 0.706 0.703 0.702 0.702 0.702 0.702 0.691 0.689 0.687 0.686 0.684 0.682 0.682 0.683 0.684 0.684 0.684 0.683 0.675 0.67 0.669 0.669 0.663 0.663 0.663 0.663 0.661 0.663 0.664 0.661 0.661 0.661 0.661 0.658 0.658 0.66 0.668 0.66 0.66 0.667 0.663 0.663 0.663 0.666 0.666 0.667 0.668 0.67 0.673 0.678 0.68 0.68 0.682 0.68 0.682 0.682 0.682 0.682 0.683 0.686 0.689 0.689 0.689 0.688 0.688 0.686 0.687 0.687 0.687 0.687 0.689 0.689 0.69 0.69 0.687 0.684 0.683 0.683 0.683 0.682 0.682 0.68 0.677 0.677 0.676 0.676 0.674 0.674 0.666 0.664 0.663 0.66 0.659 0.659 0.66 0.659 0.661 0.661 0.659 0.659 0.659 0.659 0.657 0.657 0.657 0.657 0.657 0.657 0.657 0.659 0.659 0.661 0.663 0.668 0.67 0.671 0.671 0.676 0.676 0.676 0.682 0.684 0.685 0.688 0.693 0.698 0.705 1.29 1.301 1.303 1.303 1.306 1.306 1.306 1.313 1.324 1.325 1.327 1.342 1.335 1.335 1.337 1.342 1.346 1.356 1.361
2 11.653 682 0 0 0 0 0 0 0 0 0 0 0 0 0 0 0 0 0 0 0 0 0 0 0 0 0 0 0 0 0 0 0 0 0 0 0 0 0 0 0 0 0 0 0 0.924 0.923 0.918 0.914 0.909 0.908 0.905 0.901 0.89 0.88 0.88 0.879 0.879 0.879 0.877 0.874 0.857 0.855 0.847 0.847 0.847 0.853 0.856 0 0 0 0 0 0 0 0 0 0 0 0 0 0 0 0 0 0 0 0 0 0 0 0 0 0 0 0 0 0 0 0 0 0 0 0 0 0 0 0 2.651 2.651 2.651 0 0 0 0 0 0 0 0 0 0 2.01 2.001 2.001 2.001 2.005 2.017 2.017 2.018 2.018 2.019 2.024 2.033 2.036 2.036 2.038 2.042 2.057 2.058 2.058 2.063 2.066 2.073 2.079 2.081 2.087 2.088 2.101 2.104 2.112 2.12 2.772 2.796 2.804 2.805 2.822 2.826 2.828 2.833 2.858 2.866 2.867 2.867 2.883 2.916 2.92 2.922 2.925 2.93 2.944 2.96 2.964 2.975 0 0 0 0 0 0 0 0 0 0 0 0 0 0 0 0 0 0 0 0 0 0 0 0 0 0 0 0 0 0 0 0 0 0 0 0 0 0 2.702 2.702 2.702 2.712 2.745 2.757 2.778 2.805 2.812 2.835 2.855 2.862 2.892 2.924 2.941 2.947 0 0 0 0 0 0 0 0 0 0 0 0 0 0 0 0 0 0 0 0 0 0 0 0 0 0 0 0 0 0 0 0 0 0 0 0 0 0 0 0 0 0 0 0 0 0 0 0 0 0 0 0 0 0 0 0 0 0 0 0 0 0 0 0 0 0 0 0 0 0 0 0 0 0 0 0 0 0 0 0 0 0 0 0 0 0 0 0 0 0 0 0 0 0 0 0 0 0 0 4.876 4.874 4.855 4.855 4.85 4.855 0 0 0 0 0 0 0 4.295 4.295 4.295 4.312 4.779 4.786 4.79 4.79 4.79 4.79 4.793 4.8 0 0 0 0 0 0 0 0 0 0 0 0 0 0 0 0 0 0 0 0 0 0 0 0 0 0 0 0 0 0 0 0 0 0 0 0 0 0 0 0 0 0 0 0 0 0 0 0 0 0 0 0 1.255 1.25 1.249 1.249 1.249 1.249 1.255 1.259 1.259 1.259 1.259 1.256 1.252 1.236 1.229 1.198 1.191 1.176 1.158 1.135 1.117 1.098 1.085 1.068 1.054 1.039 1.023 1.007 0.997 0.979 0.972 0.959 0.952 0.948 0.927 0.913 0.901 0.9 0.882 0.87 0.864 0.862 0.857 0.855 0.855 0.857 0.862 0.862 0.864 0.866 0.867 0.878 0.881 0.887 0.887 0.892 0.896 0.896 0.903 0.916 0.916 0.918 0.919 0.923 0.919 0.935 0.937 0.944 0.949 0.962 0.964 0.968 0.974 0.974 0.974 0.966 0.962 0.962 0.962 0.955 0.955 0.935 0.925 0.924 0.924 0.915 0.904 0.901 0.894 0.885 0.885 0.881 0.873 0.87 0.857 0.853 0.848 0.848 0.847 0.841 0.831 0.827 0.823 0.823 0.821 0.809 0.809 0.803 0.796 0.792 0.791 0.79 0.784 0.782 0.776 0.776 0.772 0.771 0.769 0.76 0.758 0.753 0.751 0.749 0.744 0.74 0.736 0.735 0.732 0.731 0.727 0.726 0.722 0.719 0.713 0.706 0.705 0.704 0.704 0.702 0.698 0.696 0.696 0.695 0.693 0.69 0.687 0.68 0.68 0.68 0.682 0.682 0.682 0.673 0.671 0.668 0.668 0.668 0.664 0.664 0.664 0.662 0.658 0.658 0.657 0.657 0.658 0.66 0.66 0.66 0.662 0.664 0.662 0.662 0.664 0.666 0.669 0.669 0.669 0.669 0.671 0.671 0.674 0.674 0.674 0.677 0.677 0.68 0.68 0.682 0.682 0.683 0.683 0.687 0.688 0.69 0.688 0.688 0.688 0.688 0.686 0.688 0.688 0.688 0.685 0.685 0.685 0.687 0.687 0.687 0.687 0.685 0.685 0.683 0.682 0.681 0.681 0.681 0.68 0.679 0.679 0.677 0.675 0.672 0.659 0.659 0.656 0.656 0.656 0.659 0.66 0.663 0.663 0.66 0.66 0.66 0.658 0.658 0.658 0.658 0.659 0.659 0.658 0.658 0.658 0.658 0.664 0.664 0.668 0.668 0.672 0.672 0.677 0.68 0.683 0.686 0.686 0.686 0.687 0.688 0.693 0.698 1.288 1.301 1.304 1.304 1.309 1.314 1.309 1.314 1.316 1.325 1.329 1.332 1.336 1.336 1.339 1.339 1.347 1.358 1.362
2 11.753 682 0 0 0 0 0 0 0 0 0 0 0 0 0 0 0 0 0 0 0 0 0 0 0 0 0 0 0 0 0 0 0 0 0 0 0 0 0 0 0 0 0 0.918 0.918 0.918 0.92 0.92 0.921 0.92 0.915 0.91 0.9 0.897 0.882 0.882 0.879 0.879 0.875 0.873 0.872 0.862 0.857 0.851 0.851 0.851 0.851 0.862 0 0 0 0 0 0 0 0 0 0 0 0 0 0 0 0 0 0 0 0 0 0 0 0 0 0 0 0 0 0 0 0 0 0 0 0 0 0 0 0 2.647 2.647 2.647 0 0 0 0 0 0 0 0 0 0 2.017 1.998 1.998 1.998 2.007 2.014 2.015 2.018 2.018 2.024 2.026 2.031 2.035 2.038 2.042 2.044 2.056 2.059 2.06 2.062 2.064 2.066 2.08 2.083 2.087 2.092 2.092 2.106 2.108 2.122 2.777 2.793 2.798 2.814 2.817 2.823 2.823 2.84 2.845 2.863 2.867 2.868 2.886 2.92 2.92 2.924 2.932 2.932 2.946 2.951 2.962 2.974 0 0 0 0 0 0 0 0 0 0 0 0 0 0 0 0 0 0 0 0 0 0 0 0 0 0 0 0 0 0 0 0 0 0 0 0 0 0 2.704 2.704 2.704 2.719 2.743 2.761 2.781 2.793 2.809 2.84 2.854 2.861 2.892 2.927 2.932 2.962 3.061 0 0 0 0 0 0 0 0 0 0 0 0 0 0 0 0 0 0 0 0 0 0 0 0 0 0 0 0 0 0 0 0 0 0 0 0 0 0 0 0 0 0 0 0 0 0 0 0 0 0 0 0 0 0 0 0 0 0 0 0 0 0 0 0 0 0 0 0 0 0 0 0 0 0 0 0 0 0 0 0 0 0 0 0 0 0 0 0 0 0 0 0 0 0 0 0 0 0 4.861 4.854 4.854 4.854 4.852 4.846 4.846 0 0 0 0 0 0 4.382 4.382 4.382 4.406 4.778 4.784 4.789 4.794 4.791 4.791 4.795 4.797 0 0 0 0 0 0 0 0 0 0 0 0 0 0 0 0 0 0 0 0 0 0 0 0 0 0 0 0 0 0 0 0 0 0 0 0 0 0 0 0 0 0 0 0 0 0 0 0 0 0 0 0 1.254 1.249 1.247 1.247 1.249 1.249 1.25 1.264 1.266 1.266 1.268 1.266 1.249 1.229 1.229 1.209 1.19 1.174 1.15 1.137 1.113 1.1 1.086 1.071 1.052 1.027 1.022 1.008 0.995 0.986 0.972 0.955 0.952 0.941 0.924 0.913 0.911 0.891 0.886 0.877 0.872 0.87 0.862 0.856 0.856 0.856 0.857 0.86 0.865 0.873 0.873 0.875 0.887 0.89 0.892 0.892 0.896 0.9 0.901 0.903 0.907 0.913 0.922 0.927 0.927 0.936 0.937 0.938 0.954 0.957 0.967 0.967 0.973 0.973 0.973 0.966 0.964 0.964 0.966 0.96 0.952 0.94 0.931 0.925 0.922 0.915 0.909 0.894 0.891 0.89 0.889 0.889 0.88 0.876 0.86 0.857 0.856 0.848 0.845 0.843 0.838 0.828 0.827 0.827 0.822 0.816 0.812 0.803 0.8 0.796 0.794 0.792 0.787 0.782 0.774 0.774 0.77 0.77 0.766 0.761 0.757 0.752 0.75 0.75 0.746 0.742 0.739 0.736 0.736 0.731 0.729 0.72 0.715 0.712 0.712 0.708 0.708 0.706 0.706 0.705 0.702 0.7 0.696 0.693 0.691 0.685 0.685 0.684 0.683 0.683 0.69 0.683 0.681 0.675 0.673 0.672 0.67 0.669 0.669 0.667 0.667 0.666 0.666 0.666 0.666 0.661 0.661 0.661 0.664 0.664 0.666 0.664 0.66 0.66 0.664 0.663 0.663 0.663 0.663 0.663 0.663 0.672 0.672 0.673 0.673 0.677 0.677 0.678 0.68 0.681 0.681 0.686 0.686 0.686 0.686 0.686 0.687 0.687 0.687 0.687 0.686 0.686 0.686 0.686 0.688 0.688 0.688 0.688 0.689 0.687 0.688 0.687 0.687 0.683 0.682 0.681 0.68 0.68 0.68 0.676 0.676 0.674 0.668 0.668 0.668 0.667 0.666 0.666 0.661 0.666 0.662 0.661 0.662 0.662 0.66 0.66 0.66 0.66 0.66 0.66 0.66 0.661 0.661 0.661 0.662 0.662 0.663 0.664 0.667 0.67 0.674 0.674 0.674 0.676 0.681 0.685 0.686 0.687 0.688 0.688 0.695 0.702 1.297 1.297 1.305 1.305 1.306 1.312 1.315 1.315 1.321 1.328 1.331 1.332 1.34 1.337 1.34 1.342 1.345 1.355 1.362
2 11.853 682 0 0 0 0 0 0 0 0 0 0 0 0 0 0 0 0 0 0 0 0 0 0 0 0 0 0 0 0 0 0 0 0 0 0 0 0 0 0 0 0 0 0 0.931 0.924 0.924 0.921 0.92 0.913 0.913 0.907 0.897 0.887 0.884 0.88 0.88 0.881 0.88 0.877 0.867 0.861 0.856 0.856 0.853 0.853 0.857 0 0 0 0 0 0 0 0 0 0 0 0 0 0 0 0 0 0 0 0 0 0 0 0 0 0 0 0 0 0 0 0 0 0 0 0 0 0 0 0 0 0 0 0 0 0 0 0 0 0 0 0 0 0 2.009 2.005 2.005 2.005 2.009 2.009 2.009 2.017 2.021 2.023 2.025 2.029 2.032 2.04 2.04 2.044 2.05 2.063 2.064 2.063 2.064 2.068 2.077 2.087 2.093 2.094 2.096 2.103 2.114 2.116 2.781 2.792 2.807 2.809 2.818 2.818 2.819 2.83 2.85 2.853 2.854 2.879 2.88 2.924 2.924 2.928 2.936 2.947 2.947 2.951 2.957 2.964 0 0 0 0 0 0 0 0 0 0 0 0 0 0 0 0 0 0 0 0 0 0 0 0 0 0 0 0 0 0 0 0 0 0 0 0 0 0 2.709 2.709 2.709 2.729 2.74 2.764 2.783 2.804 2.82 2.833 2.855 2.875 2.891 2.914 2.935 2.953 3.076 0 0 0 0 0 0 0 0 0 0 0 0 0 0 0 0 0 0 0 0 0 0 0 0 0 0 0 0 0 0 0 0 0 0 0 0 0 0 0 0 0 0 0 0 0 0 0 0 0 0 0 0 0 0 0 0 0 0 0 0 0 0 0 0 0 0 0 0 0 0 0 0 0 0 0 0 0 0 0 0 0 0 0 0 0 0 0 0 0 0 0 0 0 0 0 0 0 0 0 4.871 4.859 4.859 4.854 4.831 4.461 4.461 4.461 0 0 0 0 4.428 4.428 4.428 4.446 4.79 4.793 4.793 4.794 4.794 4.794 4.794 4.803 0 0 0 0 0 0 0 0 0 0 0 0 0 0 0 0 0 0 0 0 0 0 0 0 0 0 0 0 0 0 0 0 0 0 0 0 0 0 0 0 0 0 0 0 0 0 0 0 0 0 0 0 1.246 1.243 1.243 1.245 1.245 1.245 1.253 1.261 1.263 1.263 1.263 1.256 1.251 1.24 1.215 1.21 1.186 1.174 1.153 1.139 1.119 1.103 1.083 1.067 1.056 1.034 1.022 1.009 0.997 0.982 0.974 0.96 0.949 0.945 0.927 0.918 0.911 0.902 0.887 0.876 0.868 0.866 0.855 0.854 0.854 0.854 0.855 0.86 0.866 0.876 0.879 0.879 0.89 0.891 0.891 0.891 0.898 0.899 0.902 0.907 0.915 0.924 0.926 0.927 0.927 0.928 0.935 0.935 0.949 0.955 0.959 0.97 0.976 0.976 0.976 0.976 0.963 0.963 0.963 0.963 0.955 0.931 0.93 0.927 0.92 0.916 0.911 0.897 0.893 0.886 0.882 0.881 0.878 0.874 0.863 0.859 0.845 0.844 0.841 0.839 0.831 0.83 0.826 0.822 0.82 0.809 0.807 0.806 0.797 0.795 0.793 0.792 0.784 0.78 0.776 0.774 0.771 0.77 0.765 0.76 0.76 0.749 0.749 0.746 0.745 0.737 0.737 0.735 0.733 0.73 0.727 0.72 0.716 0.713 0.712 0.712 0.707 0.705 0.703 0.702 0.699 0.698 0.697 0.696 0.696 0.686 0.686 0.686 0.684 0.686 0.686 0.68 0.68 0.67 0.67 0.67 0.668 0.666 0.666 0.666 0.666 0.66 0.66 0.66 0.66 0.658 0.66 0.662 0.663 0.66 0.663 0.663 0.662 0.656 0.662 0.662 0.664 0.664 0.664 0.663 0.663 0.663 0.674 0.674 0.674 0.678 0.678 0.678 0.682 0.682 0.682 0.687 0.687 0.689 0.689 0.689 0.689 0.691 0.689 0.689 0.687 0.689 0.688 0.688 0.688 0.688 0.688 0.686 0.686 0.686 0.686 0.686 0.686 0.686 0.686 0.682 0.682 0.682 0.682 0.68 0.68 0.672 0.67 0.668 0.668 0.668 0.663 0.663 0.664 0.664 0.664 0.664 0.662 0.661 0.659 0.658 0.658 0.658 0.658 0.66 0.66 0.66 0.66 0.66 0.66 0.66 0.663 0.663 0.671 0.671 0.671 0.672 0.672 0.676 0.679 0.685 0.685 0.687 0.688 0.689 0.698 0.703 1.289 1.299 1.301 1.301 1.306 1.31 1.31 1.311 1.321 1.321 1.327 1.333 1.335 1.335 1.335 1.34 1.345 1.357 1.359
2 11.952 682 0 0 0 0 0 0 0 0 0 0 0 0 0 0 0 0 0 0 0 0 0 0 0 0 0 0 0 0 0 0 0 0 0 0 0 0 0 0 0 0 0 0 0.93 0.93 0.926 0.923 0.921 0.909 0.909 0.905 0.891 0.885 0.884 0.884 0.88 0.878 0.877 0.877 0.867 0.865 0.864 0.864 0.853 0.853 0.861 0 0 0 0 0 0 0 0 0 0 0 0 0 0 0 0 0 0 0 0 0 0 0 0 0 0 0 0 0 0 0 0 0 0 0 0 0 0 0 0 0 0 0 0 0 0 0 0 0 0 0 0 0 0 2.013 2.005 2.005 2.005 2.007 2.009 2.012 2.017 2.018 2.021 2.029 2.032 2.035 2.037 2.038 2.045 2.052 2.055 2.061 2.064 2.064 2.068 2.082 2.088 2.091 2.092 2.093 2.102 2.114 2.121 2.774 2.793 2.799 2.815 2.817 2.83 2.842 2.849 2.849 2.865 2.868 2.868 2.881 2.921 2.921 2.93 2.931 2.932 2.946 2.955 2.97 2.985 0 0 0 0 0 0 0 0 0 0 0 0 0 0 0 0 0 0 0 0 0 0 0 0 0 0 0 0 0 0 0 0 0 0 0 0 0 0 2.7 2.7 2.7 2.731 2.737 2.765 2.783 2.799 2.808 2.841 2.843 2.873 2.885 2.924 2.929 2.959 0 0 0 0 0 0 0 0 0 0 0 0 0 0 0 0 0 0 0 0 0 0 0 0 0 0 0 0 0 0 0 0 0 0 0 0 0 0 0 0 0 0 0 0 0 0 0 0 0 0 0 0 0 0 0 0 0 0 0 0 0 0 0 0 0 0 0 0 0 0 0 0 0 0 0 0 0 0 0 0 0 0 0 0 0 0 0 0 0 0 0 0 0 0 0 0 0 0 0 0 4.866 4.859 4.859 4.859 4.859 4.859 0 0 0 0 0 0 0 4.464 4.464 4.794 4.794 4.79 4.794 4.79 4.79 4.792 4.796 4.796 0 0 0 0 0 0 0 0 0 0 0 0 0 0 0 0 0 0 0 0 0 0 0 0 0 0 0 0 0 0 0 0 0 0 0 0 0 0 0 0 0 0 0 0 0 0 0 0 0 0 0 0 1.249 1.249 1.249 1.249 1.249 1.25 1.253 1.26 1.261 1.261 1.261 1.256 1.255 1.243 1.225 1.212 1.184 1.173 1.154 1.137 1.118 1.095 1.085 1.065 1.062 1.028 1.02 1.008 0.995 0.977 0.969 0.96 0.947 0.945 0.924 0.915 0.908 0.894 0.885 0.878 0.87 0.869 0.853 0.852 0.852 0.853 0.856 0.863 0.864 0.877 0.878 0.878 0.881 0.888 0.889 0.892 0.894 0.896 0.899 0.911 0.918 0.924 0.924 0.93 0.93 0.934 0.935 0.942 0.951 0.965 0.965 0.966 0.974 0.974 0.974 0.967 0.966 0.966 0.967 0.967 0.946 0.934 0.931 0.924 0.92 0.909 0.909 0.9 0.893 0.886 0.886 0.885 0.88 0.869 0.864 0.861 0.855 0.854 0.844 0.838 0.836 0.83 0.826 0.825 0.822 0.812 0.805 0.802 0.8 0.799 0.791 0.79 0.784 0.779 0.777 0.776 0.774 0.774 0.765 0.753 0.753 0.751 0.751 0.751 0.745 0.74 0.739 0.736 0.736 0.732 0.723 0.723 0.723 0.713 0.712 0.704 0.704 0.704 0.706 0.706 0.706 0.701 0.693 0.691 0.691 0.687 0.685 0.685 0.683 0.684 0.684 0.683 0.682 0.676 0.673 0.672 0.669 0.663 0.668 0.666 0.663 0.663 0.663 0.663 0.661 0.66 0.66 0.66 0.66 0.66 0.661 0.661 0.659 0.659 0.659 0.659 0.661 0.666 0.666 0.666 0.668 0.668 0.668 0.673 0.673 0.673 0.676 0.68 0.68 0.683 0.683 0.683 0.683 0.683 0.684 0.684 0.685 0.687 0.685 0.685 0.684 0.684 0.684 0.684 0.689 0.689 0.688 0.688 0.688 0.687 0.687 0.685 0.687 0.682 0.682 0.682 0.679 0.679 0.679 0.674 0.674 0.673 0.67 0.668 0.661 0.661 0.661 0.659 0.659 0.662 0.662 0.662 0.662 0.662 0.662 0.659 0.658 0.658 0.658 0.659 0.66 0.661 0.66 0.659 0.659 0.659 0.659 0.661 0.662 0.666 0.671 0.675 0.676 0.682 0.685 0.685 0.686 0.682 0.686 0.69 0.697 0.702 1.289 1.301 1.304 1.304 1.305 1.307 1.312 1.312 1.32 1.323 1.328 1.332 1.333 1.333 1.333 1.34 1.342 1.361 1.362
2 12.052 682 0 0 0 0 0 0 0 0 0 0 0 0 0 0 0 0 0 0 0 0 0 0 0 0 0 0 0 0 0 0 0 0 0 0 0 0 0 0 0 0 0 0 0.931 0.923 0.921 0.921 0.92 0.914 0.912 0.898 0.896 0.889 0.881 0.881 0.881 0.881 0.881 0.876 0.87 0.866 0.856 0.856 0.848 0.848 0.86 0 0 0 0 0 0 0 0 0 0 0 0 0 0 0 0 0 0 0 0 0 0 0 0 0 0 0 0 0 0 0 0 0 0 0 0 0 0 0 0 0 0 0 0 0 0 0 0 0 0 0 0 0 0 2.014 2.003 2.003 2.003 2.009 2.013 2.016 2.02 2.023 2.025 2.034 2.034 2.036 2.041 2.043 2.044 2.053 2.057 2.061 2.062 2.063 2.078 2.088 2.089 2.09 2.093 2.096 2.104 2.112 2.116 2.778 2.786 2.795 2.814 2.817 2.823 2.823 2.844 2.853 2.862 2.865 2.872 2.883 2.922 2.928 2.928 2.928 2.945 2.945 2.969 2.971 2.975 0 0 0 0 0 0 0 0 0 0 0 0 0 0 0 0 0 0 0 0 0 0 0 0 0 0 0 0 0 0 0 0 0 0 0 0 0 0 2.701 2.701 2.701 2.713 2.734 2.757 2.785 2.796 2.813 2.841 2.864 2.869 2.893 2.927 2.927 2.953 3.074 0 0 0 0 0 0 0 0 0 0 0 0 0 0 0 0 0 0 0 0 0 0 0 0 0 0 0 0 0 0 0 0 0 0 0 0 0 0 0 0 0 0 0 0 0 0 0 0 0 0 0 0 0 0 0 0 0 0 0 0 0 0 0 0 0 0 0 0 0 0 0 0 0 0 0 0 0 0 0 0 0 0 0 0 0 0 0 0 0 0 0 0 0 0 0 0 0 0 4.888 4.861 4.857 4.857 4.848 4.845 4.445 4.445 4.445 0 0 0 0 4.456 4.456 4.456 4.463 4.778 4.792 4.797 4.797 4.797 4.797 4.797 4.798 0 0 0 0 0 0 0 0 0 0 0 0 0 0 0 0 0 0 0 0 0 0 0 0 0 0 0 0 0 0 0 0 0 0 0 0 0 0 0 0 0 0 0 0 0 0 0 0 0 0 0 0 1.249 1.249 1.249 1.249 1.249 1.252 1.259 1.262 1.262 1.262 1.262 1.261 1.253 1.244 1.226 1.212 1.188 1.182 1.155 1.137 1.114 1.102 1.086 1.062 1.046 1.026 1.018 1.008 0.994 0.978 0.964 0.957 0.943 0.942 0.931 0.919 0.908 0.896 0.888 0.87 0.867 0.864 0.857 0.853 0.853 0.853 0.857 0.866 0.868 0.874 0.877 0.88 0.88 0.88 0.881 0.89 0.893 0.898 0.9 0.907 0.91 0.919 0.92 0.928 0.928 0.933 0.935 0.94 0.945 0.958 0.964 0.966 0.977 0.977 0.977 0.97 0.968 0.968 0.968 0.957 0.954 0.93 0.928 0.926 0.916 0.91 0.905 0.894 0.89 0.89 0.884 0.882 0.873 0.867 0.866 0.866 0.851 0.847 0.841 0.84 0.836 0.829 0.828 0.824 0.816 0.811 0.81 0.801 0.798 0.796 0.79 0.787 0.783 0.781 0.772 0.772 0.772 0.772 0.769 0.763 0.76 0.754 0.753 0.752 0.751 0.744 0.74 0.736 0.729 0.729 0.729 0.728 0.72 0.719 0.715 0.709 0.706 0.705 0.705 0.704 0.704 0.699 0.699 0.693 0.69 0.69 0.685 0.681 0.681 0.681 0.681 0.681 0.681 0.676 0.671 0.67 0.667 0.664 0.663 0.664 0.663 0.662 0.659 0.659 0.659 0.659 0.659 0.66 0.662 0.663 0.663 0.663 0.661 0.659 0.659 0.659 0.658 0.658 0.661 0.67 0.664 0.67 0.671 0.672 0.675 0.676 0.679 0.679 0.679 0.683 0.679 0.683 0.683 0.683 0.69 0.691 0.69 0.69 0.688 0.688 0.686 0.688 0.688 0.689 0.689 0.689 0.687 0.687 0.687 0.687 0.687 0.687 0.687 0.686 0.682 0.682 0.682 0.678 0.678 0.678 0.678 0.675 0.667 0.667 0.667 0.666 0.666 0.666 0.664 0.662 0.659 0.659 0.659 0.659 0.656 0.659 0.659 0.659 0.659 0.659 0.659 0.663 0.662 0.662 0.663 0.663 0.663 0.669 0.67 0.67 0.672 0.676 0.681 0.681 0.682 0.685 0.688 0.688 0.689 0.69 0.691 0.696 1.287 1.295 1.306 1.306 1.307 1.31 1.312 1.312 1.314 1.322 1.328 1.328 1.331 1.331 1.339 1.339 1.347 1.357 1.359
2 12.151 682 0 0 0 0 0 0 0 0 0 0 0 0 0 0 0 0 0 0 0 0 0 0 0 0 0 0 0 0 0 0 0 0 0 0 0 0 0 0 0 0 0 0 0 0.923 0.914 0.91 0.914 0.91 0.909 0.901 0.896 0.893 0.889 0.889 0.886 0.885 0.885 0.877 0.87 0.862 0.857 0.847 0.847 0.847 0.849 0.866 0 0 0 0 0 0 0 0 0 0 0 0 0 0 0 0 0 0 0 0 0 0 0 0 0 0 0 0 0 0 0 0 0 0 0 0 0 0 0 0 0 0 0 0 0 0 0 0 0 0 0 0 0 2.007 2.005 2.005 2.004 2.005 2.009 2.015 2.021 2.022 2.023 2.026 2.033 2.033 2.034 2.043 2.054 2.059 2.059 2.061 2.063 2.064 2.067 2.077 2.087 2.091 2.096 2.101 2.108 2.111 2.124 2.777 2.787 2.792 2.803 2.823 2.83 2.83 2.833 2.853 2.853 2.871 2.873 2.888 2.924 2.924 2.93 2.933 2.942 2.942 2.954 2.965 2.979 0 0 0 0 0 0 0 0 0 0 0 0 0 0 0 0 0 0 0 0 0 0 0 0 0 0 0 0 0 0 0 0 0 0 0 0 0 0 2.707 2.707 2.707 2.711 2.739 2.759 2.785 2.8 2.811 2.85 2.851 2.873 2.878 2.921 2.939 2.955 0 0 0 0 0 0 0 0 0 0 0 0 0 0 0 0 0 0 0 0 0 0 0 0 0 0 0 0 0 0 0 0 0 0 0 0 0 0 0 0 0 0 0 0 0 0 0 0 0 0 0 0 0 0 0 0 0 0 0 0 0 0 0 0 0 0 0 0 0 0 0 0 0 0 0 0 0 0 0 0 0 0 0 0 0 0 0 0 0 0 0 0 0 0 0 0 0 0 4.871 4.868 4.857 4.85 4.848 4.85 4.848 4.78 4.463 4.463 4.463 0 0 0 0 4.459 4.447 4.447 4.459 4.784 4.786 4.791 4.791 4.791 4.797 4.797 0 0 0 0 0 0 0 0 0 0 0 0 0 0 0 0 0 0 0 0 0 0 0 0 0 0 0 0 0 0 0 0 0 0 0 0 0 0 0 0 0 0 0 0 0 0 0 0 0 0 0 0 1.253 1.252 1.25 1.25 1.252 1.252 1.256 1.261 1.261 1.261 1.261 1.261 1.249 1.241 1.226 1.21 1.191 1.182 1.148 1.136 1.118 1.102 1.089 1.065 1.051 1.027 1.017 1.01 0.994 0.982 0.976 0.959 0.955 0.946 0.932 0.915 0.899 0.887 0.887 0.873 0.869 0.869 0.855 0.853 0.853 0.855 0.859 0.862 0.862 0.872 0.874 0.875 0.879 0.88 0.887 0.891 0.897 0.899 0.902 0.913 0.922 0.922 0.922 0.924 0.924 0.928 0.934 0.936 0.955 0.959 0.962 0.975 0.976 0.976 0.976 0.967 0.963 0.963 0.963 0.952 0.949 0.933 0.921 0.921 0.92 0.909 0.905 0.898 0.898 0.891 0.887 0.882 0.864 0.862 0.862 0.854 0.854 0.852 0.844 0.836 0.833 0.829 0.829 0.827 0.825 0.817 0.813 0.801 0.798 0.793 0.792 0.79 0.785 0.781 0.776 0.772 0.771 0.767 0.766 0.763 0.757 0.752 0.747 0.746 0.745 0.745 0.743 0.743 0.733 0.73 0.724 0.724 0.717 0.717 0.714 0.709 0.709 0.705 0.705 0.704 0.704 0.702 0.697 0.69 0.689 0.689 0.685 0.684 0.684 0.684 0.684 0.684 0.684 0.677 0.67 0.669 0.669 0.669 0.669 0.669 0.669 0.669 0.664 0.664 0.664 0.664 0.667 0.667 0.666 0.661 0.666 0.661 0.659 0.659 0.659 0.659 0.663 0.663 0.663 0.661 0.661 0.661 0.672 0.673 0.676 0.676 0.676 0.676 0.679 0.681 0.681 0.682 0.682 0.684 0.684 0.684 0.684 0.686 0.684 0.686 0.684 0.686 0.684 0.686 0.686 0.686 0.686 0.686 0.683 0.683 0.684 0.684 0.685 0.685 0.684 0.683 0.682 0.68 0.682 0.679 0.679 0.675 0.673 0.671 0.671 0.671 0.659 0.658 0.658 0.667 0.658 0.666 0.666 0.662 0.657 0.658 0.658 0.658 0.658 0.658 0.664 0.666 0.664 0.664 0.664 0.664 0.664 0.664 0.668 0.664 0.668 0.674 0.675 0.678 0.682 0.683 0.685 0.689 0.69 0.69 0.691 0.692 1.301 1.305 1.309 1.309 1.312 1.312 1.313 1.313 1.318 1.319 1.328 1.335 1.337 1.337 1.338 1.339 1.346 1.358 1.359
2 12.251 682 0 0 0 0 0 0 0 0 0 0 0 0 0 0 0 0 0 0 0 0 0 0 0 0 0 0 0 0 0 0 0 0 0 0 0 0 0 0 0 0 0 0 0 0.926 0.915 0.915 0.915 0.91 0.91 0.91 0.899 0.897 0.886 0.88 0.878 0.878 0.878 0.877 0.869 0.862 0.856 0.851 0.851 0.851 0.854 0.87 0 0 0 0 0 0 0 0 0 0 0 0 0 0 0 0 0 0 0 0 0 0 0 0 0 0 0 0 0 0 0 0 0 0 0 0 0 0 0 0 0 0 0 0 0 0 0 0 0 0 0 0 0 2.008 2.006 2.006 2.006 2.009 2.01 2.015 2.021 2.022 2.023 2.026 2.03 2.032 2.038 2.043 2.043 2.05 2.06 2.066 2.067 2.069 2.07 2.08 2.092 2.092 2.094 2.094 2.102 2.113 2.117 2.786 2.794 2.804 2.809 2.814 2.825 2.828 2.838 2.853 2.857 2.865 2.88 2.888 2.912 2.92 2.932 2.94 2.948 2.948 2.948 2.961 2.97 0 0 0 0 0 0 0 0 0 0 0 0 0 0 0 0 0 0 0 0 0 0 0 0 0 0 0 0 0 0 0 0 0 0 0 0 0 0 2.707 2.707 2.707 2.723 2.746 2.755 2.783 2.804 2.823 2.838 2.863 2.865 2.894 2.927 2.941 2.951 3.08 0 0 0 0 0 0 0 0 0 0 0 0 0 0 0 0 0 0 0 0 0 0 0 0 0 0 0 0 0 0 0 0 0 0 0 0 0 0 0 0 0 0 0 0 0 0 0 0 0 0 0 0 0 0 0 0 0 0 0 0 0 0 0 0 0 0 0 0 0 0 0 0 0 0 0 0 0 0 0 0 0 0 0 0 0 0 0 0 0 0 0 0 0 0 0 0 0 0 4.876 4.858 4.857 4.856 4.856 4.848 4.848 0 0 0 0 0 0 0 4.476 4.453 4.453 4.476 4.787 4.788 4.794 4.794 4.794 4.798 4.798 0 0 0 0 0 0 0 0 0 0 0 0 0 0 0 0 0 0 0 0 0 0 0 0 0 0 0 0 0 0 0 0 0 0 0 0 0 0 0 0 0 0 0 0 0 0 0 0 0 0 0 0 1.249 1.249 1.247 1.247 1.247 1.247 1.247 1.264 1.264 1.264 1.264 1.264 1.247 1.243 1.236 1.208 1.191 1.172 1.155 1.14 1.11 1.1 1.087 1.071 1.052 1.032 1.024 1.016 0.995 0.983 0.966 0.952 0.949 0.943 0.927 0.918 0.905 0.894 0.889 0.873 0.872 0.865 0.861 0.86 0.86 0.86 0.861 0.863 0.863 0.87 0.873 0.882 0.882 0.888 0.888 0.888 0.893 0.894 0.908 0.911 0.914 0.914 0.922 0.925 0.925 0.927 0.932 0.935 0.952 0.957 0.966 0.974 0.975 0.975 0.975 0.963 0.959 0.959 0.959 0.957 0.953 0.932 0.927 0.925 0.922 0.912 0.911 0.901 0.9 0.894 0.882 0.879 0.878 0.873 0.861 0.861 0.849 0.849 0.847 0.837 0.833 0.833 0.829 0.823 0.818 0.81 0.809 0.808 0.8 0.793 0.79 0.786 0.78 0.78 0.777 0.776 0.771 0.771 0.763 0.76 0.757 0.749 0.749 0.749 0.748 0.745 0.742 0.736 0.733 0.733 0.732 0.726 0.723 0.72 0.713 0.712 0.708 0.708 0.708 0.702 0.699 0.699 0.698 0.697 0.692 0.686 0.684 0.683 0.679 0.679 0.679 0.679 0.679 0.67 0.67 0.669 0.669 0.669 0.67 0.669 0.669 0.667 0.669 0.669 0.659 0.659 0.669 0.669 0.662 0.662 0.663 0.662 0.662 0.662 0.663 0.662 0.666 0.662 0.662 0.662 0.67 0.67 0.674 0.674 0.674 0.676 0.677 0.677 0.683 0.683 0.686 0.686 0.683 0.683 0.687 0.687 0.687 0.687 0.687 0.687 0.685 0.687 0.687 0.685 0.685 0.686 0.686 0.686 0.686 0.686 0.686 0.685 0.685 0.685 0.683 0.681 0.681 0.678 0.678 0.676 0.676 0.675 0.67 0.669 0.667 0.664 0.663 0.66 0.66 0.66 0.66 0.668 0.668 0.662 0.656 0.656 0.656 0.656 0.656 0.657 0.659 0.66 0.66 0.662 0.662 0.662 0.662 0.662 0.662 0.667 0.667 0.673 0.673 0.675 0.683 0.684 0.685 0.685 0.685 0.688 0.697 0.698 1.299 1.302 1.303 1.303 1.31 1.31 1.311 1.315 1.325 1.325 1.331 1.331 1.338 1.338 1.338 1.339 1.349 1.355 1.357
2 12.35 682 0 0 0 0 0 0 0 0 0 0 0 0 0 0 0 0 0 0 0 0 0 0 0 0 0 0 0 0 0 0 0 0 0 0 0 0 0 0 0 0 0 0 0 0.915 0.914 0.911 0.911 0.91 0.908 0.904 0.885 0.882 0.882 0.882 0.879 0.879 0.875 0.873 0.872 0.862 0.86 0.86 0.853 0.853 0.86 0 0 0 0 0 0 0 0 0 0 0 0 0 0 0 0 0 0 0 0 0 0 0 0 0 0 0 0 0 0 0 0 0 0 0 0 0 0 0 0 0 0 0 0 0 0 0 0 0 0 0 0 0 0 2.017 2.006 2.006 2.006 2.013 2.016 2.017 2.019 2.019 2.021 2.029 2.03 2.036 2.037 2.049 2.051 2.051 2.06 2.064 2.069 2.071 2.073 2.081 2.083 2.09 2.091 2.093 2.104 2.105 2.123 2.78 2.794 2.797 2.812 2.812 2.814 2.825 2.831 2.854 2.855 2.856 2.875 2.875 2.921 2.924 2.924 2.925 2.94 2.943 2.959 2.967 2.98 0 0 0 0 0 0 0 0 0 0 0 0 0 0 0 0 0 0 0 0 0 0 0 0 0 0 0 0 0 0 0 0 0 0 0 0 0 0 2.705 2.705 2.705 2.722 2.738 2.756 2.78 2.794 2.821 2.833 2.854 2.863 2.888 2.933 2.936 2.948 3.079 0 0 0 0 0 0 0 0 0 0 0 0 0 0 0 0 0 0 0 0 0 0 0 0 0 0 0 0 0 0 0 0 0 0 0 0 0 0 0 0 0 0 0 0 0 0 0 0 0 0 0 0 0 0 0 0 0 0 0 0 0 0 0 0 0 0 0 0 0 0 0 0 0 0 0 0 0 0 0 0 0 0 0 0 0 0 0 0 0 0 0 0 0 0 0 0 0 0 4.874 4.865 4.865 4.854 4.854 4.849 4.848 4.462 4.462 4.462 0 0 0 0 4.464 4.455 4.455 4.464 4.78 4.79 4.79 4.79 4.794 4.795 4.795 0 0 0 0 0 0 0 0 0 0 0 0 0 0 0 0 0 0 0 0 0 0 0 0 0 0 0 0 0 0 0 0 0 0 0 0 0 0 0 0 0 0 0 0 0 0 0 0 0 0 0 0 1.243 1.243 1.243 1.246 1.246 1.251 1.26 1.262 1.264 1.262 1.262 1.261 1.25 1.238 1.228 1.194 1.179 1.174 1.154 1.14 1.123 1.093 1.089 1.066 1.057 1.03 1.019 1.006 0.993 0.976 0.97 0.955 0.947 0.942 0.927 0.914 0.909 0.893 0.886 0.875 0.87 0.865 0.856 0.855 0.854 0.854 0.855 0.856 0.869 0.87 0.872 0.874 0.884 0.887 0.887 0.89 0.891 0.896 0.898 0.913 0.915 0.92 0.923 0.924 0.924 0.93 0.937 0.937 0.951 0.953 0.96 0.973 0.973 0.972 0.972 0.965 0.96 0.96 0.96 0.958 0.958 0.931 0.928 0.92 0.919 0.913 0.907 0.901 0.897 0.89 0.885 0.878 0.877 0.875 0.865 0.856 0.855 0.845 0.842 0.84 0.83 0.828 0.828 0.827 0.822 0.809 0.808 0.802 0.797 0.794 0.793 0.788 0.783 0.782 0.776 0.776 0.771 0.771 0.765 0.764 0.755 0.755 0.754 0.754 0.748 0.748 0.745 0.742 0.735 0.732 0.724 0.721 0.72 0.719 0.714 0.707 0.707 0.706 0.699 0.698 0.697 0.697 0.697 0.693 0.685 0.685 0.685 0.685 0.685 0.687 0.687 0.685 0.68 0.676 0.671 0.67 0.669 0.669 0.669 0.668 0.668 0.66 0.658 0.658 0.658 0.658 0.658 0.659 0.659 0.661 0.664 0.664 0.661 0.66 0.66 0.66 0.661 0.661 0.663 0.663 0.668 0.664 0.668 0.673 0.673 0.676 0.676 0.677 0.677 0.677 0.678 0.682 0.682 0.682 0.687 0.687 0.688 0.688 0.688 0.689 0.688 0.686 0.686 0.686 0.686 0.686 0.688 0.688 0.687 0.687 0.687 0.686 0.685 0.685 0.683 0.682 0.682 0.677 0.68 0.674 0.674 0.673 0.672 0.667 0.663 0.663 0.663 0.662 0.662 0.663 0.662 0.662 0.659 0.66 0.659 0.659 0.659 0.66 0.658 0.661 0.661 0.661 0.656 0.661 0.661 0.661 0.666 0.668 0.669 0.671 0.671 0.673 0.675 0.677 0.681 0.683 0.688 0.688 0.686 0.689 0.689 0.704 1.295 1.296 1.305 1.305 1.312 1.312 1.312 1.313 1.313 1.313 1.315 1.329 1.335 1.336 1.337 1.337 1.345 1.357 1.362
2 12.45 682 0 0 0 0 0 0 0 0 0 0 0 0 0 0 0 0 0 0 0 0 0 0 0 0 0 0 0 0 0 0 0 0 0 0 0 0 0 0 0 0 0 0 0 0.931 0.92 0.918 0.918 0.909 0.905 0.9 0.889 0.886 0.881 0.88 0.88 0.88 0.88 0.876 0.872 0.862 0.861 0.849 0.849 0.849 0.853 0.863 0 0 0 0 0 0 0 0 0 0 0 0 0 0 0 0 0 0 0 0 0 0 0 0 0 0 0 0 0 0 0 0 0 0 0 0 0 0 0 0 0 0 0 0 0 0 0 0 0 0 0 0 0 2.016 2.004 2.004 2.004 2.009 2.014 2.017 2.02 2.021 2.025 2.026 2.035 2.037 2.04 2.041 2.045 2.045 2.053 2.06 2.063 2.07 2.071 2.076 2.087 2.092 2.093 2.096 2.115 2.117 2.123 2.793 2.801 2.805 2.808 2.816 2.817 2.827 2.841 2.85 2.856 2.867 2.881 2.887 2.916 2.921 2.927 2.935 2.938 2.946 2.965 2.974 2.988 0 0 0 0 0 0 0 0 0 0 0 0 0 0 0 0 0 0 0 0 0 0 0 0 0 0 0 0 0 0 0 0 0 0 0 0 0 0 2.706 2.706 2.706 2.727 2.732 2.762 2.778 2.797 2.812 2.831 2.849 2.865 2.892 2.922 2.922 2.932 2.949 0 0 0 0 0 0 0 0 0 0 0 0 0 0 0 0 0 0 0 0 0 0 0 0 0 0 0 0 0 0 0 0 0 0 0 0 0 0 0 0 0 0 0 0 0 0 0 0 0 0 0 0 0 0 0 0 0 0 0 0 0 0 0 0 0 0 0 0 0 0 0 0 0 0 0 0 0 0 0 0 0 0 0 0 0 0 0 0 0 0 0 0 0 0 0 0 0 4.878 4.873 4.864 4.858 4.851 4.858 4.845 4.843 4.455 4.455 4.455 0 0 0 0 0 4.463 4.463 4.463 4.789 4.791 4.791 4.791 4.791 4.791 4.796 0 0 0 0 0 0 0 0 0 0 0 0 0 0 0 0 0 0 0 0 0 0 0 0 0 0 0 0 0 0 0 0 0 0 0 0 0 0 0 0 0 0 0 0 0 0 0 0 0 0 0 0 1.249 1.249 1.249 1.249 1.251 1.251 1.253 1.266 1.267 1.267 1.267 1.258 1.246 1.237 1.232 1.209 1.183 1.171 1.164 1.14 1.121 1.096 1.083 1.062 1.049 1.03 1.02 1.007 0.994 0.976 0.97 0.958 0.957 0.942 0.928 0.913 0.909 0.896 0.887 0.868 0.867 0.865 0.859 0.851 0.851 0.851 0.852 0.854 0.863 0.865 0.876 0.88 0.884 0.891 0.891 0.892 0.893 0.901 0.903 0.909 0.911 0.912 0.918 0.923 0.923 0.924 0.936 0.942 0.952 0.962 0.963 0.968 0.969 0.974 0.974 0.969 0.966 0.966 0.966 0.966 0.955 0.932 0.922 0.918 0.918 0.913 0.91 0.9 0.897 0.889 0.884 0.875 0.869 0.866 0.861 0.856 0.85 0.849 0.845 0.837 0.837 0.833 0.826 0.824 0.816 0.811 0.811 0.798 0.797 0.797 0.794 0.788 0.785 0.784 0.784 0.778 0.777 0.777 0.767 0.762 0.758 0.755 0.753 0.75 0.748 0.744 0.737 0.737 0.735 0.733 0.73 0.728 0.716 0.71 0.709 0.71 0.708 0.708 0.704 0.704 0.703 0.703 0.697 0.693 0.69 0.685 0.685 0.684 0.682 0.684 0.69 0.682 0.68 0.672 0.671 0.667 0.667 0.666 0.666 0.666 0.664 0.663 0.663 0.664 0.662 0.66 0.659 0.66 0.659 0.657 0.659 0.657 0.657 0.659 0.66 0.662 0.667 0.667 0.667 0.664 0.664 0.664 0.666 0.67 0.674 0.677 0.674 0.677 0.682 0.677 0.682 0.686 0.686 0.686 0.687 0.689 0.689 0.689 0.687 0.687 0.685 0.687 0.687 0.69 0.688 0.688 0.688 0.688 0.688 0.685 0.685 0.683 0.685 0.683 0.683 0.683 0.681 0.681 0.68 0.678 0.678 0.675 0.671 0.67 0.669 0.664 0.664 0.664 0.664 0.664 0.664 0.66 0.66 0.658 0.658 0.658 0.658 0.658 0.659 0.657 0.659 0.662 0.663 0.662 0.662 0.662 0.663 0.664 0.664 0.664 0.671 0.673 0.675 0.677 0.679 0.681 0.684 0.686 0.686 0.689 0.693 1.294 1.305 1.305 1.305 1.305 1.309 1.309 1.311 1.311 1.325 1.325 1.329 1.333 1.336 1.336 1.336 1.337 1.338 1.351 1.362
2 12.55 682 0 0 0 0 0 0 0 0 0 0 0 0 0 0 0 0 0 0 0 0 0 0 0 0 0 0 0 0 0 0 0 0 0 0 0 0 0 0 0 0 0 0 0 0.918 0.918 0.914 0.914 0.91 0.908 0.904 0.897 0.893 0.889 0.886 0.88 0.886 0.88 0.878 0.872 0.865 0.857 0.857 0.852 0.852 0.861 0 0 0 0 0 0 0 0 0 0 0 0 0 0 0 0 0 0 0 0 0 0 0 0 0 0 0 0 0 0 0 0 0 0 0 0 0 0 0 0 0 0 0 0 0 0 0 0 0 0 0 0 0 0 2.019 2.005 2.005 2.005 2.006 2.009 2.017 2.022 2.023 2.023 2.027 2.033 2.035 2.037 2.041 2.041 2.051 2.053 2.061 2.064 2.066 2.07 2.074 2.082 2.087 2.091 2.099 2.103 2.108 2.772 2.797 2.8 2.8 2.804 2.819 2.83 2.835 2.841 2.854 2.858 2.874 2.88 2.881 2.92 2.92 2.922 2.925 2.925 2.946 2.96 2.963 2.975 0 0 0 0 0 0 0 0 0 0 0 0 0 0 0 0 0 0 0 0 0 0 0 0 0 0 0 0 0 0 0 0 0 0 0 0 0 0 2.708 2.708 2.708 2.724 2.742 2.766 2.783 2.789 2.823 2.84 2.852 2.867 2.881 2.923 2.939 2.954 3.067 0 0 0 0 0 0 0 0 0 0 0 0 0 0 0 0 0 0 0 0 0 0 0 0 0 0 0 0 0 0 0 0 0 0 0 0 0 0 0 0 0 0 0 0 0 0 0 0 0 0 0 0 0 0 0 0 0 0 0 0 0 0 0 0 0 0 0 0 0 0 0 0 0 0 0 0 0 0 0 0 0 0 0 0 0 0 0 0 0 0 0 0 0 0 0 0 0 4.884 4.868 4.862 4.86 4.858 4.86 4.85 4.841 4.85 0 0 0 0 0 0 0 4.466 4.466 4.466 4.788 4.792 4.794 4.795 4.795 4.796 4.796 0 0 0 0 0 0 0 0 0 0 0 0 0 0 0 0 0 0 0 0 0 0 0 0 0 0 0 0 0 0 0 0 0 0 0 0 0 0 0 0 0 0 0 0 0 0 0 0 0 0 0 0 1.247 1.244 1.244 1.244 1.244 1.244 1.25 1.259 1.262 1.262 1.259 1.258 1.252 1.24 1.226 1.209 1.196 1.18 1.165 1.139 1.117 1.101 1.08 1.062 1.048 1.028 1.025 1.009 0.99 0.976 0.968 0.957 0.949 0.947 0.923 0.921 0.91 0.898 0.885 0.872 0.865 0.864 0.854 0.852 0.852 0.854 0.854 0.863 0.866 0.867 0.872 0.874 0.888 0.889 0.892 0.894 0.902 0.905 0.91 0.91 0.912 0.914 0.921 0.926 0.926 0.927 0.932 0.938 0.947 0.959 0.962 0.964 0.974 0.974 0.974 0.969 0.962 0.962 0.962 0.962 0.953 0.933 0.925 0.924 0.921 0.908 0.908 0.893 0.893 0.889 0.889 0.884 0.876 0.872 0.866 0.862 0.855 0.849 0.842 0.84 0.837 0.828 0.82 0.816 0.814 0.808 0.8 0.8 0.8 0.8 0.784 0.784 0.782 0.781 0.781 0.777 0.772 0.77 0.765 0.761 0.761 0.755 0.754 0.748 0.747 0.742 0.742 0.741 0.739 0.728 0.728 0.725 0.721 0.714 0.712 0.708 0.707 0.701 0.701 0.7 0.7 0.7 0.7 0.698 0.696 0.691 0.688 0.684 0.683 0.683 0.683 0.683 0.683 0.674 0.672 0.672 0.668 0.668 0.667 0.667 0.666 0.663 0.661 0.663 0.661 0.661 0.658 0.658 0.658 0.66 0.662 0.662 0.66 0.661 0.661 0.661 0.662 0.667 0.668 0.669 0.668 0.668 0.669 0.669 0.671 0.675 0.678 0.678 0.678 0.678 0.678 0.681 0.681 0.684 0.684 0.69 0.685 0.69 0.69 0.69 0.685 0.69 0.685 0.685 0.685 0.684 0.683 0.683 0.683 0.683 0.683 0.683 0.683 0.683 0.682 0.681 0.681 0.679 0.678 0.675 0.675 0.675 0.669 0.666 0.666 0.664 0.666 0.661 0.664 0.664 0.664 0.662 0.662 0.662 0.661 0.659 0.657 0.657 0.659 0.66 0.661 0.662 0.662 0.662 0.664 0.664 0.67 0.67 0.67 0.67 0.672 0.673 0.675 0.677 0.681 0.682 0.684 0.686 0.69 0.691 0.698 0.7 1.294 1.299 1.304 1.304 1.309 1.309 1.31 1.315 1.315 1.315 1.325 1.329 1.33 1.33 1.337 1.337 1.35 1.356 1.357
2 12.649 682 0 0 0 0 0 0 0 0 0 0 0 0 0 0 0 0 0 0 0 0 0 0 0 0 0 0 0 0 0 0 0 0 0 0 0 0 0 0 0 0 0 0.928 0.928 0.92 0.92 0.916 0.91 0.91 0.91 0.909 0.898 0.896 0.886 0.882 0.882 0.881 0.881 0.876 0.872 0.86 0.854 0.854 0.853 0.853 0.853 0.861 0 0 0 0 0 0 0 0 0 0 0 0 0 0 0 0 0 0 0 0 0 0 0 0 0 0 0 0 0 0 0 0 0 0 0 0 0 0 0 0 2.664 2.664 2.664 0 0 0 0 0 0 0 0 0 0 2.008 1.999 1.999 1.999 2.003 2.013 2.015 2.018 2.02 2.025 2.026 2.026 2.036 2.041 2.044 2.05 2.058 2.058 2.061 2.067 2.067 2.069 2.084 2.087 2.091 2.094 2.094 2.104 2.108 2.128 2.783 2.8 2.807 2.81 2.815 2.837 2.837 2.838 2.841 2.858 2.864 2.872 2.886 2.925 2.925 2.926 2.929 2.929 2.943 2.955 2.968 2.97 0 0 0 0 0 0 0 0 0 0 0 0 0 0 0 0 0 0 0 0 0 0 0 0 0 0 0 0 0 0 0 0 0 0 0 0 0 0 2.715 2.71 2.71 2.715 2.743 2.76 2.795 2.801 2.807 2.847 2.858 2.862 2.885 2.928 2.932 2.955 3.077 0 0 0 0 0 0 0 0 0 0 0 0 0 0 0 0 0 0 0 0 0 0 0 0 0 0 0 0 0 0 0 0 0 0 0 0 0 0 0 0 0 0 0 0 0 0 0 0 0 0 0 0 0 0 0 0 0 0 0 0 0 0 0 0 0 0 0 0 0 0 0 0 0 0 0 0 0 0 0 0 0 0 0 0 0 0 0 0 0 0 0 0 0 0 0 0 0 0 4.876 4.868 4.86 4.859 4.859 4.848 4.843 4.466 4.466 4.466 0 0 0 0 0 4.452 4.452 4.452 4.79 4.79 4.793 4.793 4.79 4.793 4.793 0 0 0 0 0 0 0 0 0 0 0 0 0 0 0 0 0 0 0 0 0 0 0 0 0 0 0 0 0 0 0 0 0 0 0 0 0 0 0 0 0 0 0 0 0 0 0 0 0 0 0 0 1.244 1.244 1.244 1.244 1.245 1.255 1.255 1.255 1.26 1.26 1.263 1.26 1.25 1.24 1.225 1.206 1.189 1.18 1.158 1.14 1.118 1.108 1.08 1.07 1.056 1.028 1.02 1.012 0.991 0.977 0.974 0.959 0.943 0.941 0.925 0.908 0.905 0.894 0.893 0.875 0.869 0.869 0.859 0.859 0.856 0.856 0.857 0.857 0.857 0.878 0.878 0.879 0.884 0.884 0.89 0.894 0.897 0.901 0.901 0.911 0.912 0.919 0.923 0.924 0.924 0.931 0.933 0.942 0.957 0.958 0.968 0.97 0.972 0.976 0.976 0.976 0.96 0.96 0.96 0.96 0.952 0.931 0.93 0.919 0.915 0.905 0.903 0.899 0.896 0.891 0.886 0.881 0.876 0.868 0.867 0.859 0.855 0.847 0.844 0.839 0.836 0.834 0.827 0.824 0.822 0.806 0.802 0.802 0.793 0.793 0.791 0.786 0.783 0.778 0.772 0.771 0.77 0.77 0.77 0.768 0.753 0.751 0.751 0.746 0.745 0.743 0.741 0.741 0.741 0.728 0.726 0.723 0.722 0.72 0.717 0.716 0.708 0.706 0.707 0.703 0.702 0.699 0.697 0.695 0.687 0.687 0.686 0.683 0.682 0.683 0.683 0.682 0.678 0.677 0.669 0.669 0.664 0.664 0.664 0.664 0.664 0.664 0.662 0.662 0.661 0.661 0.66 0.661 0.661 0.661 0.664 0.666 0.666 0.664 0.664 0.664 0.664 0.664 0.664 0.667 0.667 0.667 0.67 0.673 0.675 0.676 0.676 0.679 0.682 0.682 0.682 0.682 0.683 0.684 0.687 0.687 0.687 0.687 0.687 0.687 0.684 0.687 0.684 0.688 0.689 0.689 0.687 0.687 0.687 0.687 0.684 0.684 0.685 0.685 0.68 0.677 0.677 0.677 0.679 0.679 0.679 0.676 0.674 0.673 0.667 0.666 0.666 0.664 0.664 0.664 0.664 0.664 0.661 0.659 0.659 0.659 0.659 0.659 0.66 0.659 0.66 0.661 0.661 0.661 0.662 0.662 0.662 0.664 0.67 0.672 0.673 0.674 0.677 0.678 0.68 0.686 0.686 0.686 0.689 0.692 0.693 0.706 1.301 1.301 1.304 1.304 1.312 1.315 1.315 1.32 1.32 1.325 1.327 1.331 1.332 1.332 1.34 1.344 1.347 1.356 1.357
2 12.749 682 0 0 0 0 0 0 0 0 0 0 0 0 0 0 0 0 0 0 0 0 0 0 0 0 0 0 0 0 0 0 0 0 0 0 0 0 0 0 0 0 0 0 0.923 0.921 0.921 0.918 0.913 0.909 0.908 0.907 0.897 0.892 0.88 0.88 0.878 0.878 0.878 0.878 0.876 0.864 0.859 0.859 0.851 0.851 0.867 0 0 0 0 0 0 0 0 0 0 0 0 0 0 0 0 0 0 0 0 0 0 0 0 0 0 0 0 0 0 0 0 0 0 0 0 0 0 0 0 0 0 0 0 0 0 0 0 0 0 0 0 0 0 2.01 2.01 2.01 2.01 2.012 2.014 2.017 2.018 2.019 2.021 2.025 2.035 2.04 2.042 2.042 2.043 2.048 2.054 2.059 2.063 2.063 2.063 2.079 2.086 2.086 2.094 2.1 2.103 2.115 2.131 2.783 2.79 2.803 2.808 2.813 2.823 2.823 2.835 2.85 2.856 2.869 2.875 2.88 2.918 2.924 2.924 2.926 2.934 2.95 2.953 2.964 2.98 0 0 0 0 0 0 0 0 0 0 0 0 0 0 0 0 0 0 0 0 0 0 0 0 0 0 0 0 0 0 0 0 0 0 0 0 0 0 2.708 2.708 2.708 2.718 2.741 2.765 2.784 2.805 2.809 2.838 2.853 2.874 2.883 2.931 2.936 2.956 3.074 0 0 0 0 0 0 0 0 0 0 0 0 0 0 0 0 0 0 0 0 0 0 0 0 0 0 0 0 0 0 0 0 0 0 0 0 0 0 0 0 0 0 0 0 0 0 0 0 0 0 0 0 0 0 0 0 0 0 0 0 0 0 0 0 0 0 0 0 0 0 0 0 0 0 0 0 0 0 0 0 0 0 0 0 0 0 0 0 0 0 0 0 0 0 0 0 0 0 4.874 4.866 4.862 4.855 4.855 4.852 4.841 4.462 4.462 4.462 0 0 0 0 0 4.464 4.464 4.464 4.786 4.794 4.796 4.796 4.796 4.797 4.797 0 0 0 0 0 0 0 0 0 0 0 0 0 0 0 0 0 0 0 0 0 0 0 0 0 0 0 0 0 0 0 0 0 0 0 0 0 0 0 0 0 0 0 0 0 0 0 0 0 0 0 0 1.254 1.251 1.249 1.249 1.249 1.249 1.249 1.263 1.263 1.263 1.26 1.252 1.245 1.237 1.225 1.205 1.19 1.168 1.152 1.138 1.125 1.099 1.085 1.062 1.058 1.028 1.023 1.004 0.996 0.977 0.968 0.962 0.946 0.944 0.92 0.92 0.908 0.893 0.886 0.877 0.873 0.862 0.855 0.855 0.855 0.856 0.86 0.862 0.868 0.869 0.872 0.873 0.888 0.889 0.893 0.9 0.9 0.9 0.907 0.913 0.914 0.915 0.921 0.923 0.923 0.933 0.933 0.946 0.949 0.954 0.96 0.97 0.976 0.97 0.97 0.968 0.963 0.963 0.963 0.963 0.951 0.926 0.924 0.924 0.92 0.91 0.905 0.905 0.898 0.889 0.882 0.877 0.869 0.866 0.862 0.861 0.851 0.851 0.842 0.842 0.836 0.83 0.827 0.823 0.821 0.809 0.796 0.796 0.795 0.794 0.792 0.787 0.785 0.779 0.779 0.771 0.768 0.768 0.767 0.766 0.76 0.751 0.749 0.746 0.746 0.742 0.74 0.734 0.729 0.726 0.724 0.724 0.724 0.719 0.717 0.713 0.708 0.706 0.706 0.706 0.705 0.697 0.695 0.695 0.695 0.687 0.687 0.681 0.681 0.681 0.684 0.684 0.684 0.674 0.669 0.668 0.669 0.669 0.669 0.667 0.667 0.662 0.662 0.664 0.66 0.661 0.661 0.661 0.661 0.661 0.671 0.671 0.664 0.659 0.664 0.664 0.663 0.663 0.667 0.67 0.67 0.67 0.671 0.675 0.675 0.675 0.679 0.681 0.683 0.683 0.683 0.682 0.683 0.683 0.687 0.687 0.687 0.687 0.687 0.685 0.684 0.685 0.685 0.685 0.684 0.684 0.681 0.681 0.681 0.681 0.682 0.683 0.686 0.683 0.682 0.678 0.678 0.677 0.676 0.675 0.674 0.671 0.67 0.666 0.663 0.663 0.662 0.662 0.662 0.662 0.663 0.666 0.666 0.666 0.663 0.656 0.656 0.656 0.659 0.66 0.662 0.66 0.663 0.663 0.663 0.663 0.666 0.669 0.67 0.67 0.67 0.671 0.671 0.672 0.679 0.683 0.686 0.683 0.695 0.703 0.705 0.705 1.289 1.302 1.302 1.302 1.303 1.311 1.312 1.312 1.323 1.325 1.325 1.33 1.336 1.336 1.339 1.342 1.348 1.35 1.363
2 12.848 682 0 0 0 0 0 0 0 0 0 0 0 0 0 0 0 0 0 0 0 0 0 0 0 0 0 0 0 0 0 0 0 0 0 0 0 0 0 0 0 0 0 0 0.922 0.921 0.921 0.921 0.912 0.91 0.909 0.905 0.903 0.893 0.879 0.879 0.879 0.878 0.878 0.878 0.865 0.863 0.859 0.859 0.856 0.856 0.864 0 0 0 0 0 0 0 0 0 0 0 0 0 0 0 0 0 0 0 0 0 0 0 0 0 0 0 0 0 0 0 0 0 0 0 0 0 0 0 0 0 2.651 2.651 2.651 0 0 0 0 0 0 0 0 0 0 2.013 2.007 2.007 2.007 2.008 2.009 2.017 2.017 2.019 2.022 2.024 2.033 2.036 2.037 2.04 2.04 2.052 2.054 2.06 2.064 2.072 2.074 2.078 2.083 2.09 2.094 2.099 2.113 2.113 2.129 2.79 2.804 2.808 2.811 2.813 2.824 2.83 2.841 2.853 2.855 2.859 2.863 2.883 2.917 2.919 2.924 2.924 2.945 2.948 2.951 2.962 2.975 0 0 0 0 0 0 0 0 0 0 0 0 0 0 0 0 0 0 0 0 0 0 0 0 0 0 0 0 0 0 0 0 0 0 0 0 0 0 2.705 2.705 2.705 2.729 2.734 2.764 2.776 2.793 2.817 2.836 2.843 2.866 2.892 2.928 2.941 2.946 0 0 0 0 0 0 0 0 0 0 0 0 0 0 0 0 0 0 0 0 0 0 0 0 0 0 0 0 0 0 0 0 0 0 0 0 0 0 0 0 0 0 0 0 0 0 0 0 0 0 0 0 0 0 0 0 0 0 0 0 0 0 0 0 0 0 0 0 0 0 0 0 0 0 0 0 0 0 0 0 0 0 0 0 0 0 0 0 0 0 0 0 0 0 0 0 0 0 0 4.876 4.868 4.855 4.855 4.856 4.855 4.855 4.47 4.47 4.47 0 0 0 0 0 4.47 4.47 4.47 4.783 4.788 4.788 4.788 4.787 4.793 4.793 0 0 0 0 0 0 0 0 0 0 0 0 0 0 0 0 0 0 0 0 0 0 0 0 0 0 0 0 0 0 0 0 0 0 0 0 0 0 0 0 0 0 0 0 0 0 0 0 0 0 0 0 1.25 1.247 1.247 1.247 1.25 1.254 1.256 1.262 1.264 1.264 1.264 1.261 1.247 1.246 1.226 1.209 1.184 1.17 1.157 1.141 1.12 1.093 1.082 1.071 1.053 1.032 1.02 1 0.998 0.975 0.973 0.957 0.955 0.943 0.923 0.92 0.904 0.899 0.885 0.868 0.864 0.863 0.86 0.857 0.855 0.857 0.857 0.857 0.864 0.872 0.875 0.876 0.881 0.886 0.887 0.887 0.893 0.903 0.903 0.905 0.912 0.922 0.922 0.93 0.93 0.931 0.932 0.932 0.954 0.954 0.967 0.968 0.97 0.97 0.97 0.966 0.966 0.966 0.966 0.966 0.949 0.93 0.927 0.924 0.922 0.909 0.898 0.898 0.896 0.893 0.892 0.881 0.875 0.874 0.865 0.861 0.85 0.848 0.848 0.844 0.838 0.836 0.828 0.825 0.816 0.812 0.808 0.8 0.797 0.797 0.792 0.788 0.786 0.786 0.778 0.778 0.776 0.776 0.765 0.763 0.763 0.753 0.749 0.749 0.746 0.744 0.739 0.733 0.729 0.727 0.724 0.724 0.724 0.719 0.716 0.709 0.706 0.706 0.705 0.703 0.703 0.702 0.7 0.7 0.69 0.686 0.682 0.68 0.68 0.68 0.68 0.68 0.68 0.675 0.669 0.669 0.669 0.664 0.669 0.673 0.663 0.666 0.666 0.662 0.659 0.659 0.659 0.659 0.66 0.661 0.667 0.667 0.661 0.659 0.659 0.659 0.662 0.662 0.668 0.668 0.668 0.675 0.675 0.675 0.675 0.675 0.681 0.681 0.681 0.679 0.679 0.679 0.678 0.68 0.685 0.689 0.689 0.689 0.689 0.691 0.689 0.693 0.693 0.693 0.691 0.691 0.687 0.687 0.687 0.687 0.685 0.683 0.687 0.683 0.683 0.679 0.675 0.673 0.673 0.673 0.673 0.673 0.672 0.666 0.664 0.664 0.664 0.664 0.664 0.662 0.662 0.662 0.663 0.662 0.659 0.662 0.662 0.661 0.661 0.661 0.661 0.661 0.659 0.663 0.666 0.666 0.668 0.669 0.669 0.668 0.668 0.67 0.67 0.677 0.68 0.682 0.684 0.686 0.69 0.699 0.7 0.701 1.29 1.302 1.302 1.302 1.307 1.312 1.314 1.316 1.319 1.319 1.325 1.329 1.332 1.332 1.34 1.341 1.35 1.356 1.356
2 12.948 682 0 0 0 0 0 0 0 0 0 0 0 0 0 0 0 0 0 0 0 0 0 0 0 0 0 0 0 0 0 0 0 0 0 0 0 0 0 0 0 0 0 0 0.931 0.921 0.92 0.916 0.916 0.913 0.91 0.9 0.894 0.891 0.886 0.884 0.884 0.881 0.881 0.877 0.867 0.862 0.853 0.853 0.851 0.851 0.864 0 0 0 0 0 0 0 0 0 0 0 0 0 0 0 0 0 0 0 0 0 0 0 0 0 0 0 0 0 0 0 0 0 0 0 0 0 0 0 0 0 0 0 0 0 0 0 0 0 0 0 0 0 0 2.005 2.005 2.005 2.007 2.01 2.012 2.014 2.017 2.021 2.024 2.027 2.033 2.033 2.041 2.043 2.047 2.053 2.058 2.06 2.064 2.066 2.066 2.078 2.083 2.088 2.097 2.098 2.106 2.111 2.125 2.785 2.798 2.802 2.805 2.822 2.836 2.842 2.844 2.855 2.856 2.859 2.871 2.89 2.925 2.925 2.927 2.937 2.938 2.938 2.963 2.964 2.968 0 0 0 0 0 0 0 0 0 0 0 0 0 0 0 0 0 0 0 0 0 0 0 0 0 0 0 0 0 0 0 0 0 0 0 0 0 0 2.709 2.709 2.709 2.725 2.737 2.756 2.785 2.797 2.817 2.83 2.863 2.874 2.889 2.924 2.926 2.951 3.077 0 0 0 0 0 0 0 0 0 0 0 0 0 0 0 0 0 0 0 0 0 0 0 0 0 0 0 0 0 0 0 0 0 0 0 0 0 0 0 0 0 0 0 0 0 0 0 0 0 0 0 0 0 0 0 0 0 0 0 0 0 0 0 0 0 0 0 0 0 0 0 0 0 0 0 0 0 0 0 0 0 0 0 0 0 0 0 0 0 0 0 0 0 0 0 0 0 0 4.87 4.86 4.856 4.856 4.856 4.854 4.837 4.86 0 0 0 0 0 0 0 4.467 4.467 4.467 4.777 4.796 4.796 4.794 4.794 4.794 4.794 0 0 0 0 0 0 0 0 0 0 0 0 0 0 0 0 0 0 0 0 0 0 0 0 0 0 0 0 0 0 0 0 0 0 0 0 0 0 0 0 0 0 0 0 0 0 0 0 0 0 0 0 1.254 1.252 1.249 1.249 1.249 1.25 1.25 1.259 1.266 1.266 1.266 1.26 1.252 1.242 1.227 1.208 1.189 1.184 1.158 1.136 1.112 1.094 1.089 1.066 1.053 1.034 1.02 1.001 0.997 0.979 0.962 0.959 0.948 0.937 0.926 0.921 0.905 0.892 0.882 0.872 0.866 0.865 0.86 0.853 0.853 0.853 0.859 0.859 0.864 0.874 0.876 0.88 0.882 0.885 0.887 0.887 0.89 0.897 0.903 0.908 0.91 0.912 0.921 0.927 0.927 0.931 0.936 0.943 0.951 0.954 0.963 0.973 0.976 0.976 0.976 0.963 0.958 0.958 0.958 0.957 0.954 0.933 0.924 0.924 0.923 0.919 0.914 0.901 0.896 0.891 0.886 0.876 0.874 0.872 0.861 0.861 0.855 0.851 0.844 0.844 0.835 0.833 0.83 0.818 0.816 0.814 0.811 0.803 0.8 0.795 0.795 0.787 0.786 0.779 0.775 0.77 0.769 0.768 0.766 0.763 0.755 0.753 0.75 0.75 0.745 0.741 0.739 0.737 0.732 0.731 0.724 0.724 0.724 0.719 0.713 0.709 0.708 0.708 0.707 0.703 0.703 0.7 0.697 0.697 0.697 0.691 0.69 0.689 0.689 0.689 0.689 0.681 0.679 0.678 0.676 0.668 0.668 0.664 0.664 0.664 0.664 0.661 0.661 0.658 0.658 0.658 0.658 0.658 0.662 0.658 0.662 0.662 0.661 0.661 0.662 0.662 0.662 0.662 0.662 0.663 0.663 0.664 0.669 0.672 0.676 0.677 0.677 0.677 0.678 0.677 0.677 0.682 0.682 0.684 0.688 0.688 0.688 0.688 0.688 0.691 0.686 0.687 0.687 0.687 0.684 0.684 0.683 0.683 0.683 0.683 0.683 0.684 0.684 0.683 0.683 0.681 0.681 0.68 0.681 0.68 0.68 0.675 0.67 0.667 0.667 0.667 0.662 0.662 0.664 0.662 0.66 0.66 0.66 0.659 0.66 0.661 0.661 0.661 0.661 0.661 0.66 0.661 0.661 0.661 0.661 0.663 0.663 0.669 0.672 0.672 0.673 0.673 0.674 0.676 0.677 0.681 0.683 0.688 0.689 0.692 0.693 0.701 1.293 1.302 1.31 1.31 1.311 1.311 1.313 1.313 1.314 1.315 1.328 1.335 1.335 1.335 1.335 1.338 1.346 1.359 1.359
2 13.048 682 0 0 0 0 0 0 0 0 0 0 0 0 0 0 0 0 0 0 0 0 0 0 0 0 0 0 0 0 0 0 0 0 0 0 0 0 0 0 0 0 0 0 0 0.928 0.926 0.92 0.913 0.912 0.911 0.903 0.902 0.899 0.882 0.882 0.881 0.881 0.881 0.876 0.875 0.859 0.855 0.855 0.851 0.851 0.856 0 0 0 0 0 0 0 0 0 0 0 0 0 0 0 0 0 0 0 0 0 0 0 0 0 0 0 0 0 0 0 0 0 0 0 0 0 0 0 0 0 0 0 0 0 0 0 0 0 0 0 0 0 0 2.013 2.001 2.001 2.001 2.008 2.008 2.015 2.018 2.018 2.021 2.023 2.033 2.034 2.034 2.036 2.049 2.052 2.056 2.056 2.062 2.063 2.067 2.075 2.081 2.093 2.094 2.096 2.103 2.11 2.122 2.788 2.8 2.805 2.807 2.814 2.819 2.822 2.845 2.853 2.853 2.866 2.867 2.889 2.916 2.917 2.924 2.925 2.925 2.941 2.971 2.974 2.976 0 0 0 0 0 0 0 0 0 0 0 0 0 0 0 0 0 0 0 0 0 0 0 0 0 0 0 0 0 0 0 0 0 0 0 0 0 0 2.705 2.705 2.705 2.723 2.734 2.756 2.786 2.798 2.82 2.84 2.859 2.872 2.884 2.921 2.932 2.95 3.066 0 0 0 0 0 0 0 0 0 0 0 0 0 0 0 0 0 0 0 0 0 0 0 0 0 0 0 0 0 0 0 0 0 0 0 0 0 0 0 0 0 0 0 0 0 0 0 0 0 0 0 0 0 0 0 0 0 0 0 0 0 0 0 0 0 0 0 0 0 0 0 0 0 0 0 0 0 0 0 0 0 0 0 0 0 0 0 0 0 0 0 0 0 0 0 0 0 0 0 4.879 4.861 4.854 4.854 4.854 4.842 4.476 4.476 4.476 0 0 0 0 0 4.464 4.464 4.464 4.785 4.794 4.794 4.794 4.794 4.795 4.798 0 0 0 0 0 0 0 0 0 0 0 0 0 0 0 0 0 0 0 0 0 0 0 0 0 0 0 0 0 0 0 0 0 0 0 0 0 0 0 0 0 0 0 0 0 0 0 0 0 0 0 0 1.252 1.25 1.247 1.247 1.25 1.25 1.255 1.264 1.264 1.264 1.266 1.258 1.254 1.247 1.226 1.203 1.188 1.17 1.163 1.141 1.125 1.101 1.089 1.065 1.048 1.028 1.024 1.009 0.995 0.974 0.967 0.958 0.949 0.942 0.931 0.92 0.907 0.89 0.89 0.869 0.869 0.866 0.859 0.852 0.852 0.852 0.861 0.861 0.865 0.872 0.873 0.875 0.879 0.889 0.89 0.89 0.891 0.901 0.901 0.911 0.916 0.921 0.922 0.924 0.924 0.926 0.934 0.934 0.954 0.956 0.965 0.968 0.969 0.97 0.97 0.968 0.96 0.96 0.96 0.96 0.949 0.934 0.927 0.922 0.92 0.911 0.904 0.901 0.898 0.89 0.888 0.881 0.879 0.875 0.861 0.854 0.848 0.847 0.844 0.838 0.838 0.831 0.831 0.829 0.828 0.808 0.808 0.807 0.802 0.797 0.791 0.787 0.785 0.783 0.781 0.775 0.774 0.772 0.764 0.76 0.757 0.754 0.75 0.745 0.745 0.741 0.737 0.735 0.735 0.729 0.729 0.728 0.723 0.719 0.712 0.711 0.711 0.71 0.71 0.707 0.703 0.7 0.699 0.698 0.689 0.685 0.685 0.685 0.683 0.683 0.685 0.683 0.681 0.675 0.672 0.67 0.67 0.668 0.668 0.67 0.667 0.662 0.667 0.662 0.662 0.662 0.662 0.662 0.663 0.663 0.664 0.664 0.664 0.662 0.662 0.662 0.662 0.662 0.66 0.662 0.662 0.668 0.669 0.671 0.671 0.675 0.678 0.679 0.68 0.68 0.68 0.684 0.684 0.684 0.692 0.693 0.693 0.693 0.691 0.687 0.687 0.688 0.688 0.688 0.688 0.686 0.686 0.686 0.685 0.685 0.683 0.683 0.683 0.683 0.683 0.683 0.681 0.681 0.681 0.678 0.678 0.675 0.672 0.67 0.666 0.666 0.664 0.664 0.664 0.663 0.662 0.662 0.663 0.662 0.661 0.658 0.658 0.658 0.658 0.659 0.659 0.659 0.659 0.659 0.662 0.662 0.666 0.668 0.668 0.67 0.671 0.672 0.677 0.677 0.682 0.687 0.693 0.687 0.692 0.692 0.695 0.698 1.294 1.295 1.297 1.297 1.312 1.312 1.313 1.315 1.318 1.322 1.329 1.331 1.336 1.336 1.338 1.344 1.35 1.355 1.361
2 13.147 682 0 0 0 0 0 0 0 0 0 0 0 0 0 0 0 0 0 0 0 0 0 0 0 0 0 0 0 0 0 0 0 0 0 0 0 0 0 0 0 0 0 0 0 0.925 0.92 0.92 0.919 0.916 0.911 0.904 0.893 0.887 0.887 0.887 0.885 0.885 0.885 0.88 0.869 0.864 0.861 0.861 0.856 0.856 0.863 0 0 0 0 0 0 0 0 0 0 0 0 0 0 0 0 0 0 0 0 0 0 0 0 0 0 0 0 0 0 0 0 0 0 0 0 0 0 0 0 0 0 0 0 0 0 0 0 0 0 0 0 0 0 2.017 2.006 2.005 2.005 2.006 2.008 2.016 2.017 2.018 2.024 2.03 2.032 2.032 2.034 2.036 2.044 2.053 2.055 2.063 2.067 2.072 2.074 2.087 2.087 2.087 2.093 2.093 2.106 2.11 2.129 2.773 2.794 2.801 2.815 2.817 2.823 2.836 2.84 2.854 2.858 2.862 2.874 2.879 2.92 2.921 2.926 2.933 2.938 2.939 2.951 2.968 2.978 0 0 0 0 0 0 0 0 0 0 0 0 0 0 0 0 0 0 0 0 0 0 0 0 0 0 0 0 0 0 0 0 0 0 0 0 0 0 2.699 2.699 2.699 2.721 2.744 2.766 2.782 2.806 2.814 2.827 2.858 2.871 2.877 2.928 2.93 2.945 0 0 0 0 0 0 0 0 0 0 0 0 0 0 0 0 0 0 0 0 0 0 0 0 0 0 0 0 0 0 0 0 0 0 0 0 0 0 0 0 0 0 0 0 0 0 0 0 0 0 0 0 0 0 0 0 0 0 0 0 0 0 0 0 0 0 0 0 0 0 0 0 0 0 0 0 0 0 0 0 0 0 0 0 0 0 0 0 0 0 0 0 0 0 0 0 0 0 0 4.87 4.866 4.849 4.849 4.858 4.849 4.845 4.462 4.462 4.462 0 0 0 0 4.475 4.46 4.46 4.475 4.787 4.794 4.794 4.794 4.794 4.794 4.796 0 0 0 0 0 0 0 0 0 0 0 0 0 0 0 0 0 0 0 0 0 0 0 0 0 0 0 0 0 0 0 0 0 0 0 0 0 0 0 0 0 0 0 0 0 0 0 0 0 0 0 0 1.254 1.245 1.245 1.245 1.245 1.245 1.246 1.262 1.262 1.262 1.262 1.258 1.255 1.234 1.228 1.2 1.186 1.173 1.158 1.135 1.112 1.092 1.092 1.076 1.052 1.028 1.018 1.004 0.989 0.979 0.972 0.958 0.947 0.945 0.92 0.915 0.908 0.896 0.884 0.875 0.873 0.866 0.855 0.852 0.852 0.851 0.852 0.855 0.867 0.87 0.874 0.876 0.882 0.885 0.886 0.897 0.897 0.9 0.901 0.913 0.913 0.916 0.924 0.926 0.926 0.931 0.94 0.94 0.945 0.963 0.966 0.969 0.969 0.969 0.966 0.963 0.959 0.959 0.963 0.955 0.947 0.935 0.925 0.921 0.916 0.913 0.908 0.897 0.892 0.89 0.884 0.881 0.875 0.875 0.864 0.86 0.857 0.855 0.848 0.84 0.831 0.831 0.826 0.824 0.822 0.812 0.807 0.807 0.806 0.792 0.792 0.792 0.792 0.785 0.781 0.778 0.775 0.775 0.768 0.762 0.762 0.751 0.751 0.75 0.745 0.745 0.74 0.737 0.732 0.732 0.728 0.726 0.725 0.722 0.714 0.71 0.706 0.706 0.703 0.703 0.698 0.696 0.691 0.689 0.687 0.688 0.685 0.685 0.682 0.682 0.682 0.682 0.682 0.676 0.674 0.669 0.669 0.669 0.667 0.667 0.667 0.667 0.667 0.666 0.659 0.659 0.659 0.659 0.659 0.662 0.666 0.666 0.659 0.659 0.659 0.659 0.663 0.664 0.667 0.667 0.667 0.668 0.67 0.673 0.674 0.676 0.676 0.678 0.683 0.683 0.683 0.683 0.683 0.685 0.69 0.69 0.683 0.685 0.685 0.685 0.685 0.686 0.686 0.685 0.685 0.685 0.685 0.685 0.688 0.69 0.69 0.69 0.69 0.688 0.686 0.685 0.68 0.68 0.678 0.678 0.678 0.676 0.675 0.667 0.667 0.667 0.667 0.667 0.667 0.663 0.663 0.663 0.663 0.663 0.663 0.659 0.659 0.659 0.659 0.659 0.66 0.659 0.659 0.66 0.661 0.661 0.664 0.671 0.672 0.672 0.674 0.673 0.674 0.677 0.681 0.684 0.688 0.69 0.69 0.692 0.695 0.7 1.293 1.301 1.309 1.309 1.312 1.312 1.312 1.314 1.315 1.327 1.331 1.331 1.335 1.335 1.338 1.341 1.342 1.354 1.361
2 13.247 682 0 0 0 0 0 0 0 0 0 0 0 0 0 0 0 0 0 0 0 0 0 0 0 0 0 0 0 0 0 0 0 0 0 0 0 0 0 0 0 0 0 0.915 0.915 0.913 0.915 0.915 0.914 0.914 0.914 0.905 0.901 0.894 0.888 0.887 0.887 0.887 0.887 0.873 0.869 0.854 0.854 0.854 0.85 0.85 0.864 0 0 0 0 0 0 0 0 0 0 0 0 0 0 0 0 0 0 0 0 0 0 0 0 0 0 0 0 0 0 0 0 0 0 0 0 0 0 0 0 0 0 0 0 0 0 0 0 0 0 0 0 0 0 2.01 2.006 2.006 2.006 2.012 2.013 2.015 2.017 2.019 2.021 2.027 2.037 2.038 2.038 2.039 2.039 2.054 2.056 2.064 2.066 2.066 2.07 2.086 2.091 2.091 2.094 2.099 2.11 2.112 2.124 2.785 2.795 2.804 2.806 2.813 2.823 2.833 2.835 2.844 2.849 2.863 2.864 2.889 2.916 2.925 2.928 2.939 2.94 2.94 2.959 2.973 2.973 0 0 0 0 0 0 0 0 0 0 0 0 0 0 0 0 0 0 0 0 0 0 0 0 0 0 0 0 0 0 0 0 0 0 0 0 0 0 2.714 2.714 2.714 2.724 2.731 2.759 2.785 2.799 2.821 2.845 2.854 2.873 2.892 2.936 2.937 2.962 3.082 0 0 0 0 0 0 0 0 0 0 0 0 0 0 0 0 0 0 0 0 0 0 0 0 0 0 0 0 0 0 0 0 0 0 0 0 0 0 0 0 0 0 0 0 0 0 0 0 0 0 0 0 0 0 0 0 0 0 0 0 0 0 0 0 0 0 0 0 0 0 0 0 0 0 0 0 0 0 0 0 0 0 0 0 0 0 0 0 0 0 0 0 0 0 0 0 0 0 4.877 4.867 4.864 4.85 4.85 4.85 4.844 4.483 4.483 4.483 0 0 0 0 4.473 4.455 4.455 4.473 4.789 4.791 4.792 4.792 4.791 4.792 4.797 0 0 0 0 0 0 0 0 0 0 0 0 0 0 0 0 0 0 0 0 0 0 0 0 0 0 0 0 0 0 0 0 0 0 0 0 0 0 0 0 0 0 0 0 0 0 0 0 0 0 0 0 1.25 1.249 1.249 1.249 1.249 1.249 1.251 1.263 1.264 1.264 1.264 1.256 1.25 1.249 1.225 1.206 1.191 1.183 1.156 1.134 1.112 1.1 1.083 1.063 1.052 1.028 1.022 1.01 0.994 0.978 0.974 0.952 0.948 0.946 0.924 0.913 0.901 0.892 0.889 0.874 0.874 0.865 0.86 0.849 0.849 0.849 0.852 0.853 0.857 0.875 0.875 0.877 0.889 0.889 0.889 0.894 0.894 0.899 0.903 0.91 0.913 0.914 0.926 0.928 0.928 0.932 0.934 0.934 0.951 0.959 0.969 0.973 0.975 0.975 0.975 0.975 0.96 0.96 0.96 0.96 0.949 0.931 0.923 0.923 0.919 0.913 0.907 0.901 0.89 0.886 0.884 0.88 0.874 0.873 0.863 0.86 0.855 0.853 0.849 0.843 0.836 0.835 0.829 0.828 0.825 0.814 0.811 0.799 0.798 0.797 0.795 0.795 0.787 0.785 0.779 0.774 0.774 0.772 0.767 0.766 0.758 0.755 0.755 0.752 0.748 0.747 0.745 0.737 0.735 0.735 0.73 0.726 0.722 0.722 0.721 0.706 0.705 0.704 0.705 0.704 0.702 0.696 0.695 0.692 0.692 0.691 0.687 0.684 0.684 0.684 0.685 0.685 0.685 0.676 0.67 0.669 0.667 0.667 0.667 0.669 0.663 0.663 0.663 0.663 0.659 0.659 0.659 0.659 0.659 0.663 0.666 0.666 0.663 0.667 0.667 0.668 0.668 0.668 0.668 0.668 0.667 0.667 0.669 0.671 0.673 0.676 0.678 0.678 0.678 0.679 0.679 0.682 0.679 0.687 0.687 0.687 0.687 0.687 0.687 0.687 0.687 0.687 0.687 0.687 0.689 0.689 0.685 0.685 0.685 0.685 0.685 0.683 0.683 0.683 0.681 0.68 0.68 0.681 0.679 0.679 0.674 0.674 0.673 0.674 0.674 0.671 0.671 0.661 0.661 0.661 0.662 0.666 0.666 0.662 0.662 0.657 0.657 0.657 0.657 0.658 0.66 0.66 0.66 0.66 0.661 0.659 0.659 0.669 0.67 0.673 0.674 0.673 0.674 0.678 0.679 0.685 0.686 0.686 0.687 0.687 0.693 0.706 1.285 1.304 1.304 1.304 1.309 1.311 1.311 1.311 1.316 1.316 1.331 1.333 1.339 1.339 1.339 1.34 1.342 1.356 1.363
2 13.347 682 0 0 0 0 0 0 0 0 0 0 0 0 0 0 0 0 0 0 0 0 0 0 0 0 0 0 0 0 0 0 0 0 0 0 0 0 0 0 0 0 0 0 0.927 0.923 0.918 0.915 0.914 0.913 0.91 0.896 0.893 0.893 0.889 0.889 0.881 0.884 0.884 0.881 0.88 0.862 0.86 0.86 0.853 0.853 0.866 0 0 0 0 0 0 0 0 0 0 0 0 0 0 0 0 0 0 0 0 0 0 0 0 0 0 0 0 0 0 0 0 0 0 0 0 0 0 0 0 0 0 0 0 0 0 0 0 0 0 0 0 0 0 2.005 2.003 2.003 2.005 2.006 2.009 2.014 2.018 2.022 2.024 2.031 2.035 2.037 2.042 2.044 2.047 2.055 2.057 2.062 2.066 2.066 2.067 2.078 2.086 2.089 2.089 2.099 2.108 2.114 2.124 2.792 2.798 2.8 2.801 2.81 2.817 2.823 2.845 2.853 2.858 2.87 2.873 2.89 2.925 2.925 2.932 2.932 2.932 2.935 2.954 2.973 2.974 0 0 0 0 0 0 0 0 0 0 0 0 0 0 0 0 0 0 0 0 0 0 0 0 0 0 0 0 0 0 0 0 0 0 0 0 0 0 2.705 2.705 2.705 2.727 2.745 2.767 2.776 2.791 2.814 2.833 2.864 2.866 2.887 2.914 2.939 2.955 3.077 0 0 0 0 0 0 0 0 0 0 0 0 0 0 0 0 0 0 0 0 0 0 0 0 0 0 0 0 0 0 0 0 0 0 0 0 0 0 0 0 0 0 0 0 0 0 0 0 0 0 0 0 0 0 0 0 0 0 0 0 0 0 0 0 0 0 0 0 0 0 0 0 0 0 0 0 0 0 0 0 0 0 0 0 0 0 0 0 0 0 0 0 0 0 0 0 0 0 0 4.876 4.86 4.854 4.854 4.854 4.847 4.854 0 0 0 0 0 0 4.466 4.446 4.446 4.466 4.789 4.794 4.794 4.794 4.795 4.796 4.796 0 0 0 0 0 0 0 0 0 0 0 0 0 0 0 0 0 0 0 0 0 0 0 0 0 0 0 0 0 0 0 0 0 0 0 0 0 0 0 0 0 0 0 0 0 0 0 0 0 0 0 0 1.249 1.249 1.249 1.249 1.251 1.251 1.254 1.256 1.262 1.262 1.262 1.261 1.245 1.242 1.22 1.202 1.191 1.189 1.157 1.135 1.116 1.102 1.084 1.073 1.051 1.032 1.016 1.007 0.995 0.979 0.972 0.953 0.947 0.94 0.931 0.921 0.909 0.898 0.889 0.876 0.874 0.872 0.852 0.85 0.85 0.852 0.852 0.864 0.867 0.87 0.876 0.877 0.881 0.885 0.887 0.893 0.896 0.901 0.907 0.911 0.912 0.914 0.916 0.922 0.922 0.936 0.936 0.942 0.951 0.963 0.973 0.976 0.976 0.974 0.974 0.969 0.958 0.958 0.958 0.958 0.954 0.935 0.931 0.926 0.923 0.914 0.907 0.898 0.894 0.886 0.885 0.882 0.874 0.867 0.861 0.856 0.853 0.853 0.845 0.843 0.84 0.835 0.825 0.824 0.821 0.815 0.806 0.805 0.798 0.798 0.791 0.787 0.786 0.785 0.772 0.772 0.77 0.77 0.767 0.765 0.751 0.751 0.75 0.749 0.747 0.745 0.739 0.734 0.733 0.731 0.731 0.725 0.72 0.72 0.716 0.708 0.708 0.707 0.707 0.707 0.707 0.703 0.695 0.695 0.692 0.685 0.683 0.681 0.681 0.683 0.686 0.686 0.686 0.675 0.669 0.669 0.668 0.666 0.668 0.667 0.662 0.662 0.662 0.66 0.658 0.656 0.657 0.657 0.657 0.667 0.667 0.667 0.661 0.659 0.659 0.659 0.66 0.66 0.667 0.669 0.667 0.669 0.672 0.672 0.67 0.677 0.675 0.672 0.675 0.678 0.678 0.678 0.678 0.684 0.686 0.689 0.689 0.689 0.689 0.691 0.689 0.691 0.691 0.687 0.687 0.688 0.688 0.688 0.688 0.688 0.689 0.685 0.684 0.683 0.681 0.681 0.678 0.678 0.677 0.677 0.676 0.676 0.673 0.667 0.664 0.664 0.664 0.664 0.664 0.66 0.662 0.662 0.662 0.662 0.662 0.659 0.659 0.658 0.659 0.66 0.663 0.663 0.663 0.663 0.663 0.666 0.666 0.667 0.669 0.676 0.677 0.681 0.681 0.681 0.683 0.683 0.684 0.686 0.691 0.691 0.695 0.703 1.297 1.299 1.306 1.306 1.311 1.311 1.311 1.316 1.316 1.316 1.325 1.33 1.338 1.33 1.338 1.339 1.344 1.35 1.362
2 13.446 682 0 0 0 0 0 0 0 0 0 0 0 0 0 0 0 0 0 0 0 0 0 0 0 0 0 0 0 0 0 0 0 0 0 0 0 0 0 0 0 0 0 0 0 0.924 0.92 0.915 0.915 0.909 0.907 0.907 0.899 0.887 0.884 0.884 0.884 0.884 0.884 0.88 0.873 0.862 0.855 0.855 0.851 0.851 0.856 0 0 0 0 0 0 0 0 0 0 0 0 0 0 0 0 0 0 0 0 0 0 0 0 0 0 0 0 0 0 0 0 0 0 0 0 0 0 0 0 0 0 0 0 0 0 0 0 0 0 0 0 0 0 2.013 2.003 2.003 2.003 2.009 2.009 2.01 2.017 2.022 2.027 2.027 2.034 2.035 2.042 2.043 2.044 2.054 2.055 2.062 2.064 2.07 2.076 2.079 2.088 2.099 2.1 2.1 2.101 2.113 2.117 2.779 2.798 2.808 2.813 2.823 2.825 2.832 2.841 2.856 2.866 2.869 2.878 2.888 2.922 2.922 2.93 2.933 2.933 2.945 2.955 2.971 2.972 0 0 0 0 0 0 0 0 0 0 0 0 0 0 0 0 0 0 0 0 0 0 0 0 0 0 0 0 0 0 0 0 0 0 0 0 0 0 2.719 2.719 2.719 2.724 2.737 2.775 2.785 2.796 2.821 2.837 2.846 2.867 2.889 2.924 2.936 2.946 3.071 0 0 0 0 0 0 0 0 0 0 0 0 0 0 0 0 0 0 0 0 0 0 0 0 0 0 0 0 0 0 0 0 0 0 0 0 0 0 0 0 0 0 0 0 0 0 0 0 0 0 0 0 0 0 0 0 0 0 0 0 0 0 0 0 0 0 0 0 0 0 0 0 0 0 0 0 0 0 0 0 0 0 0 0 0 0 0 0 0 0 0 0 0 0 0 0 0 0 4.87 4.86 4.858 4.844 4.844 4.843 4.843 4.471 4.471 4.471 0 0 0 0 0 4.466 4.466 4.466 4.783 4.792 4.792 4.792 4.795 4.796 4.797 0 0 0 0 0 0 0 0 0 0 0 0 0 0 0 0 0 0 0 0 0 0 0 0 0 0 0 0 0 0 0 0 0 0 0 0 0 0 0 0 0 0 0 0 0 0 0 0 0 0 0 0 1.251 1.247 1.247 1.247 1.251 1.251 1.256 1.26 1.264 1.264 1.26 1.258 1.256 1.241 1.233 1.205 1.189 1.175 1.15 1.14 1.117 1.108 1.086 1.067 1.049 1.038 1.019 1.007 0.991 0.982 0.97 0.959 0.949 0.941 0.922 0.919 0.911 0.891 0.88 0.875 0.872 0.86 0.856 0.852 0.852 0.852 0.855 0.86 0.865 0.869 0.872 0.878 0.878 0.88 0.884 0.884 0.892 0.9 0.904 0.905 0.913 0.92 0.925 0.927 0.927 0.93 0.931 0.934 0.956 0.964 0.965 0.974 0.974 0.974 0.974 0.965 0.962 0.962 0.962 0.962 0.955 0.934 0.925 0.921 0.92 0.909 0.908 0.902 0.896 0.892 0.88 0.878 0.87 0.87 0.859 0.856 0.855 0.849 0.849 0.841 0.834 0.83 0.828 0.826 0.821 0.81 0.807 0.807 0.802 0.799 0.796 0.793 0.787 0.786 0.78 0.77 0.77 0.769 0.767 0.764 0.759 0.757 0.748 0.743 0.742 0.741 0.741 0.737 0.737 0.729 0.729 0.722 0.721 0.721 0.716 0.709 0.707 0.707 0.706 0.704 0.703 0.696 0.695 0.693 0.693 0.693 0.693 0.682 0.682 0.682 0.687 0.687 0.687 0.675 0.674 0.669 0.668 0.667 0.667 0.667 0.667 0.662 0.662 0.662 0.662 0.662 0.662 0.662 0.663 0.661 0.666 0.666 0.666 0.662 0.666 0.664 0.664 0.662 0.664 0.664 0.664 0.667 0.673 0.673 0.674 0.675 0.675 0.68 0.674 0.678 0.678 0.681 0.679 0.681 0.683 0.688 0.69 0.69 0.69 0.691 0.69 0.691 0.691 0.687 0.685 0.686 0.686 0.687 0.687 0.687 0.687 0.687 0.687 0.683 0.686 0.682 0.682 0.682 0.682 0.679 0.679 0.678 0.67 0.67 0.669 0.668 0.666 0.666 0.663 0.663 0.66 0.66 0.664 0.664 0.659 0.663 0.663 0.663 0.663 0.663 0.663 0.663 0.658 0.66 0.663 0.663 0.669 0.669 0.671 0.671 0.672 0.676 0.674 0.678 0.68 0.68 0.683 0.687 0.688 0.693 0.696 0.697 1.292 1.305 1.305 1.305 1.306 1.306 1.312 1.314 1.319 1.32 1.327 1.332 1.337 1.337 1.34 1.34 1.349 1.359 1.363
2 13.546 682 0 0 0 0 0 0 0 0 0 0 0 0 0 0 0 0 0 0 0 0 0 0 0 0 0 0 0 0 0 0 0 0 0 0 0 0 0 0 0 0 0 0 0 0.934 0.933 0.93 0.924 0.914 0.91 0.902 0.897 0.893 0.881 0.88 0.88 0.88 0.88 0.877 0.872 0.862 0.856 0.856 0.854 0.854 0.857 0 0 0 0 0 0 0 0 0 0 0 0 0 0 0 0 0 0 0 0 0 0 0 0 0 0 0 0 0 0 0 0 0 0 0 0 0 0 0 0 0 0 0 0 0 0 0 0 0 0 0 0 0 0 2.017 2.009 2.005 2.005 2.008 2.008 2.009 2.015 2.02 2.02 2.025 2.03 2.034 2.038 2.039 2.045 2.049 2.058 2.064 2.067 2.069 2.071 2.081 2.088 2.089 2.094 2.095 2.106 2.114 2.129 2.784 2.793 2.809 2.815 2.823 2.83 2.833 2.844 2.849 2.857 2.868 2.881 2.885 2.919 2.919 2.928 2.94 2.949 2.949 2.955 2.965 2.971 0 0 0 0 0 0 0 0 0 0 0 0 0 0 0 0 0 0 0 0 0 0 0 0 0 0 0 0 0 0 0 0 0 0 0 0 0 0 2.706 2.706 2.706 2.719 2.739 2.767 2.783 2.809 2.815 2.841 2.858 2.878 2.886 2.931 2.941 2.951 3.062 0 0 0 0 0 0 0 0 0 0 0 0 0 0 0 0 0 0 0 0 0 0 0 0 0 0 0 0 0 0 0 0 0 0 0 0 0 0 0 0 0 0 0 0 0 0 0 0 0 0 0 0 0 0 0 0 0 0 0 0 0 0 0 0 0 0 0 0 0 0 0 0 0 0 0 0 0 0 0 0 0 0 0 0 0 0 0 0 0 0 0 0 0 0 0 0 0 0 4.88 4.877 4.861 4.858 4.858 4.854 4.851 4.466 4.466 4.466 0 0 0 0 0 4.462 4.462 4.462 4.784 4.785 4.79 4.79 4.79 4.795 4.798 0 0 0 0 0 0 0 0 0 0 0 0 0 0 0 0 0 0 0 0 0 0 0 0 0 0 0 0 0 0 0 0 0 0 0 0 0 0 0 0 0 0 0 0 0 0 0 0 0 0 0 0 1.256 1.252 1.244 1.244 1.247 1.247 1.247 1.253 1.268 1.268 1.268 1.254 1.252 1.241 1.223 1.208 1.193 1.177 1.156 1.14 1.119 1.098 1.081 1.068 1.051 1.026 1.02 1.009 0.989 0.986 0.973 0.952 0.948 0.948 0.93 0.916 0.907 0.891 0.888 0.875 0.868 0.867 0.854 0.853 0.853 0.853 0.856 0.867 0.87 0.872 0.878 0.882 0.886 0.887 0.887 0.893 0.897 0.9 0.905 0.907 0.913 0.925 0.926 0.926 0.926 0.933 0.934 0.938 0.944 0.96 0.96 0.973 0.975 0.977 0.977 0.975 0.966 0.966 0.966 0.962 0.945 0.937 0.925 0.922 0.916 0.911 0.908 0.897 0.897 0.893 0.886 0.885 0.876 0.873 0.86 0.859 0.859 0.848 0.847 0.84 0.831 0.828 0.827 0.826 0.823 0.811 0.805 0.799 0.797 0.795 0.791 0.791 0.781 0.781 0.778 0.775 0.771 0.771 0.764 0.763 0.755 0.755 0.747 0.747 0.747 0.744 0.744 0.743 0.735 0.725 0.725 0.724 0.724 0.719 0.719 0.71 0.708 0.708 0.707 0.704 0.703 0.702 0.698 0.691 0.685 0.685 0.685 0.682 0.682 0.685 0.687 0.687 0.687 0.675 0.671 0.67 0.667 0.667 0.667 0.667 0.667 0.666 0.666 0.663 0.661 0.66 0.661 0.663 0.664 0.666 0.666 0.666 0.664 0.659 0.659 0.659 0.664 0.664 0.664 0.664 0.664 0.672 0.674 0.676 0.677 0.679 0.679 0.679 0.679 0.682 0.682 0.683 0.683 0.687 0.687 0.692 0.692 0.692 0.688 0.688 0.688 0.69 0.69 0.69 0.69 0.687 0.683 0.683 0.683 0.683 0.684 0.687 0.687 0.684 0.683 0.682 0.682 0.682 0.679 0.676 0.674 0.67 0.669 0.669 0.664 0.663 0.662 0.663 0.663 0.664 0.664 0.664 0.661 0.659 0.659 0.661 0.662 0.662 0.662 0.661 0.661 0.661 0.661 0.661 0.662 0.662 0.664 0.668 0.674 0.674 0.674 0.679 0.679 0.678 0.679 0.679 0.682 0.683 0.687 0.692 0.697 0.708 1.286 1.298 1.305 1.305 1.31 1.31 1.312 1.316 1.319 1.324 1.337 1.337 1.338 1.338 1.338 1.339 1.348 1.361 1.361
2 13.646 682 0 0 0 0 0 0 0 0 0 0 0 0 0 0 0 0 0 0 0 0 0 0 0 0 0 0 0 0 0 0 0 0 0 0 0 0 0 0 0 0 0 0 0 0.92 0.92 0.918 0.916 0.916 0.916 0.903 0.894 0.893 0.889 0.886 0.884 0.882 0.878 0.876 0.875 0.859 0.853 0.853 0.851 0.851 0.866 0 0 0 0 0 0 0 0 0 0 0 0 0 0 0 0 0 0 0 0 0 0 0 0 0 0 0 0 0 0 0 0 0 0 0 0 0 0 0 0 0 0 0 0 0 0 0 0 0 0 0 0 0 0 2.018 2 2 2 2.007 2.015 2.016 2.018 2.019 2.021 2.021 2.036 2.038 2.04 2.045 2.048 2.053 2.054 2.064 2.071 2.071 2.073 2.082 2.087 2.088 2.095 2.103 2.106 2.11 2.118 2.773 2.79 2.793 2.807 2.817 2.828 2.831 2.838 2.841 2.858 2.865 2.867 2.882 2.925 2.925 2.925 2.925 2.925 2.946 2.956 2.957 2.971 0 0 0 0 0 0 0 0 0 0 0 0 0 0 0 0 0 0 0 0 0 0 0 0 0 0 0 0 0 0 0 0 0 0 0 0 0 0 2.708 2.708 2.708 2.718 2.749 2.76 2.776 2.808 2.814 2.845 2.858 2.875 2.889 2.925 2.926 2.955 3.074 0 0 0 0 0 0 0 0 0 0 0 0 0 0 0 0 0 0 0 0 0 0 0 0 0 0 0 0 0 0 0 0 0 0 0 0 0 0 0 0 0 0 0 0 0 0 0 0 0 0 0 0 0 0 0 0 0 0 0 0 0 0 0 0 0 0 0 0 0 0 0 0 0 0 0 0 0 0 0 0 0 0 0 0 0 0 0 0 0 0 0 0 0 0 0 0 0 4.877 4.874 4.867 4.86 4.851 4.851 4.846 4.851 0 0 0 0 0 0 0 0 4.46 4.46 4.46 4.786 4.787 4.788 4.788 4.788 4.789 4.791 0 0 0 0 0 0 0 0 0 0 0 0 0 0 0 0 0 0 0 0 0 0 0 0 0 0 0 0 0 0 0 0 0 0 0 0 0 0 0 0 0 0 0 0 0 0 0 0 0 0 0 0 1.254 1.252 1.249 1.249 1.249 1.249 1.251 1.264 1.264 1.264 1.261 1.252 1.246 1.245 1.224 1.207 1.181 1.168 1.147 1.14 1.113 1.099 1.087 1.058 1.057 1.032 1.025 1.005 0.998 0.975 0.965 0.954 0.953 0.938 0.928 0.918 0.912 0.893 0.887 0.869 0.868 0.867 0.856 0.855 0.854 0.855 0.856 0.862 0.864 0.864 0.876 0.884 0.885 0.892 0.892 0.892 0.898 0.898 0.903 0.913 0.916 0.919 0.919 0.925 0.925 0.931 0.933 0.942 0.956 0.959 0.963 0.969 0.977 0.977 0.977 0.975 0.962 0.962 0.962 0.96 0.953 0.931 0.931 0.926 0.923 0.914 0.908 0.902 0.898 0.896 0.887 0.881 0.876 0.87 0.861 0.857 0.849 0.849 0.845 0.842 0.841 0.83 0.823 0.82 0.82 0.811 0.811 0.808 0.801 0.797 0.796 0.79 0.788 0.786 0.774 0.771 0.77 0.77 0.765 0.764 0.76 0.755 0.748 0.745 0.744 0.743 0.741 0.741 0.737 0.727 0.727 0.727 0.723 0.72 0.717 0.709 0.708 0.706 0.706 0.704 0.703 0.703 0.695 0.695 0.695 0.688 0.688 0.682 0.682 0.682 0.685 0.685 0.685 0.675 0.673 0.668 0.668 0.668 0.667 0.663 0.663 0.663 0.663 0.663 0.662 0.66 0.66 0.66 0.661 0.662 0.663 0.664 0.663 0.663 0.663 0.666 0.67 0.67 0.67 0.67 0.673 0.672 0.676 0.676 0.676 0.676 0.676 0.676 0.679 0.681 0.681 0.685 0.685 0.689 0.689 0.695 0.685 0.685 0.685 0.691 0.685 0.688 0.688 0.688 0.688 0.688 0.689 0.689 0.688 0.688 0.688 0.688 0.688 0.686 0.684 0.679 0.681 0.68 0.68 0.674 0.674 0.674 0.673 0.664 0.664 0.666 0.664 0.664 0.666 0.663 0.663 0.661 0.663 0.662 0.662 0.662 0.662 0.662 0.662 0.662 0.662 0.662 0.662 0.662 0.66 0.662 0.662 0.662 0.671 0.674 0.674 0.674 0.674 0.676 0.683 0.689 0.69 0.69 0.691 0.692 0.7 0.701 1.297 1.302 1.309 1.306 1.309 1.31 1.314 1.315 1.315 1.316 1.322 1.331 1.331 1.331 1.339 1.344 1.346 1.357 1.358
2 13.745 682 0 0 0 0 0 0 0 0 0 0 0 0 0 0 0 0 0 0 0 0 0 0 0 0 0 0 0 0 0 0 0 0 0 0 0 0 0 0 0 0 0 0 0 0.93 0.926 0.922 0.912 0.907 0.903 0.901 0.9 0.898 0.89 0.889 0.879 0.881 0.881 0.879 0.876 0.866 0.853 0.853 0.851 0.851 0.862 0 0 0 0 0 0 0 0 0 0 0 0 0 0 0 0 0 0 0 0 0 0 0 0 0 0 0 0 0 0 0 0 0 0 0 0 0 0 0 0 0 0 0 0 0 0 0 0 0 0 0 0 0 0 2.015 2.009 2.009 2.009 2.013 2.015 2.016 2.016 2.016 2.023 2.025 2.035 2.035 2.039 2.04 2.054 2.062 2.064 2.066 2.067 2.067 2.075 2.079 2.082 2.097 2.098 2.098 2.098 2.11 2.121 2.78 2.783 2.795 2.801 2.822 2.833 2.836 2.836 2.859 2.86 2.868 2.873 2.89 2.916 2.917 2.924 2.931 2.941 2.941 2.953 2.968 2.972 0 0 0 0 0 0 0 0 0 0 0 0 0 0 0 0 0 0 0 0 0 0 0 0 0 0 0 0 0 0 0 0 0 0 0 0 0 0 2.706 2.706 2.706 2.716 2.746 2.765 2.787 2.797 2.811 2.846 2.856 2.871 2.882 2.93 2.938 2.954 3.057 0 0 0 0 0 0 0 0 0 0 0 0 0 0 0 0 0 0 0 0 0 0 0 0 0 0 0 0 0 0 0 0 0 0 0 0 0 0 0 0 0 0 0 0 0 0 0 0 0 0 0 0 0 0 0 0 0 0 0 0 0 0 0 0 0 0 0 0 0 0 0 0 0 0 0 0 0 0 0 0 0 0 0 0 0 0 0 0 0 0 0 0 0 0 0 0 0 4.877 4.863 4.859 4.851 4.85 4.85 4.85 4.849 4.849 0 0 0 0 0 0 0 0 4.792 4.789 4.79 4.79 4.79 4.79 4.791 4.792 4.799 0 0 0 0 0 0 0 0 0 0 0 0 0 0 0 0 0 0 0 0 0 0 0 0 0 0 0 0 0 0 0 0 0 0 0 0 0 0 0 0 0 0 0 0 0 0 0 0 0 0 0 0 1.251 1.251 1.251 1.251 1.254 1.255 1.258 1.26 1.262 1.262 1.263 1.262 1.252 1.241 1.229 1.205 1.196 1.176 1.154 1.14 1.119 1.103 1.089 1.07 1.054 1.029 1.025 1.008 0.993 0.983 0.967 0.956 0.955 0.946 0.927 0.912 0.905 0.891 0.879 0.872 0.868 0.865 0.865 0.851 0.851 0.859 0.861 0.861 0.862 0.874 0.876 0.876 0.881 0.887 0.888 0.891 0.894 0.898 0.899 0.911 0.912 0.919 0.923 0.934 0.934 0.934 0.94 0.941 0.949 0.956 0.966 0.967 0.973 0.973 0.973 0.968 0.963 0.963 0.963 0.959 0.947 0.934 0.932 0.921 0.92 0.919 0.903 0.899 0.896 0.889 0.889 0.88 0.872 0.868 0.859 0.857 0.857 0.855 0.848 0.837 0.834 0.834 0.829 0.827 0.824 0.812 0.802 0.801 0.8 0.796 0.794 0.788 0.788 0.785 0.776 0.776 0.771 0.77 0.765 0.758 0.757 0.752 0.752 0.75 0.746 0.744 0.741 0.739 0.736 0.732 0.727 0.724 0.72 0.717 0.717 0.715 0.713 0.709 0.709 0.699 0.699 0.699 0.699 0.691 0.69 0.684 0.684 0.682 0.682 0.682 0.683 0.683 0.683 0.677 0.676 0.672 0.668 0.666 0.668 0.666 0.664 0.662 0.664 0.661 0.66 0.658 0.658 0.658 0.66 0.659 0.661 0.661 0.659 0.657 0.657 0.657 0.663 0.663 0.663 0.663 0.663 0.67 0.671 0.671 0.672 0.674 0.675 0.677 0.678 0.681 0.679 0.679 0.681 0.686 0.686 0.689 0.686 0.687 0.687 0.688 0.687 0.688 0.688 0.687 0.686 0.685 0.684 0.685 0.685 0.685 0.688 0.688 0.685 0.681 0.685 0.675 0.682 0.68 0.68 0.675 0.675 0.674 0.671 0.671 0.669 0.667 0.66 0.658 0.658 0.658 0.658 0.66 0.66 0.66 0.658 0.658 0.658 0.658 0.661 0.661 0.661 0.661 0.66 0.659 0.66 0.66 0.664 0.669 0.67 0.671 0.674 0.675 0.676 0.677 0.677 0.683 0.687 0.687 0.691 0.691 0.695 0.703 1.287 1.295 1.301 1.301 1.303 1.306 1.311 1.311 1.313 1.321 1.329 1.33 1.336 1.336 1.336 1.338 1.345 1.363 1.366
2 13.845 682 0 0 0 0 0 0 0 0 0 0 0 0 0 0 0 0 0 0 0 0 0 0 0 0 0 0 0 0 0 0 0 0 0 0 0 0 0 0 0 0 0 0 0 0.93 0.927 0.92 0.914 0.914 0.912 0.908 0.891 0.882 0.881 0.88 0.88 0.879 0.879 0.879 0.867 0.864 0.857 0.857 0.852 0.852 0.86 0 0 0 0 0 0 0 0 0 0 0 0 0 0 0 0 0 0 0 0 0 0 0 0 0 0 0 0 0 0 0 0 0 0 0 0 0 0 0 0 0 2.636 2.636 2.636 0 0 0 0 0 0 0 0 0 0 2.008 2.005 2.005 2.005 2.01 2.01 2.015 2.019 2.019 2.02 2.023 2.029 2.035 2.037 2.037 2.042 2.059 2.064 2.069 2.069 2.071 2.074 2.078 2.081 2.083 2.1 2.101 2.106 2.109 2.121 2.779 2.793 2.804 2.806 2.815 2.818 2.831 2.843 2.857 2.858 2.862 2.875 2.888 2.917 2.917 2.919 2.929 2.929 2.938 2.962 2.967 2.976 0 0 0 0 0 0 0 0 0 0 0 0 0 0 0 0 0 0 0 0 0 0 0 0 0 0 0 0 0 0 0 0 0 0 0 0 0 0 2.699 2.699 2.699 2.709 2.733 2.767 2.771 2.8 2.819 2.838 2.858 2.862 2.897 2.918 2.93 2.962 3.063 0 0 0 0 0 0 0 0 0 0 0 0 0 0 0 0 0 0 0 0 0 0 0 0 0 0 0 0 0 0 0 0 0 0 0 0 0 0 0 0 0 0 0 0 0 0 0 0 0 0 0 0 0 0 0 0 0 0 0 0 0 0 0 0 0 0 0 0 0 0 0 0 0 0 0 0 0 0 0 0 0 0 0 0 0 0 0 0 0 0 0 0 0 0 0 0 0 4.877 4.873 4.869 4.858 4.855 4.855 4.85 4.834 4.834 0 0 0 0 0 0 4.462 4.444 4.444 4.462 4.783 4.792 4.792 4.792 4.793 4.796 4.797 0 0 0 0 0 0 0 0 0 0 0 0 0 0 0 0 0 0 0 0 0 0 0 0 0 0 0 0 0 0 0 0 0 0 0 0 0 0 0 0 0 0 0 0 0 0 0 0 0 0 0 0 1.253 1.246 1.246 1.246 1.253 1.253 1.255 1.266 1.266 1.266 1.263 1.262 1.241 1.237 1.226 1.209 1.191 1.173 1.157 1.129 1.122 1.101 1.086 1.077 1.055 1.033 1.016 1.012 0.991 0.979 0.976 0.959 0.949 0.938 0.928 0.912 0.905 0.889 0.888 0.875 0.868 0.865 0.852 0.852 0.852 0.853 0.855 0.862 0.866 0.873 0.874 0.878 0.882 0.887 0.89 0.891 0.893 0.905 0.907 0.909 0.915 0.915 0.926 0.928 0.928 0.933 0.933 0.938 0.953 0.959 0.967 0.969 0.972 0.972 0.972 0.969 0.963 0.963 0.963 0.958 0.957 0.931 0.925 0.924 0.919 0.914 0.904 0.903 0.893 0.893 0.887 0.886 0.878 0.872 0.856 0.855 0.853 0.849 0.849 0.845 0.828 0.825 0.822 0.822 0.818 0.807 0.806 0.801 0.799 0.795 0.79 0.788 0.788 0.78 0.775 0.77 0.769 0.767 0.766 0.764 0.759 0.752 0.748 0.745 0.743 0.743 0.743 0.739 0.737 0.732 0.731 0.725 0.724 0.72 0.719 0.711 0.711 0.706 0.711 0.711 0.697 0.695 0.695 0.695 0.693 0.691 0.69 0.686 0.685 0.685 0.69 0.684 0.681 0.672 0.672 0.672 0.672 0.67 0.667 0.667 0.666 0.663 0.663 0.663 0.661 0.661 0.659 0.659 0.658 0.659 0.66 0.669 0.66 0.66 0.668 0.668 0.668 0.668 0.668 0.668 0.667 0.667 0.67 0.671 0.671 0.679 0.674 0.674 0.681 0.681 0.682 0.683 0.683 0.683 0.684 0.689 0.689 0.689 0.689 0.69 0.684 0.688 0.688 0.688 0.688 0.688 0.689 0.689 0.688 0.688 0.688 0.688 0.687 0.687 0.686 0.685 0.685 0.677 0.677 0.675 0.675 0.668 0.668 0.666 0.664 0.664 0.663 0.663 0.663 0.666 0.666 0.666 0.666 0.661 0.66 0.661 0.661 0.661 0.663 0.663 0.661 0.662 0.661 0.66 0.66 0.66 0.66 0.662 0.666 0.671 0.671 0.674 0.674 0.677 0.681 0.682 0.687 0.687 0.688 0.688 0.696 0.702 1.289 1.302 1.311 1.303 1.311 1.311 1.315 1.316 1.321 1.324 1.324 1.331 1.335 1.335 1.337 1.339 1.344 1.361 1.361
2 13.945 682 0 0 0 0 0 0 0 0 0 0 0 0 0 0 0 0 0 0 0 0 0 0 0 0 0 0 0 0 0 0 0 0 0 0 0 0 0 0 0 0 0 0 0 0.927 0.919 0.918 0.912 0.908 0.903 0.903 0.898 0.891 0.887 0.886 0.879 0.882 0.879 0.878 0.876 0.864 0.859 0.859 0.853 0.853 0.867 0 0 0 0 0 0 0 0 0 0 0 0 0 0 0 0 0 0 0 0 0 0 0 0 0 0 0 0 0 0 0 0 0 0 0 0 0 0 0 0 0 2.654 2.654 2.654 0 0 0 0 0 0 0 0 0 0 2.016 2.004 2.004 2.004 2.013 2.014 2.018 2.019 2.019 2.022 2.026 2.027 2.035 2.041 2.043 2.045 2.05 2.061 2.061 2.062 2.067 2.072 2.075 2.084 2.086 2.093 2.096 2.104 2.109 2.126 2.788 2.797 2.804 2.807 2.819 2.823 2.829 2.841 2.85 2.858 2.863 2.869 2.883 2.92 2.92 2.924 2.928 2.93 2.948 2.961 2.964 2.971 0 0 0 0 0 0 0 0 0 0 0 0 0 0 0 0 0 0 0 0 0 0 0 0 0 0 0 0 0 0 0 0 0 0 0 0 0 0 2.714 2.714 2.714 2.715 2.739 2.755 2.788 2.798 2.821 2.841 2.854 2.869 2.892 2.926 2.933 2.962 3.08 0 0 0 0 0 0 0 0 0 0 0 0 0 0 0 0 0 0 0 0 0 0 0 0 0 0 0 0 0 0 0 0 0 0 0 0 0 0 0 0 0 0 0 0 0 0 0 0 0 0 0 0 0 0 0 0 0 0 0 0 0 0 0 0 0 0 0 0 0 0 0 0 0 0 0 0 0 0 0 0 0 0 0 0 0 0 0 0 0 0 0 0 0 0 0 0 0 4.878 4.875 4.872 4.858 4.857 4.857 4.844 4.844 0 0 0 0 0 0 0 4.47 4.459 4.459 4.47 4.79 4.79 4.793 4.793 4.793 4.795 4.798 0 0 0 0 0 0 0 0 0 0 0 0 0 0 0 0 0 0 0 0 0 0 0 0 0 0 0 0 0 0 0 0 0 0 0 0 0 0 0 0 0 0 0 0 0 0 0 0 0 0 0 0 1.247 1.247 1.245 1.247 1.247 1.247 1.255 1.258 1.26 1.26 1.261 1.26 1.252 1.237 1.216 1.208 1.184 1.175 1.153 1.141 1.121 1.101 1.089 1.065 1.055 1.039 1.022 1.008 0.991 0.983 0.966 0.953 0.949 0.946 0.924 0.914 0.905 0.894 0.887 0.87 0.869 0.868 0.857 0.855 0.855 0.855 0.857 0.866 0.866 0.875 0.875 0.875 0.882 0.89 0.891 0.892 0.894 0.903 0.907 0.916 0.919 0.919 0.922 0.927 0.927 0.925 0.931 0.934 0.947 0.958 0.963 0.972 0.973 0.972 0.972 0.968 0.968 0.968 0.968 0.955 0.953 0.926 0.925 0.921 0.921 0.916 0.915 0.902 0.893 0.89 0.889 0.884 0.876 0.869 0.866 0.863 0.859 0.848 0.841 0.838 0.837 0.836 0.83 0.826 0.814 0.806 0.806 0.805 0.799 0.799 0.79 0.782 0.781 0.778 0.778 0.776 0.774 0.769 0.768 0.764 0.759 0.758 0.758 0.746 0.744 0.739 0.739 0.737 0.737 0.729 0.728 0.724 0.713 0.713 0.71 0.708 0.708 0.707 0.704 0.703 0.702 0.693 0.693 0.693 0.693 0.693 0.687 0.687 0.682 0.682 0.687 0.681 0.681 0.676 0.671 0.671 0.671 0.671 0.667 0.667 0.666 0.666 0.663 0.666 0.661 0.658 0.658 0.658 0.658 0.666 0.668 0.668 0.668 0.668 0.667 0.667 0.667 0.667 0.668 0.67 0.67 0.67 0.67 0.67 0.67 0.672 0.679 0.679 0.676 0.679 0.68 0.685 0.685 0.685 0.693 0.691 0.691 0.691 0.687 0.686 0.686 0.687 0.687 0.687 0.69 0.691 0.69 0.69 0.69 0.689 0.687 0.686 0.686 0.684 0.684 0.678 0.678 0.678 0.678 0.676 0.676 0.673 0.672 0.67 0.666 0.67 0.661 0.667 0.661 0.664 0.664 0.664 0.664 0.664 0.664 0.659 0.658 0.658 0.661 0.661 0.661 0.662 0.662 0.662 0.662 0.662 0.667 0.669 0.671 0.676 0.676 0.678 0.676 0.676 0.678 0.68 0.689 0.689 0.692 0.693 0.695 0.699 1.289 1.301 1.302 1.302 1.31 1.312 1.314 1.316 1.323 1.328 1.331 1.333 1.333 1.333 1.333 1.34 1.348 1.354 1.362
2 14.045 682 0 0 0 0 0 0 0 0 0 0 0 0 0 0 0 0 0 0 0 0 0 0 0 0 0 0 0 0 0 0 0 0 0 0 0 0 0 0 0 0 0 0 0 0.925 0.923 0.918 0.913 0.912 0.91 0.91 0.901 0.899 0.886 0.886 0.884 0.881 0.879 0.874 0.872 0.865 0.86 0.86 0.854 0.854 0.87 0 0 0 0 0 0 0 0 0 0 0 0 0 0 0 0 0 0 0 0 0 0 0 0 0 0 0 0 0 0 0 0 0 0 0 0 0 0 0 0 0 0 0 0 0 0 0 0 0 0 0 0 0 0 2.015 2.007 2.007 2.007 2.007 2.012 2.018 2.018 2.02 2.026 2.033 2.033 2.035 2.037 2.044 2.056 2.061 2.059 2.061 2.064 2.072 2.076 2.081 2.083 2.091 2.094 2.096 2.103 2.104 2.119 2.783 2.784 2.794 2.804 2.819 2.819 2.827 2.85 2.852 2.853 2.865 2.875 2.888 2.913 2.919 2.926 2.927 2.947 2.947 2.953 2.975 2.984 0 0 0 0 0 0 0 0 0 0 0 0 0 0 0 0 0 0 0 0 0 0 0 0 0 0 0 0 0 0 0 0 0 0 0 0 0 0 2.7 2.7 2.7 2.729 2.737 2.768 2.783 2.794 2.826 2.851 2.855 2.863 2.888 2.919 2.938 2.95 3.06 0 0 0 0 0 0 0 0 0 0 0 0 0 0 0 0 0 0 0 0 0 0 0 0 0 0 0 0 0 0 0 0 0 0 0 0 0 0 0 0 0 0 0 0 0 0 0 0 0 0 0 0 0 0 0 0 0 0 0 0 0 0 0 0 0 0 0 0 0 0 0 0 0 0 0 0 0 0 0 0 0 0 0 0 0 0 0 0 0 0 0 0 0 0 0 0 0 4.882 4.872 4.862 4.861 4.846 4.846 4.846 4.842 4.483 4.483 4.483 0 0 0 0 4.46 4.453 4.453 4.46 4.781 4.794 4.794 4.792 4.791 4.792 4.792 0 0 0 0 0 0 0 0 0 0 0 0 0 0 0 0 0 0 0 0 0 0 0 0 0 0 0 0 0 0 0 0 0 0 0 0 0 0 0 0 0 0 0 0 0 0 0 0 0 0 0 0 1.249 1.249 1.249 1.249 1.249 1.25 1.252 1.263 1.263 1.263 1.256 1.254 1.25 1.244 1.225 1.21 1.194 1.174 1.157 1.143 1.112 1.095 1.094 1.059 1.055 1.037 1.019 1.014 0.994 0.974 0.966 0.954 0.951 0.944 0.93 0.914 0.911 0.897 0.892 0.878 0.868 0.862 0.861 0.852 0.852 0.852 0.854 0.859 0.866 0.869 0.872 0.874 0.879 0.888 0.888 0.888 0.892 0.902 0.905 0.908 0.912 0.923 0.926 0.927 0.927 0.931 0.931 0.935 0.951 0.957 0.963 0.973 0.979 0.979 0.979 0.972 0.96 0.96 0.96 0.96 0.955 0.933 0.933 0.921 0.919 0.918 0.91 0.903 0.89 0.884 0.878 0.877 0.873 0.873 0.863 0.862 0.852 0.848 0.844 0.836 0.835 0.833 0.826 0.825 0.815 0.81 0.806 0.802 0.8 0.798 0.797 0.793 0.784 0.782 0.779 0.778 0.772 0.772 0.771 0.77 0.762 0.751 0.749 0.747 0.744 0.741 0.741 0.739 0.739 0.734 0.726 0.724 0.723 0.714 0.711 0.711 0.711 0.711 0.707 0.707 0.702 0.702 0.695 0.691 0.69 0.69 0.689 0.685 0.684 0.684 0.684 0.681 0.681 0.676 0.672 0.67 0.669 0.667 0.667 0.668 0.667 0.667 0.668 0.666 0.664 0.664 0.662 0.662 0.661 0.662 0.662 0.662 0.661 0.661 0.661 0.661 0.662 0.663 0.664 0.664 0.667 0.668 0.67 0.671 0.673 0.674 0.678 0.679 0.679 0.679 0.679 0.679 0.682 0.685 0.685 0.685 0.686 0.686 0.686 0.686 0.686 0.687 0.687 0.687 0.687 0.689 0.689 0.689 0.687 0.689 0.686 0.685 0.685 0.683 0.683 0.68 0.68 0.68 0.68 0.678 0.678 0.671 0.671 0.671 0.666 0.666 0.663 0.661 0.661 0.662 0.661 0.662 0.663 0.663 0.661 0.661 0.661 0.661 0.658 0.66 0.661 0.661 0.661 0.661 0.662 0.663 0.664 0.666 0.669 0.669 0.669 0.675 0.675 0.679 0.682 0.687 0.687 0.687 0.688 0.691 0.691 0.708 1.296 1.296 1.298 1.298 1.309 1.31 1.313 1.315 1.322 1.324 1.324 1.335 1.336 1.336 1.339 1.34 1.342 1.354 1.361
2 14.144 682 0 0 0 0 0 0 0 0 0 0 0 0 0 0 0 0 0 0 0 0 0 0 0 0 0 0 0 0 0 0 0 0 0 0 0 0 0 0 0 0 0 0 0 0.926 0.916 0.912 0.912 0.912 0.909 0.907 0.894 0.893 0.882 0.882 0.882 0.882 0.882 0.879 0.877 0.869 0.856 0.856 0.844 0.844 0.86 0 0 0 0 0 0 0 0 0 0 0 0 0 0 0 0 0 0 0 0 0 0 0 0 0 0 0 0 0 0 0 0 0 0 0 0 0 0 0 0 0 0 0 0 0 0 0 0 0 0 0 0 0 0 2.012 2.002 2.002 2.002 2.012 2.013 2.019 2.019 2.02 2.023 2.03 2.033 2.034 2.037 2.038 2.043 2.058 2.059 2.06 2.067 2.068 2.077 2.077 2.082 2.086 2.093 2.095 2.101 2.121 2.124 2.789 2.793 2.797 2.8 2.817 2.818 2.834 2.858 2.86 2.861 2.868 2.869 2.892 2.923 2.923 2.924 2.924 2.924 2.941 2.957 2.964 2.976 0 0 0 0 0 0 0 0 0 0 0 0 0 0 0 0 0 0 0 0 0 0 0 0 0 0 0 0 0 0 0 0 0 0 0 0 0 0 2.709 2.709 2.709 2.72 2.733 2.772 2.784 2.801 2.82 2.827 2.844 2.867 2.886 2.913 2.942 2.946 0 0 0 0 0 0 0 0 0 0 0 0 0 0 0 0 0 0 0 0 0 0 0 0 0 0 0 0 0 0 0 0 0 0 0 0 0 0 0 0 0 0 0 0 0 0 0 0 0 0 0 0 0 0 0 0 0 0 0 0 0 0 0 0 0 0 0 0 0 0 0 0 0 0 0 0 0 0 0 0 0 0 0 0 0 0 0 0 0 0 0 0 0 0 0 0 0 0 4.884 4.873 4.86 4.859 4.858 4.858 4.851 4.849 4.47 4.47 4.47 0 0 0 0 4.458 4.458 4.458 4.458 4.785 4.785 4.795 4.793 4.793 4.797 4.797 0 0 0 0 0 0 0 0 0 0 0 0 0 0 0 0 0 0 0 0 0 0 0 0 0 0 0 0 0 0 0 0 0 0 0 0 0 0 0 0 0 0 0 0 0 0 0 0 0 0 0 0 1.251 1.251 1.249 1.249 1.249 1.251 1.254 1.256 1.263 1.263 1.263 1.253 1.247 1.24 1.225 1.205 1.183 1.171 1.153 1.143 1.125 1.108 1.083 1.067 1.055 1.035 1.02 1.01 0.993 0.979 0.97 0.957 0.946 0.938 0.922 0.912 0.902 0.894 0.888 0.877 0.87 0.863 0.86 0.86 0.856 0.86 0.86 0.863 0.865 0.865 0.875 0.877 0.886 0.886 0.887 0.893 0.896 0.904 0.908 0.911 0.916 0.92 0.92 0.922 0.922 0.925 0.932 0.932 0.942 0.955 0.964 0.97 0.975 0.975 0.975 0.973 0.967 0.967 0.967 0.963 0.954 0.924 0.924 0.924 0.922 0.908 0.907 0.899 0.89 0.889 0.888 0.875 0.874 0.874 0.864 0.855 0.853 0.844 0.843 0.837 0.834 0.831 0.827 0.824 0.815 0.808 0.807 0.805 0.8 0.797 0.787 0.783 0.781 0.78 0.777 0.774 0.772 0.772 0.76 0.758 0.755 0.754 0.751 0.746 0.743 0.742 0.742 0.737 0.73 0.731 0.725 0.724 0.723 0.723 0.719 0.711 0.71 0.705 0.705 0.703 0.703 0.7 0.697 0.693 0.693 0.686 0.685 0.685 0.682 0.682 0.682 0.682 0.682 0.674 0.669 0.669 0.669 0.667 0.667 0.667 0.663 0.663 0.662 0.658 0.658 0.658 0.659 0.659 0.663 0.664 0.664 0.664 0.664 0.664 0.661 0.661 0.661 0.661 0.664 0.666 0.666 0.666 0.667 0.672 0.676 0.68 0.679 0.679 0.68 0.68 0.68 0.685 0.685 0.686 0.685 0.685 0.689 0.689 0.689 0.689 0.689 0.689 0.689 0.689 0.689 0.689 0.683 0.683 0.683 0.683 0.686 0.686 0.686 0.686 0.681 0.677 0.677 0.677 0.677 0.677 0.677 0.674 0.67 0.667 0.663 0.663 0.661 0.66 0.66 0.66 0.663 0.667 0.667 0.663 0.661 0.661 0.661 0.661 0.661 0.661 0.661 0.662 0.661 0.663 0.663 0.663 0.664 0.668 0.668 0.668 0.67 0.675 0.675 0.675 0.68 0.682 0.683 0.684 0.685 0.692 0.693 0.701 1.294 1.302 1.303 1.303 1.312 1.312 1.312 1.314 1.314 1.316 1.316 1.33 1.331 1.331 1.337 1.344 1.345 1.35 1.355
2 14.244 682 0 0 0 0 0 0 0 0 0 0 0 0 0 0 0 0 0 0 0 0 0 0 0 0 0 0 0 0 0 0 0 0 0 0 0 0 0 0 0 0 0 0 0 0.922 0.919 0.918 0.913 0.905 0.904 0.901 0.898 0.892 0.889 0.878 0.878 0.878 0.876 0.873 0.873 0.867 0.857 0.857 0.852 0.852 0.861 0 0 0 0 0 0 0 0 0 0 0 0 0 0 0 0 0 0 0 0 0 0 0 0 0 0 0 0 0 0 0 0 0 0 0 0 0 0 0 0 0 0 0 0 0 0 0 0 0 0 0 0 0 0 2.013 2.007 2.007 2.007 2.008 2.01 2.013 2.019 2.019 2.023 2.024 2.032 2.032 2.039 2.041 2.041 2.051 2.051 2.063 2.066 2.07 2.073 2.078 2.087 2.092 2.094 2.101 2.105 2.105 2.126 2.776 2.79 2.794 2.81 2.824 2.829 2.836 2.838 2.848 2.861 2.869 2.87 2.883 2.921 2.924 2.925 2.925 2.925 2.941 2.955 2.963 2.977 0 0 0 0 0 0 0 0 0 0 0 0 0 0 0 0 0 0 0 0 0 0 0 0 0 0 0 0 0 0 0 0 0 0 0 0 0 0 2.714 2.714 2.714 2.724 2.743 2.754 2.794 2.798 2.821 2.841 2.862 2.866 2.892 2.923 2.931 2.948 3.074 0 0 0 0 0 0 0 0 0 0 0 0 0 0 0 0 0 0 0 0 0 0 0 0 0 0 0 0 0 0 0 0 0 0 0 0 0 0 0 0 0 0 0 0 0 0 0 0 0 0 0 0 0 0 0 0 0 0 0 0 0 0 0 0 0 0 0 0 0 0 0 0 0 0 0 0 0 0 0 0 0 0 0 0 0 0 0 0 0 0 0 0 0 0 0 0 0 0 4.871 4.852 4.852 4.851 4.852 4.85 4.85 4.476 4.476 4.476 0 0 0 0 0 4.466 4.466 4.787 4.787 4.793 4.793 4.793 4.793 4.798 4.798 0 0 0 0 0 0 0 0 0 0 0 0 0 0 0 0 0 0 0 0 0 0 0 0 0 0 0 0 0 0 0 0 0 0 0 0 0 0 0 0 0 0 0 0 0 0 0 0 0 0 0 0 1.25 1.25 1.25 1.25 1.25 1.25 1.255 1.261 1.262 1.262 1.262 1.258 1.256 1.247 1.227 1.208 1.185 1.171 1.155 1.136 1.117 1.096 1.089 1.067 1.051 1.033 1.018 1.005 0.983 0.974 0.973 0.956 0.953 0.941 0.927 0.913 0.909 0.899 0.885 0.874 0.874 0.868 0.855 0.852 0.852 0.855 0.86 0.861 0.862 0.867 0.878 0.878 0.887 0.889 0.889 0.891 0.891 0.908 0.909 0.909 0.909 0.913 0.926 0.928 0.928 0.93 0.933 0.933 0.952 0.957 0.959 0.969 0.973 0.974 0.974 0.973 0.964 0.964 0.964 0.952 0.951 0.934 0.933 0.923 0.923 0.915 0.903 0.894 0.891 0.891 0.889 0.881 0.873 0.868 0.866 0.866 0.85 0.843 0.84 0.835 0.833 0.828 0.824 0.823 0.816 0.814 0.811 0.805 0.802 0.8 0.787 0.787 0.786 0.784 0.783 0.772 0.772 0.771 0.765 0.762 0.759 0.751 0.75 0.748 0.748 0.743 0.741 0.739 0.737 0.737 0.73 0.728 0.724 0.72 0.712 0.712 0.709 0.709 0.705 0.705 0.701 0.701 0.699 0.692 0.69 0.684 0.684 0.684 0.683 0.684 0.684 0.684 0.683 0.676 0.675 0.67 0.667 0.667 0.668 0.67 0.668 0.668 0.667 0.667 0.667 0.667 0.668 0.668 0.668 0.667 0.667 0.667 0.664 0.664 0.664 0.664 0.66 0.663 0.668 0.666 0.666 0.668 0.672 0.674 0.675 0.676 0.676 0.678 0.679 0.684 0.685 0.688 0.688 0.69 0.685 0.691 0.684 0.686 0.686 0.686 0.685 0.686 0.685 0.685 0.688 0.688 0.686 0.686 0.686 0.685 0.683 0.683 0.686 0.683 0.684 0.684 0.684 0.68 0.68 0.677 0.677 0.673 0.672 0.672 0.67 0.659 0.659 0.664 0.664 0.664 0.664 0.664 0.664 0.659 0.659 0.66 0.66 0.658 0.659 0.659 0.659 0.659 0.661 0.661 0.662 0.662 0.664 0.669 0.672 0.672 0.672 0.673 0.673 0.673 0.675 0.684 0.685 0.685 0.686 0.697 0.698 0.7 1.297 1.297 1.301 1.301 1.305 1.31 1.313 1.314 1.318 1.32 1.321 1.327 1.335 1.335 1.336 1.34 1.346 1.353 1.362
2 14.343 682 0 0 0 0 0 0 0 0 0 0 0 0 0 0 0 0 0 0 0 0 0 0 0 0 0 0 0 0 0 0 0 0 0 0 0 0 0 0 0 0 0 0 0 0.92 0.919 0.918 0.918 0.909 0.909 0.908 0.896 0.891 0.887 0.887 0.879 0.887 0.887 0.879 0.867 0.864 0.86 0.855 0.848 0.848 0.855 0.863 0 0 0 0 0 0 0 0 0 0 0 0 0 0 0 0 0 0 0 0 0 0 0 0 0 0 0 0 0 0 0 0 0 0 0 0 0 0 0 0 0 0 0 0 0 0 0 0 0 0 0 0 0 2.014 2.002 2.002 2.002 2.006 2.007 2.013 2.019 2.021 2.025 2.027 2.034 2.036 2.036 2.041 2.042 2.05 2.052 2.057 2.059 2.067 2.073 2.08 2.081 2.089 2.095 2.1 2.105 2.108 2.126 2.781 2.798 2.802 2.805 2.827 2.829 2.834 2.848 2.852 2.856 2.866 2.872 2.883 2.923 2.923 2.925 2.932 2.933 2.945 2.958 2.968 2.968 0 0 0 0 0 0 0 0 0 0 0 0 0 0 0 0 0 0 0 0 0 0 0 0 0 0 0 0 0 0 0 0 0 0 0 0 0 0 2.704 2.704 2.704 2.734 2.738 2.754 2.783 2.795 2.82 2.841 2.861 2.864 2.887 2.915 2.921 2.952 3.073 0 0 0 0 0 0 0 0 0 0 0 0 0 0 0 0 0 0 0 0 0 0 0 0 0 0 0 0 0 0 0 0 0 0 0 0 0 0 0 0 0 0 0 0 0 0 0 0 0 0 0 0 0 0 0 0 0 0 0 0 0 0 0 0 0 0 0 0 0 0 0 0 0 0 0 0 0 0 0 0 0 0 0 0 0 0 0 0 0 0 0 0 0 0 0 0 0 4.869 4.865 4.864 4.859 4.851 4.859 4.851 4.851 4.851 0 0 0 0 0 0 4.47 4.465 4.465 4.47 4.787 4.792 4.792 4.792 4.791 4.792 4.798 0 0 0 0 0 0 0 0 0 0 0 0 0 0 0 0 0 0 0 0 0 0 0 0 0 0 0 0 0 0 0 0 0 0 0 0 0 0 0 0 0 0 0 0 0 0 0 0 0 0 0 0 1.255 1.251 1.251 1.251 1.255 1.255 1.258 1.259 1.264 1.264 1.264 1.261 1.26 1.246 1.223 1.208 1.186 1.174 1.154 1.143 1.113 1.096 1.087 1.067 1.053 1.03 1.018 1.005 0.991 0.986 0.963 0.952 0.952 0.945 0.923 0.923 0.911 0.896 0.89 0.88 0.868 0.861 0.855 0.855 0.854 0.854 0.855 0.865 0.867 0.867 0.872 0.879 0.884 0.888 0.889 0.89 0.894 0.902 0.905 0.91 0.915 0.921 0.923 0.925 0.925 0.93 0.933 0.933 0.952 0.96 0.965 0.97 0.975 0.975 0.975 0.964 0.963 0.963 0.963 0.963 0.951 0.932 0.928 0.925 0.924 0.914 0.914 0.902 0.899 0.896 0.887 0.886 0.87 0.87 0.862 0.86 0.852 0.852 0.848 0.84 0.831 0.83 0.827 0.826 0.818 0.816 0.81 0.806 0.798 0.795 0.792 0.792 0.79 0.787 0.777 0.775 0.771 0.769 0.767 0.767 0.761 0.758 0.752 0.747 0.745 0.741 0.74 0.74 0.735 0.733 0.726 0.725 0.721 0.721 0.715 0.71 0.709 0.709 0.708 0.704 0.704 0.704 0.702 0.692 0.691 0.691 0.685 0.685 0.685 0.685 0.686 0.686 0.686 0.673 0.672 0.668 0.668 0.667 0.667 0.668 0.666 0.663 0.661 0.661 0.659 0.659 0.659 0.66 0.66 0.664 0.666 0.666 0.664 0.659 0.659 0.659 0.666 0.666 0.666 0.666 0.669 0.669 0.671 0.677 0.677 0.675 0.675 0.675 0.675 0.675 0.682 0.682 0.682 0.682 0.688 0.693 0.693 0.693 0.69 0.69 0.688 0.688 0.685 0.685 0.685 0.685 0.686 0.686 0.684 0.684 0.684 0.684 0.684 0.682 0.682 0.681 0.681 0.682 0.683 0.682 0.682 0.672 0.668 0.668 0.668 0.669 0.668 0.667 0.667 0.668 0.667 0.667 0.667 0.666 0.664 0.659 0.659 0.659 0.658 0.663 0.663 0.663 0.662 0.662 0.661 0.661 0.661 0.666 0.668 0.671 0.671 0.673 0.673 0.676 0.681 0.682 0.685 0.685 0.686 0.688 0.698 0.699 1.294 1.299 1.301 1.301 1.303 1.31 1.312 1.314 1.316 1.319 1.331 1.336 1.337 1.337 1.341 1.342 1.35 1.359 1.363
2 14.443 682 0 0 0 0 0 0 0 0 0 0 0 0 0 0 0 0 0 0 0 0 0 0 0 0 0 0 0 0 0 0 0 0 0 0 0 0 0 0 0 0 0 0 0 0.924 0.921 0.916 0.916 0.916 0.914 0.905 0.9 0.897 0.886 0.882 0.881 0.879 0.879 0.878 0.873 0.865 0.86 0.86 0.855 0.855 0.855 0 0 0 0 0 0 0 0 0 0 0 0 0 0 0 0 0 0 0 0 0 0 0 0 0 0 0 0 0 0 0 0 0 0 0 0 0 0 0 0 0 0 0 0 0 0 0 0 0 0 0 0 0 0 2.014 2.002 2.002 2.002 2.009 2.015 2.017 2.021 2.021 2.026 2.026 2.031 2.035 2.042 2.044 2.048 2.05 2.059 2.06 2.06 2.069 2.07 2.076 2.089 2.092 2.098 2.099 2.1 2.112 2.125 2.767 2.797 2.805 2.811 2.818 2.829 2.832 2.842 2.849 2.858 2.87 2.871 2.897 2.916 2.927 2.928 2.936 2.936 2.947 2.959 2.969 2.971 0 0 0 0 0 0 0 0 0 0 0 0 0 0 0 0 0 0 0 0 0 0 0 0 0 0 0 0 0 0 0 0 0 0 0 0 0 0 2.705 2.705 2.705 2.717 2.746 2.765 2.785 2.796 2.805 2.833 2.858 2.861 2.896 2.93 2.943 2.952 0 0 0 0 0 0 0 0 0 0 0 0 0 0 0 0 0 0 0 0 0 0 0 0 0 0 0 0 0 0 0 0 0 0 0 0 0 0 0 0 0 0 0 0 0 0 0 0 0 0 0 0 0 0 0 0 0 0 0 0 0 0 0 0 0 0 0 0 0 0 0 0 0 0 0 0 0 0 0 0 0 0 0 0 0 0 0 0 0 0 0 0 0 0 0 0 0 0 0 4.859 4.854 4.852 4.848 4.848 4.847 4.845 4.845 0 0 0 0 0 0 0 4.461 4.461 4.461 4.785 4.786 4.787 4.787 4.788 4.788 4.789 0 0 0 0 0 0 0 0 0 0 0 0 0 0 0 0 0 0 0 0 0 0 0 0 0 0 0 0 0 0 0 0 0 0 0 0 0 0 0 0 0 0 0 0 0 0 0 0 0 0 0 0 1.25 1.245 1.245 1.245 1.245 1.247 1.254 1.264 1.264 1.264 1.262 1.259 1.247 1.242 1.226 1.197 1.185 1.177 1.162 1.139 1.121 1.103 1.087 1.067 1.052 1.036 1.023 1.003 0.997 0.975 0.966 0.957 0.949 0.945 0.932 0.921 0.903 0.892 0.886 0.876 0.874 0.873 0.859 0.855 0.855 0.855 0.855 0.855 0.861 0.87 0.874 0.878 0.882 0.885 0.887 0.892 0.892 0.902 0.905 0.909 0.91 0.911 0.922 0.925 0.925 0.934 0.934 0.937 0.955 0.956 0.967 0.967 0.973 0.973 0.973 0.968 0.962 0.962 0.962 0.958 0.952 0.925 0.923 0.922 0.922 0.915 0.905 0.899 0.893 0.888 0.887 0.882 0.877 0.874 0.866 0.862 0.852 0.845 0.842 0.839 0.838 0.83 0.827 0.826 0.825 0.811 0.81 0.808 0.8 0.788 0.788 0.788 0.787 0.782 0.78 0.78 0.771 0.771 0.765 0.764 0.763 0.751 0.75 0.749 0.748 0.747 0.74 0.739 0.736 0.733 0.728 0.727 0.723 0.72 0.717 0.713 0.709 0.708 0.704 0.704 0.703 0.697 0.696 0.695 0.689 0.688 0.688 0.684 0.68 0.68 0.68 0.679 0.679 0.677 0.673 0.673 0.669 0.669 0.669 0.67 0.67 0.67 0.67 0.659 0.659 0.659 0.657 0.657 0.659 0.659 0.662 0.662 0.662 0.66 0.662 0.662 0.663 0.666 0.671 0.671 0.671 0.671 0.672 0.675 0.675 0.676 0.677 0.677 0.677 0.677 0.68 0.683 0.68 0.686 0.689 0.689 0.689 0.689 0.687 0.687 0.685 0.685 0.685 0.687 0.688 0.688 0.688 0.688 0.688 0.689 0.689 0.687 0.687 0.686 0.686 0.681 0.681 0.681 0.681 0.679 0.679 0.674 0.673 0.671 0.666 0.664 0.663 0.663 0.663 0.661 0.661 0.661 0.66 0.658 0.658 0.657 0.66 0.657 0.66 0.66 0.661 0.663 0.663 0.661 0.663 0.664 0.664 0.668 0.67 0.674 0.676 0.676 0.678 0.679 0.679 0.686 0.687 0.688 0.688 0.69 0.696 0.698 1.295 1.298 1.305 1.305 1.309 1.31 1.313 1.314 1.318 1.327 1.33 1.331 1.332 1.332 1.332 1.338 1.342 1.353 1.355
2 14.543 682 0 0 0 0 0 0 0 0 0 0 0 0 0 0 0 0 0 0 0 0 0 0 0 0 0 0 0 0 0 0 0 0 0 0 0 0 0 0 0 0 0 0 0 0.927 0.926 0.923 0.923 0.919 0.919 0.916 0.898 0.897 0.885 0.884 0.882 0.882 0.878 0.874 0.873 0.866 0.854 0.854 0.85 0.85 0.855 0 0 0 0 0 0 0 0 0 0 0 0 0 0 0 0 0 0 0 0 0 0 0 0 0 0 0 0 0 0 0 0 0 0 0 0 0 0 0 0 0 0 0 0 0 0 0 0 0 0 0 0 0 0 2.009 2.005 2.005 2.005 2.006 2.01 2.016 2.022 2.024 2.027 2.029 2.031 2.034 2.034 2.043 2.052 2.055 2.06 2.063 2.064 2.066 2.072 2.077 2.084 2.089 2.097 2.1 2.1 2.105 2.12 2.789 2.792 2.794 2.801 2.821 2.823 2.83 2.83 2.845 2.851 2.865 2.873 2.897 2.924 2.924 2.929 2.929 2.944 2.944 2.954 2.97 2.972 0 0 0 0 0 0 0 0 0 0 0 0 0 0 0 0 0 0 0 0 0 0 0 0 0 0 0 0 0 0 0 0 0 0 0 0 0 0 2.702 2.702 2.702 2.713 2.753 2.771 2.777 2.802 2.813 2.835 2.85 2.864 2.89 2.924 2.948 2.958 3.08 0 0 0 0 0 0 0 0 0 0 0 0 0 0 0 0 0 0 0 0 0 0 0 0 0 0 0 0 0 0 0 0 0 0 0 0 0 0 0 0 0 0 0 0 0 0 0 0 0 0 0 0 0 0 0 0 0 0 0 0 0 0 0 0 0 0 0 0 0 0 0 0 0 0 0 0 0 0 0 0 0 0 0 0 0 0 0 0 0 0 0 0 0 0 0 0 0 0 0 4.864 4.864 4.86 4.86 4.851 4.836 4.851 0 0 0 0 0 0 4.463 4.452 4.452 4.463 4.784 4.788 4.794 4.795 4.795 4.795 4.797 0 0 0 0 0 0 0 0 0 0 0 0 0 0 0 0 0 0 0 0 0 0 0 0 0 0 0 0 0 0 0 0 0 0 0 0 0 0 0 0 0 0 0 0 0 0 0 0 0 0 0 0 1.249 1.249 1.249 1.249 1.249 1.252 1.252 1.261 1.263 1.263 1.263 1.263 1.243 1.242 1.22 1.207 1.19 1.176 1.162 1.138 1.119 1.11 1.086 1.073 1.057 1.028 1.023 1.004 0.998 0.984 0.972 0.957 0.952 0.947 0.925 0.922 0.92 0.892 0.891 0.877 0.87 0.865 0.855 0.852 0.852 0.852 0.856 0.861 0.862 0.868 0.873 0.88 0.886 0.891 0.891 0.892 0.901 0.901 0.909 0.912 0.912 0.919 0.922 0.93 0.93 0.933 0.94 0.94 0.956 0.957 0.968 0.973 0.973 0.975 0.975 0.972 0.963 0.963 0.963 0.96 0.947 0.928 0.927 0.925 0.922 0.92 0.907 0.898 0.893 0.892 0.892 0.878 0.877 0.874 0.857 0.857 0.856 0.855 0.851 0.844 0.837 0.833 0.826 0.826 0.818 0.811 0.811 0.81 0.798 0.796 0.791 0.79 0.786 0.783 0.782 0.777 0.769 0.77 0.769 0.764 0.758 0.755 0.755 0.749 0.746 0.74 0.735 0.735 0.733 0.733 0.729 0.724 0.724 0.724 0.721 0.71 0.71 0.707 0.707 0.707 0.704 0.7 0.697 0.697 0.697 0.688 0.688 0.685 0.685 0.685 0.688 0.685 0.685 0.673 0.672 0.669 0.672 0.669 0.664 0.664 0.664 0.664 0.664 0.66 0.66 0.66 0.658 0.663 0.667 0.667 0.667 0.667 0.666 0.664 0.662 0.662 0.664 0.664 0.664 0.667 0.668 0.672 0.672 0.677 0.677 0.679 0.677 0.677 0.68 0.681 0.681 0.686 0.686 0.689 0.69 0.69 0.689 0.689 0.689 0.688 0.687 0.688 0.688 0.686 0.686 0.686 0.684 0.686 0.686 0.686 0.686 0.686 0.683 0.682 0.682 0.68 0.68 0.682 0.682 0.678 0.678 0.674 0.663 0.662 0.66 0.657 0.657 0.659 0.659 0.664 0.664 0.664 0.663 0.662 0.661 0.661 0.662 0.664 0.664 0.664 0.664 0.661 0.661 0.662 0.662 0.663 0.664 0.666 0.667 0.669 0.669 0.669 0.674 0.678 0.679 0.68 0.682 0.686 0.693 0.697 0.701 0.706 1.294 1.297 1.304 1.304 1.313 1.313 1.314 1.314 1.322 1.323 1.323 1.328 1.337 1.335 1.337 1.34 1.351 1.358 1.361
2 14.642 682 0 0 0 0 0 0 0 0 0 0 0 0 0 0 0 0 0 0 0 0 0 0 0 0 0 0 0 0 0 0 0 0 0 0 0 0 0 0 0 0 0 0 0.912 0.912 0.912 0.912 0.913 0.913 0.909 0.909 0.896 0.896 0.888 0.888 0.885 0.885 0.879 0.877 0.872 0.866 0.862 0.862 0.847 0.847 0.859 0 0 0 0 0 0 0 0 0 0 0 0 0 0 0 0 0 0 0 0 0 0 0 0 0 0 0 0 0 0 0 0 0 0 0 0 0 0 0 0 0 2.648 2.648 2.648 0 0 0 0 0 0 0 0 0 0 2.012 2.009 2.007 2.007 2.008 2.008 2.012 2.018 2.027 2.031 2.031 2.031 2.034 2.037 2.041 2.041 2.057 2.058 2.064 2.068 2.07 2.072 2.086 2.086 2.091 2.096 2.101 2.103 2.105 2.12 2.787 2.795 2.805 2.807 2.814 2.824 2.831 2.85 2.851 2.851 2.866 2.875 2.898 2.922 2.927 2.93 2.934 2.947 2.947 2.957 2.963 2.982 0 0 0 0 0 0 0 0 0 0 0 0 0 0 0 0 0 0 0 0 0 0 0 0 0 0 0 0 0 0 0 0 0 0 0 0 0 0 2.707 2.707 2.707 2.72 2.736 2.752 2.781 2.789 2.817 2.847 2.861 2.863 2.877 2.929 2.932 2.96 3.088 0 0 0 0 0 0 0 0 0 0 0 0 0 0 0 0 0 0 0 0 0 0 0 0 0 0 0 0 0 0 0 0 0 0 0 0 0 0 0 0 0 0 0 0 0 0 0 0 0 0 0 0 0 0 0 0 0 0 0 0 0 0 0 0 0 0 0 0 0 0 0 0 0 0 0 0 0 0 0 0 0 0 0 0 0 0 0 0 0 0 0 0 0 0 0 0 0 0 4.879 4.87 4.854 4.85 4.85 4.847 4.844 4.458 4.458 4.458 0 0 0 0 4.472 4.453 4.453 4.472 4.785 4.789 4.789 4.789 4.793 4.795 4.796 0 0 0 0 0 0 0 0 0 0 0 0 0 0 0 0 0 0 0 0 0 0 0 0 0 0 0 0 0 0 0 0 0 0 0 0 0 0 0 0 0 0 0 0 0 0 0 0 0 0 0 0 1.244 1.244 1.244 1.244 1.247 1.253 1.253 1.261 1.261 1.261 1.261 1.26 1.254 1.237 1.228 1.209 1.189 1.182 1.156 1.134 1.126 1.098 1.095 1.072 1.051 1.029 1.022 1.005 0.996 0.976 0.966 0.962 0.949 0.946 0.933 0.918 0.907 0.894 0.886 0.88 0.874 0.87 0.86 0.854 0.854 0.86 0.86 0.86 0.862 0.877 0.878 0.878 0.884 0.886 0.89 0.893 0.896 0.901 0.909 0.912 0.912 0.918 0.921 0.924 0.924 0.931 0.934 0.934 0.952 0.954 0.966 0.968 0.979 0.979 0.979 0.975 0.965 0.965 0.965 0.965 0.957 0.934 0.931 0.923 0.922 0.914 0.898 0.897 0.896 0.89 0.886 0.886 0.878 0.878 0.86 0.859 0.854 0.848 0.844 0.84 0.84 0.839 0.826 0.825 0.816 0.809 0.805 0.803 0.801 0.798 0.795 0.786 0.781 0.78 0.778 0.777 0.774 0.774 0.772 0.762 0.762 0.758 0.758 0.755 0.751 0.744 0.743 0.74 0.735 0.728 0.728 0.725 0.721 0.717 0.717 0.714 0.71 0.707 0.706 0.704 0.702 0.701 0.697 0.697 0.691 0.691 0.683 0.683 0.682 0.683 0.683 0.683 0.679 0.679 0.672 0.671 0.671 0.669 0.671 0.671 0.669 0.669 0.666 0.664 0.663 0.663 0.663 0.663 0.66 0.663 0.668 0.668 0.66 0.659 0.659 0.659 0.666 0.666 0.667 0.667 0.667 0.667 0.667 0.673 0.675 0.675 0.677 0.677 0.677 0.679 0.679 0.68 0.68 0.69 0.69 0.69 0.688 0.688 0.688 0.688 0.686 0.686 0.686 0.686 0.689 0.689 0.689 0.689 0.69 0.688 0.688 0.688 0.685 0.684 0.684 0.681 0.68 0.68 0.681 0.68 0.68 0.679 0.671 0.67 0.67 0.67 0.663 0.663 0.662 0.657 0.656 0.656 0.656 0.66 0.66 0.66 0.66 0.658 0.657 0.657 0.658 0.658 0.659 0.659 0.66 0.66 0.664 0.668 0.669 0.674 0.677 0.677 0.678 0.678 0.68 0.686 0.687 0.689 0.691 0.692 0.692 0.697 1.294 1.298 1.31 1.31 1.311 1.312 1.312 1.313 1.313 1.318 1.327 1.338 1.341 1.341 1.341 1.342 1.345 1.358 1.359
2 14.742 682 0 0 0 0 0 0 0 0 0 0 0 0 0 0 0 0 0 0 0 0 0 0 0 0 0 0 0 0 0 0 0 0 0 0 0 0 0 0 0 0 0 0 0 0 0.923 0.923 0.92 0.911 0.911 0.911 0.897 0.893 0.882 0.882 0.878 0.882 0.882 0.875 0.868 0.864 0.86 0.859 0.853 0.853 0.853 0.86 0 0 0 0 0 0 0 0 0 0 0 0 0 0 0 0 0 0 0 0 0 0 0 0 0 0 0 0 0 0 0 0 0 0 0 0 0 0 0 0 0 0 0 0 0 0 0 0 0 0 0 0 0 2.013 2.008 2.008 2.008 2.009 2.017 2.02 2.022 2.024 2.026 2.026 2.033 2.038 2.041 2.044 2.045 2.047 2.057 2.062 2.062 2.07 2.071 2.081 2.088 2.089 2.095 2.098 2.106 2.109 2.115 2.777 2.797 2.8 2.816 2.816 2.819 2.826 2.834 2.849 2.86 2.865 2.873 2.894 2.916 2.921 2.926 2.932 2.95 2.95 2.962 2.969 2.977 0 0 0 0 0 0 0 0 0 0 0 0 0 0 0 0 0 0 0 0 0 0 0 0 0 0 0 0 0 0 0 0 0 0 0 0 0 0 2.712 2.712 2.712 2.721 2.736 2.758 2.78 2.797 2.818 2.828 2.86 2.868 2.875 2.927 2.936 2.95 0 0 0 0 0 0 0 0 0 0 0 0 0 0 0 0 0 0 0 0 0 0 0 0 0 0 0 0 0 0 0 0 0 0 0 0 0 0 0 0 0 0 0 0 0 0 0 0 0 0 0 0 0 0 0 0 0 0 0 0 0 0 0 0 0 0 0 0 0 0 0 0 0 0 0 0 0 0 0 0 0 0 0 0 0 0 0 0 0 0 0 0 0 0 0 0 0 0 0 0 4.857 4.857 4.857 4.857 4.857 4.848 4.455 4.455 4.455 0 0 0 0 4.461 4.456 4.456 4.461 4.784 4.785 4.793 4.793 4.793 4.794 4.794 0 0 0 0 0 0 0 0 0 0 0 0 0 0 0 0 0 0 0 0 0 0 0 0 0 0 0 0 0 0 0 0 0 0 0 0 0 0 0 0 0 0 0 0 0 0 0 0 0 0 0 0 1.249 1.246 1.246 1.246 1.246 1.246 1.253 1.26 1.262 1.262 1.262 1.258 1.253 1.245 1.232 1.21 1.183 1.175 1.162 1.14 1.12 1.108 1.079 1.065 1.063 1.03 1.022 1.009 1.001 0.977 0.972 0.962 0.953 0.947 0.921 0.92 0.913 0.891 0.885 0.882 0.877 0.865 0.853 0.85 0.85 0.85 0.86 0.862 0.863 0.865 0.87 0.874 0.877 0.886 0.888 0.893 0.893 0.908 0.908 0.911 0.912 0.919 0.921 0.923 0.923 0.927 0.938 0.942 0.947 0.96 0.969 0.972 0.972 0.972 0.969 0.967 0.962 0.962 0.962 0.962 0.953 0.931 0.93 0.922 0.921 0.907 0.905 0.901 0.9 0.891 0.882 0.881 0.873 0.869 0.865 0.86 0.855 0.843 0.84 0.838 0.837 0.835 0.829 0.827 0.823 0.808 0.803 0.802 0.802 0.794 0.79 0.79 0.786 0.787 0.785 0.778 0.775 0.772 0.765 0.763 0.754 0.753 0.75 0.746 0.745 0.742 0.742 0.739 0.735 0.733 0.728 0.727 0.727 0.721 0.717 0.712 0.706 0.706 0.706 0.704 0.704 0.703 0.697 0.695 0.691 0.689 0.687 0.686 0.686 0.686 0.687 0.682 0.68 0.674 0.673 0.672 0.672 0.67 0.672 0.671 0.671 0.67 0.666 0.664 0.66 0.658 0.658 0.658 0.658 0.66 0.663 0.664 0.663 0.663 0.663 0.664 0.664 0.664 0.664 0.662 0.662 0.662 0.668 0.673 0.676 0.677 0.678 0.678 0.678 0.678 0.678 0.68 0.682 0.687 0.683 0.683 0.687 0.687 0.687 0.687 0.686 0.686 0.686 0.686 0.691 0.691 0.69 0.69 0.688 0.688 0.688 0.683 0.685 0.68 0.68 0.678 0.678 0.678 0.678 0.674 0.674 0.671 0.671 0.671 0.662 0.661 0.661 0.663 0.658 0.663 0.663 0.663 0.66 0.66 0.659 0.659 0.659 0.656 0.659 0.661 0.666 0.666 0.667 0.667 0.667 0.667 0.667 0.667 0.669 0.671 0.677 0.677 0.678 0.679 0.68 0.681 0.681 0.682 0.686 0.691 0.698 0.701 1.284 1.296 1.304 1.304 1.31 1.313 1.314 1.316 1.324 1.325 1.335 1.335 1.336 1.336 1.34 1.341 1.35 1.355 1.361
2 14.842 682 0 0 0 0 0 0 0 0 0 0 0 0 0 0 0 0 0 0 0 0 0 0 0 0 0 0 0 0 0 0 0 0 0 0 0 0 0 0 0 0 0 0 0 0.933 0.918 0.918 0.915 0.918 0.915 0.911 0.897 0.894 0.889 0.885 0.881 0.879 0.876 0.872 0.867 0.864 0.863 0.855 0.852 0.852 0.855 0.863 0 0 0 0 0 0 0 0 0 0 0 0 0 0 0 0 0 0 0 0 0 0 0 0 0 0 0 0 0 0 0 0 0 0 0 0 0 0 0 0 0 0 0 0 0 0 0 0 0 0 0 0 0 2.017 2.006 2.006 2.006 2.01 2.016 2.017 2.019 2.019 2.024 2.027 2.033 2.041 2.042 2.047 2.048 2.055 2.057 2.062 2.064 2.064 2.071 2.082 2.089 2.089 2.096 2.096 2.103 2.109 2.121 2.785 2.796 2.802 2.807 2.823 2.828 2.837 2.838 2.853 2.853 2.867 2.873 2.894 2.923 2.923 2.925 2.928 2.941 2.943 2.96 2.98 2.982 0 0 0 0 0 0 0 0 0 0 0 0 0 0 0 0 0 0 0 0 0 0 0 0 0 0 0 0 0 0 0 0 0 0 0 0 0 0 2.713 2.713 2.713 2.718 2.738 2.762 2.781 2.795 2.812 2.836 2.853 2.86 2.892 2.922 2.923 2.952 3.084 0 0 0 0 0 0 0 0 0 0 0 0 0 0 0 0 0 0 0 0 0 0 0 0 0 0 0 0 0 0 0 0 0 0 0 0 0 0 0 0 0 0 0 0 0 0 0 0 0 0 0 0 0 0 0 0 0 0 0 0 0 0 0 0 0 0 0 0 0 0 0 0 0 0 0 0 0 0 0 0 0 0 0 0 0 0 0 0 0 0 0 0 0 0 0 0 0 0 4.859 4.859 4.859 4.858 4.858 4.839 4.838 4.473 4.473 4.473 0 0 0 0 4.46 4.445 4.445 4.46 4.785 4.789 4.789 4.789 4.788 4.789 4.789 0 0 0 0 0 0 0 0 0 0 0 0 0 0 0 0 0 0 0 0 0 0 0 0 0 0 0 0 0 0 0 0 0 0 0 0 0 0 0 0 0 0 0 0 0 0 0 0 0 0 0 0 1.25 1.249 1.244 1.244 1.244 1.244 1.249 1.262 1.263 1.263 1.263 1.258 1.253 1.241 1.229 1.215 1.182 1.172 1.156 1.137 1.122 1.103 1.086 1.065 1.044 1.042 1.019 1.017 0.991 0.977 0.973 0.956 0.955 0.941 0.922 0.92 0.91 0.9 0.887 0.877 0.87 0.868 0.854 0.854 0.854 0.854 0.86 0.863 0.866 0.868 0.869 0.873 0.881 0.886 0.89 0.892 0.899 0.902 0.905 0.907 0.913 0.919 0.92 0.925 0.925 0.927 0.932 0.935 0.955 0.957 0.963 0.972 0.972 0.972 0.972 0.972 0.967 0.967 0.967 0.967 3.876 0 0.935 0.927 0.927 0.924 0.912 0.902 0.892 0.889 0.887 0.887 0.872 0.869 0.857 0.855 0.855 0.854 0.851 0.841 0.837 0.831 0.828 0.82 0.818 0.807 0.801 0.8 0.8 0.798 0.79 0.785 0.784 0.784 0.784 0.78 0.776 0.776 0.77 0.767 0.761 0.755 0.751 0.75 0.748 0.747 0.741 0.736 0.736 0.733 0.726 0.725 0.724 0.721 0.72 0.712 0.706 0.705 0.705 0.704 0.699 0.699 0.698 0.695 0.693 0.691 0.688 0.687 0.686 0.686 0.686 0.686 0.686 0.676 0.671 0.669 0.668 0.667 0.667 0.667 0.667 0.663 0.661 0.661 0.661 0.659 0.659 0.659 0.659 0.659 0.66 0.66 0.66 0.66 0.664 0.664 0.666 0.666 0.666 0.666 0.668 0.669 0.67 0.673 0.673 0.674 0.674 0.673 0.673 0.675 0.678 0.682 0.684 0.689 0.689 0.689 0.687 0.687 0.687 0.689 0.685 0.69 0.69 0.693 0.689 0.689 0.689 0.689 0.689 0.689 0.689 0.688 0.689 0.682 0.682 0.682 0.677 0.677 0.675 0.675 0.675 0.673 0.673 0.671 0.667 0.663 0.663 0.663 0.663 0.664 0.664 0.662 0.663 0.662 0.662 0.662 0.66 0.66 0.66 0.66 0.66 0.661 0.661 0.659 0.659 0.664 0.664 0.667 0.667 0.667 0.672 0.675 0.675 0.678 0.685 0.685 0.688 0.688 0.689 0.693 0.696 0.698 1.298 1.301 1.301 1.301 1.312 1.314 1.314 1.318 1.319 1.32 1.324 1.338 1.338 1.338 1.339 1.339 1.351 1.358 1.363
2 14.941 682 0 0 0 0 0 0 0 0 0 0 0 0 0 0 0 0 0 0 0 0 0 0 0 0 0 0 0 0 0 0 0 0 0 0 0 0 0 0 0 0 0 0 0.923 0.923 0.923 0.915 0.915 0.914 0.912 0.912 0.901 0.896 0.886 0.886 0.879 0.878 0.879 0.878 0.875 0.865 0.859 0.859 0.85 0.85 0 0 0 0 0 0 0 0 0 0 0 0 0 0 0 0 0 0 0 0 0 0 0 0 0 0 0 0 0 0 0 0 0 0 0 0 0 0 0 0 0 0 0 0 0 0 0 0 0 0 0 0 0 0 0 2.009 2.009 2.009 2.006 2.009 2.014 2.022 2.02 2.022 2.024 2.027 2.033 2.036 2.044 2.045 2.049 2.049 2.06 2.06 2.067 2.068 2.068 2.081 2.082 2.092 2.096 2.101 2.106 2.11 2.126 2.781 2.793 2.805 2.814 2.82 2.823 2.839 2.841 2.849 2.863 2.871 2.875 2.877 2.919 2.919 2.923 2.927 2.934 2.945 2.964 2.969 2.978 0 0 0 0 0 0 0 0 0 0 0 0 0 0 0 0 0 0 0 0 0 0 0 0 0 0 0 0 0 0 0 0 0 0 0 0 0 0 2.708 2.708 2.708 2.721 2.754 2.763 2.773 2.805 2.809 2.843 2.855 2.872 2.891 2.92 2.942 2.947 3.085 0 0 0 0 0 0 0 0 0 0 0 0 0 0 0 0 0 0 0 0 0 0 0 0 0 0 0 0 0 0 0 0 0 0 0 0 0 0 0 0 0 0 0 0 0 0 0 0 0 0 0 0 0 0 0 0 0 0 0 0 0 0 0 0 0 0 0 0 0 0 0 0 0 0 0 0 0 0 0 0 0 0 0 0 0 0 0 0 0 0 0 0 0 0 0 0 0 0 0 4.875 4.862 4.861 4.861 4.846 4.844 4.462 4.462 4.462 0 0 0 0 4.457 4.456 4.456 4.456 4.788 4.788 4.792 4.792 4.792 4.794 4.798 0 0 0 0 0 0 0 0 0 0 0 0 0 0 0 0 0 0 0 0 0 0 0 0 0 0 0 0 0 0 0 0 0 0 0 0 0 0 0 0 0 0 0 0 0 0 0 0 0 0 0 0 1.25 1.246 1.246 1.246 1.25 1.252 1.254 1.261 1.262 1.262 1.262 1.261 1.251 1.24 1.231 1.212 1.186 1.185 1.157 1.141 1.125 1.105 1.085 1.064 1.057 1.034 1.025 1.005 1 0.982 0.979 0.958 0.952 0.941 0.933 0.919 0.908 0.898 0.884 0.876 0.873 0.867 0.855 0.853 0.853 0.855 0.861 0.863 0.867 0.869 0.879 0.881 0.884 0.885 0.89 0.89 0.891 0.902 0.902 0.903 0.913 0.919 0.923 0.923 0.923 0.934 0.935 0.936 0.951 0.957 0.966 0.966 0.975 0.975 0.975 0.973 0.96 0.96 0.96 0.96 0.954 0.936 0.928 0.927 0.923 0.913 0.909 0.901 0.899 0.887 0.886 0.886 0.875 0.87 0.867 0.852 0.852 0.852 0.845 0.839 0.828 0.827 0.824 0.824 0.823 0.813 0.805 0.801 0.797 0.793 0.792 0.792 0.79 0.787 0.776 0.776 0.774 0.769 0.766 0.763 0.759 0.751 0.746 0.746 0.746 0.746 0.745 0.739 0.736 0.728 0.726 0.722 0.722 0.721 0.709 0.709 0.708 0.709 0.71 0.71 0.707 0.701 0.699 0.698 0.691 0.686 0.683 0.683 0.682 0.683 0.683 0.679 0.679 0.676 0.671 0.669 0.666 0.666 0.666 0.668 0.666 0.663 0.661 0.661 0.661 0.661 0.661 0.663 0.663 0.663 0.663 0.666 0.664 0.664 0.664 0.664 0.664 0.661 0.667 0.663 0.667 0.667 0.673 0.673 0.674 0.675 0.676 0.676 0.678 0.679 0.686 0.686 0.686 0.687 0.688 0.688 0.688 0.689 0.688 0.689 0.688 0.689 0.688 0.692 0.689 0.689 0.688 0.688 0.685 0.685 0.685 0.684 0.685 0.684 0.686 0.682 0.686 0.682 0.682 0.68 0.68 0.677 0.674 0.661 0.66 0.661 0.661 0.66 0.662 0.662 0.662 0.662 0.662 0.661 0.661 0.661 0.661 0.66 0.659 0.659 0.661 0.662 0.662 0.662 0.662 0.663 0.662 0.663 0.671 0.672 0.672 0.673 0.673 0.675 0.682 0.684 0.684 0.684 0.688 0.688 0.692 0.705 1.296 1.303 1.309 1.306 1.309 1.31 1.311 1.312 1.314 1.322 1.33 1.331 1.331 1.331 1.333 1.34 1.346 1.356 1.359
2 15.041 682 0 0 0 0 0 0 0 0 0 0 0 0 0 0 0 0 0 0 0 0 0 0 0 0 0 0 0 0 0 0 0 0 0 0 0 0 0 0 0 0 0 0 0.926 0.925 0.915 0.912 0.908 0.908 0.908 0.902 0.89 0.885 0.879 0.879 0.877 0.877 0.877 0.877 0.869 0.862 0.86 0.86 0.851 0.851 0.865 0 0 0 0 0 0 0 0 0 0 0 0 0 0 0 0 0 0 0 0 0 0 0 0 0 0 0 0 0 0 0 0 0 0 0 0 0 0 0 0 0 0 0 0 0 0 0 0 0 0 0 0 0 0 2.014 2.006 2.006 2.006 2.008 2.01 2.014 2.023 2.026 2.026 2.027 2.029 2.035 2.039 2.042 2.052 2.055 2.059 2.062 2.066 2.073 2.074 2.076 2.087 2.091 2.092 2.1 2.105 2.11 2.126 2.79 2.795 2.798 2.802 2.817 2.819 2.833 2.842 2.843 2.856 2.865 2.871 2.887 2.924 2.925 2.929 2.93 2.93 2.945 2.971 2.971 2.972 0 0 0 0 0 0 0 0 0 0 0 0 0 0 0 0 0 0 0 0 0 0 0 0 0 0 0 0 0 0 0 0 0 0 0 0 0 0 2.704 2.704 2.704 2.724 2.739 2.758 2.78 2.809 2.821 2.836 2.863 2.865 2.879 2.922 2.935 2.954 3.064 0 0 0 0 0 0 0 0 0 0 0 0 0 0 0 0 0 0 0 0 0 0 0 0 0 0 0 0 0 0 0 0 0 0 0 0 0 0 0 0 0 0 0 0 0 0 0 0 0 0 0 0 0 0 0 0 0 0 0 0 0 0 0 0 0 0 0 0 0 0 0 0 0 0 0 0 0 0 0 0 0 0 0 0 0 0 0 0 0 0 0 0 0 0 0 0 0 4.874 4.871 4.862 4.859 4.855 4.855 4.838 4.836 4.855 0 0 0 0 0 0 0 4.459 4.459 4.459 4.789 4.791 4.791 4.791 4.792 4.796 4.804 0 0 0 0 0 0 0 0 0 0 0 0 0 0 0 0 0 0 0 0 0 0 0 0 0 0 0 0 0 0 0 0 0 0 0 0 0 0 0 0 0 0 0 0 0 0 0 0 0 0 0 0 1.25 1.249 1.249 1.249 1.249 1.249 1.249 1.262 1.262 1.262 1.262 1.262 1.253 1.245 1.229 1.205 1.193 1.173 1.156 1.137 1.12 1.096 1.092 1.065 1.057 1.03 1.019 1.007 0.996 0.979 0.967 0.955 0.951 0.937 0.925 0.92 0.904 0.899 0.888 0.875 0.868 0.867 0.856 0.85 0.85 0.85 0.855 0.866 0.867 0.869 0.872 0.882 0.882 0.886 0.888 0.89 0.892 0.893 0.909 0.909 0.916 0.918 0.926 0.927 0.927 0.928 0.936 0.941 0.953 0.959 0.962 0.97 0.97 0.97 0.97 0.966 0.965 0.965 0.965 0.963 0.954 0.928 0.927 0.926 0.919 0.914 0.908 0.902 0.896 0.89 0.889 0.882 0.88 0.869 0.861 0.855 0.854 0.851 0.848 0.848 0.837 0.829 0.823 0.823 0.82 0.807 0.803 0.803 0.8 0.793 0.786 0.786 0.786 0.785 0.776 0.776 0.774 0.769 0.767 0.762 0.758 0.75 0.75 0.749 0.749 0.742 0.745 0.74 0.737 0.735 0.726 0.724 0.721 0.72 0.717 0.716 0.709 0.709 0.704 0.703 0.704 0.703 0.698 0.693 0.691 0.688 0.688 0.683 0.683 0.685 0.691 0.685 0.685 0.672 0.672 0.67 0.669 0.666 0.666 0.666 0.666 0.666 0.666 0.666 0.664 0.664 0.664 0.664 0.664 0.669 0.669 0.666 0.666 0.666 0.664 0.664 0.664 0.659 0.656 0.656 0.656 0.668 0.669 0.669 0.675 0.676 0.676 0.679 0.68 0.68 0.68 0.682 0.68 0.688 0.688 0.69 0.69 0.69 0.687 0.685 0.685 0.687 0.687 0.687 0.689 0.689 0.686 0.686 0.686 0.686 0.686 0.685 0.686 0.685 0.681 0.68 0.68 0.68 0.68 0.68 0.677 0.676 0.672 0.672 0.667 0.667 0.667 0.667 0.667 0.666 0.666 0.662 0.662 0.662 0.662 0.662 0.661 0.66 0.661 0.66 0.661 0.661 0.661 0.659 0.661 0.661 0.661 0.667 0.669 0.67 0.672 0.677 0.677 0.678 0.683 0.685 0.687 0.689 0.693 0.693 0.7 0.703 1.294 1.302 1.306 1.306 1.309 1.309 1.31 1.312 1.314 1.321 1.323 1.329 1.331 1.331 1.335 1.344 1.344 1.358 1.364
